city,make,model,variant,mileage,make_year,price,fuel_type,no_of_owners,color,body_type,transmission,registration_year,car_age,make_model
delhi-ncr,hyundai,new i20,sportz 1.2 mt dual tone,80637,2021,556000,petrol,1,silver,hatchback,manual,2021,5,hyundai_new i20
delhi-ncr,maruti suzuki,vitara brezza,vxi,41189,2021,630000,petrol,2,red,suv,manual,2021,5,maruti suzuki_vitara brezza
delhi-ncr,honda,amaze,1.2 s mt petrol,17293,2018,506000,petrol,1,red,sedan,manual,2018,8,honda_amaze
delhi-ncr,datsun,redi-go,t,43941,2016,182000,petrol,2,grey,hatchback,manual,2018,10,datsun_redi-go
delhi-ncr,hyundai,creta,1.6 sx plus auto petrol,66029,2017,788000,petrol,1,white,suv,automatic,2017,9,hyundai_creta
delhi-ncr,maruti suzuki,wagon r,lxi cng,102528,2016,312000,cng,1,white,hatchback,manual,2016,10,maruti suzuki_wagon r
delhi-ncr,hyundai,grand i10,asta 1.2 kappa vtvt,20726,2017,462000,petrol,1,white,hatchback,manual,2017,9,hyundai_grand i10
delhi-ncr,tata,altroz,xz petrol,64430,2020,493000,petrol,2,grey,hatchback,manual,2020,6,tata_altroz
delhi-ncr,maruti suzuki,dzire,vxi amt,31215,2018,492000,petrol,2,grey,sedan,automatic,2018,8,maruti suzuki_dzire
delhi-ncr,honda,amaze,1.2 e mt petrol,26744,2019,461000,petrol,1,white,sedan,manual,2019,7,honda_amaze
delhi-ncr,tata,punch,adventure rhythm pack mt,49590,2021,528000,petrol,1,blue,suv,manual,2022,5,tata_punch
delhi-ncr,audi,a3,40 tfsi premium,33576,2015,1211858,petrol,1,blue,sedan,automatic,2015,11,audi_a3
delhi-ncr,maruti suzuki,ignis,delta 1.2 amt,28147,2018,418000,petrol,2,grey,hatchback,automatic,2019,8,maruti suzuki_ignis
delhi-ncr,maruti suzuki,wagon r,zxi plus 1.2 ags,24290,2022,584000,petrol,1,grey,hatchback,automatic,2022,4,maruti suzuki_wagon r
delhi-ncr,maruti suzuki,swift,lxi,17909,2023,566000,petrol,1,white,hatchback,manual,2023,3,maruti suzuki_swift
delhi-ncr,maruti suzuki,ciaz,alpha 1.5 at,5600,2024,1149283,petrol,1,blue,sedan,automatic,2024,2,maruti suzuki_ciaz
delhi-ncr,maruti suzuki,baleno,zeta 1.2,41910,2016,472000,petrol,1,silver,hatchback,manual,2016,10,maruti suzuki_baleno
delhi-ncr,mg motors,hector,sharp 1.5 petrol turbo hybrid mt,71294,2021,1237153,petrol,1,black,suv,manual,2021,5,mg motors_hector
delhi-ncr,maruti suzuki,ignis,zeta 1.2 mt,52923,2017,373000,petrol,2,grey,hatchback,manual,2017,9,maruti suzuki_ignis
delhi-ncr,tata,tiago,xz plus,24448,2021,547000,petrol,1,blue,hatchback,manual,2021,5,tata_tiago
delhi-ncr,maruti suzuki,baleno,zeta ags,29956,2022,723000,petrol,1,silver,hatchback,automatic,2022,4,maruti suzuki_baleno
delhi-ncr,audi,a6,45 tfsi premium plus,36555,2021,4029758,petrol,1,black,sedan,automatic,2021,5,audi_a6
delhi-ncr,maruti suzuki,ciaz,zeta 1.4 at,67603,2017,580000,petrol,2,blue,sedan,automatic,2017,9,maruti suzuki_ciaz
delhi-ncr,renault,triber,rxl,44645,2021,486000,petrol,1,silver,muv,manual,2021,5,renault_triber
delhi-ncr,jeep,compass,limited 1.4 petrol at,47358,2018,950000,petrol,2,black,suv,automatic,2018,8,jeep_compass
delhi-ncr,renault,kwid,rxl,27840,2018,275000,petrol,1,red,hatchback,manual,2018,8,renault_kwid
delhi-ncr,toyota,innova crysta,zx 2.7 at 7 str,26219,2022,2052125,petrol,1,black,muv,automatic,2022,4,toyota_innova crysta
delhi-ncr,maruti suzuki,wagon r 1.0,lxi cng (outside fitted),93109,2014,215000,cng,2,white,hatchback,manual,2014,12,maruti suzuki_wagon r 1.0
delhi-ncr,hyundai,grand i10,sportz 1.2 kappa vtvt,8596,2019,503000,petrol,1,silver,hatchback,manual,2019,7,hyundai_grand i10
delhi-ncr,maruti suzuki,swift,vxi amt,46342,2018,511000,petrol,1,blue,hatchback,automatic,2018,8,maruti suzuki_swift
delhi-ncr,maruti suzuki,ciaz,delta 1.4 mt,41137,2018,599000,petrol,1,grey,sedan,manual,2018,8,maruti suzuki_ciaz
delhi-ncr,nissan,magnite,xv premium turbo,39591,2022,744000,petrol,1,brown,suv,manual,2022,4,nissan_magnite
delhi-ncr,tata,tigor,revotron xz+,41659,2019,464000,petrol,1,blue,sedan,manual,2019,7,tata_tigor
delhi-ncr,maruti suzuki,baleno,zeta 1.2 at,46252,2016,492000,petrol,1,silver,hatchback,automatic,2016,10,maruti suzuki_baleno
delhi-ncr,maruti suzuki,swift,vxi amt,52223,2022,549000,petrol,2,grey,hatchback,automatic,2023,4,maruti suzuki_swift
delhi-ncr,hyundai,elite i20,sportz plus 1.2 cvt,33688,2019,518000,petrol,3,grey,hatchback,automatic,2019,7,hyundai_elite i20
delhi-ncr,mercedes-benz,gla,200,53446,2022,3484358,petrol,1,blue,suv,automatic,2022,4,mercedes-benz_gla
delhi-ncr,maruti suzuki,ciaz,alpha 1.5 at,50870,2021,781000,petrol,2,blue,sedan,automatic,2021,5,maruti suzuki_ciaz
delhi-ncr,maruti suzuki,ciaz,alpha 1.4 mt,67047,2017,592000,petrol,1,white,sedan,manual,2017,9,maruti suzuki_ciaz
delhi-ncr,renault,kwid,1.0 rxt amt opt,32764,2017,325000,petrol,1,grey,hatchback,automatic,2017,9,renault_kwid
delhi-ncr,audi,q3,technology,21088,2023,4039858,petrol,1,white,suv,automatic,2023,3,audi_q3
delhi-ncr,maruti suzuki,wagon r,lxi cng (o),32261,2019,428000,cng,1,grey,hatchback,manual,2019,7,maruti suzuki_wagon r
delhi-ncr,maruti suzuki,swift,vxi,17064,2023,639000,petrol,1,silver,hatchback,manual,2023,3,maruti suzuki_swift
delhi-ncr,hyundai,i20,asta 1.2 ivt,46763,2021,721000,petrol,1,blue,hatchback,automatic,2021,5,hyundai_i20
delhi-ncr,skoda,rapid,onyx,69734,2021,675000,petrol,1,blue,sedan,manual,2021,5,skoda_rapid
delhi-ncr,ford,ecosport,titanium + 1.5l ti-vct at,34269,2018,661000,petrol,2,red,suv,automatic,2018,8,ford_ecosport
delhi-ncr,hyundai,grand i10 nios,sportz 1.2 kappa vtvt,31203,2021,505000,petrol,2,white,hatchback,manual,2021,5,hyundai_grand i10 nios
delhi-ncr,maruti suzuki,ciaz,zxi,101591,2014,388000,petrol,1,white,sedan,manual,2014,12,maruti suzuki_ciaz
delhi-ncr,volkswagen,polo,highline plus 1.0 (p) 16 alloy,41048,2018,577000,petrol,1,red,hatchback,manual,2018,8,volkswagen_polo
delhi-ncr,volkswagen,polo,comfortline 1.2l (p),78462,2015,378000,petrol,1,white,hatchback,manual,2015,11,volkswagen_polo
delhi-ncr,maruti suzuki,celerio,zxi (o) amt,48501,2017,370000,petrol,2,grey,hatchback,automatic,2017,9,maruti suzuki_celerio
delhi-ncr,maruti suzuki,wagon r,vxi,50164,2014,273000,petrol,1,grey,hatchback,manual,2014,12,maruti suzuki_wagon r
delhi-ncr,jeep,compass,model s (o) 2.0 diesel,56613,2021,1615858,diesel,1,white,suv,manual,2022,5,jeep_compass
delhi-ncr,maruti suzuki,celerio,zxi amt,77364,2017,379000,petrol,1,grey,hatchback,automatic,2017,9,maruti suzuki_celerio
delhi-ncr,hyundai,creta,1.6 sx plus auto petrol,64535,2016,725000,petrol,1,white,suv,automatic,2016,10,hyundai_creta
delhi-ncr,tata,nexon,xma amt petrol,104710,2018,516000,petrol,1,white,suv,automatic,2018,8,tata_nexon
delhi-ncr,maruti suzuki,baleno,sigma mt,46070,2022,552000,petrol,1,blue,hatchback,manual,2022,4,maruti suzuki_baleno
delhi-ncr,hyundai,grand i10,sportz (o) 1.2 kappa vtvt,44911,2018,419000,petrol,2,red,hatchback,manual,2018,8,hyundai_grand i10
delhi-ncr,mahindra,scorpio n,z8 l petrol at 7 str,10923,2023,2042123,petrol,1,golden,suv,automatic,2023,3,mahindra_scorpio n
delhi-ncr,tata,tigor,revotron xm petrol+cng (outside fitted),80812,2019,393000,cng,1,blue,sedan,manual,2019,7,tata_tigor
delhi-ncr,tata,harrier,xza plus,57960,2021,1394713,diesel,1,white,suv,automatic,2021,5,tata_harrier
delhi-ncr,hyundai,creta,1.6l sx vtvt,40789,2019,825000,petrol,2,white,suv,manual,2019,7,hyundai_creta
delhi-ncr,tata,tiago,revotron xza plus dual tone,93329,2019,465000,petrol,1,grey,hatchback,automatic,2020,7,tata_tiago
delhi-ncr,maruti suzuki,ignis,sigma 1.2 mt,37555,2023,482000,petrol,1,grey,hatchback,manual,2023,3,maruti suzuki_ignis
delhi-ncr,kia,carens,luxury plus 1.4 petrol dct 7 str,68374,2022,1365378,petrol,1,blue,muv,automatic,2022,4,kia_carens
delhi-ncr,hyundai,grand i10,sportz 1.2 kappa vtvt,75973,2015,309000,petrol,2,white,hatchback,manual,2015,11,hyundai_grand i10
delhi-ncr,maruti suzuki,xl6,alpha at petrol,24138,2023,1267453,petrol,1,silver,muv,automatic,2023,3,maruti suzuki_xl6
delhi-ncr,honda,amaze,1.2 v cvt petrol,113609,2018,522000,petrol,1,silver,sedan,automatic,2018,8,honda_amaze
delhi-ncr,mercedes-benz,glc,300 progressive,68560,2018,2928858,petrol,2,blue,wagon,automatic,2018,8,mercedes-benz_glc
delhi-ncr,honda,city,1.5 v mt,79321,2012,319000,petrol,1,red,sedan,manual,2012,14,honda_city
delhi-ncr,maruti suzuki,ignis,alpha 1.2 mt,27080,2021,592000,petrol,1,blue,hatchback,manual,2021,5,maruti suzuki_ignis
delhi-ncr,jeep,compass,model s (o) diesel 4x4 at,52944,2021,1706758,diesel,1,grey,suv,automatic,2021,5,jeep_compass
delhi-ncr,renault,kiger,rxz turbo cvt,20391,2021,798000,petrol,1,silver,suv,automatic,2022,5,renault_kiger
delhi-ncr,tata,nexon,xm plus (s),49076,2022,736000,petrol,1,grey,suv,manual,2022,4,tata_nexon
delhi-ncr,kia,seltos,gtx plus at d,100645,2021,1243213,diesel,1,grey,suv,automatic,2021,5,kia_seltos
delhi-ncr,skoda,rapid,ambition,35212,2020,695000,petrol,1,brown,sedan,manual,2020,6,skoda_rapid
delhi-ncr,toyota,corolla altis,vl cvt petrol,120431,2018,902000,petrol,1,silver,sedan,automatic,2018,8,toyota_corolla altis
delhi-ncr,maruti suzuki,wagon r 1.0,vxi petrol + cng (outside fitted),54216,2016,324000,cng,1,grey,hatchback,manual,2016,10,maruti suzuki_wagon r 1.0
delhi-ncr,maruti suzuki,grand vitara,alpha plus intelligent hybrid ecvt,73549,2022,1492683,hybrid,1,blue,suv,automatic,2022,4,maruti suzuki_grand vitara
delhi-ncr,hyundai,creta,s 1.5 petrol imt,51411,2022,1047228,petrol,1,white,suv,manual,2022,4,hyundai_creta
delhi-ncr,kia,seltos,htk plus imt,18132,2022,1152313,petrol,1,red,suv,manual,2022,4,kia_seltos
delhi-ncr,kia,seltos,gtx plus 1.4,30425,2022,1439153,petrol,1,white,suv,manual,2022,4,kia_seltos
delhi-ncr,hyundai,venue,sx (o) 1.5 crdi executive,27968,2022,961000,diesel,1,white,suv,manual,2022,4,hyundai_venue
delhi-ncr,kia,sonet,gtx plus 1.0 dct,58007,2021,1049293,petrol,1,red,suv,automatic,2021,5,kia_sonet
delhi-ncr,kia,seltos,htk plus at d,45374,2020,978000,diesel,2,white,suv,automatic,2020,6,kia_seltos
delhi-ncr,renault,kwid,rxl,65291,2019,245000,petrol,2,grey,hatchback,manual,2019,7,renault_kwid
delhi-ncr,honda,city,zx cvt petrol,56001,2018,773000,petrol,2,grey,sedan,automatic,2018,8,honda_city
delhi-ncr,honda,city,vx cvt,109217,2016,578000,petrol,1,red,sedan,automatic,2016,10,honda_city
delhi-ncr,kia,sonet,htx 1.0 imt,21388,2021,881000,petrol,1,red,suv,manual,2021,5,kia_sonet
delhi-ncr,audi,a4,premium plus 40 tfsi,2472,2024,4039858,petrol,1,black,sedan,automatic,2024,2,audi_a4
delhi-ncr,hyundai,creta,1.6 sx plus auto petrol,82960,2016,706000,petrol,1,silver,suv,automatic,2016,10,hyundai_creta
delhi-ncr,jeep,compass,model s (o) diesel 4x4 at,46666,2021,1681508,diesel,1,black,suv,automatic,2021,5,jeep_compass
delhi-ncr,mahindra,xuv 3xo,ax5 1.5 diesel autoshift plus,23109,2024,1253268,diesel,1,black,suv,automatic,2024,2,mahindra_xuv 3xo
delhi-ncr,maruti suzuki,wagon r,lxi 1.0 cng,79754,2021,452000,cng,1,white,hatchback,manual,2021,5,maruti suzuki_wagon r
delhi-ncr,hyundai,elite i20,sportz 1.2,53890,2014,418000,petrol,1,red,hatchback,manual,2014,12,hyundai_elite i20
delhi-ncr,honda,city,zx cvt petrol,53201,2017,786000,petrol,1,silver,sedan,automatic,2017,9,honda_city
delhi-ncr,tata,tigor,xz plus cng,65015,2022,641000,cng,1,white,sedan,manual,2023,4,tata_tigor
delhi-ncr,mahindra,kuv100 nxt,k6+ 6 str,39472,2018,401000,petrol,1,red,crossover,manual,2018,8,mahindra_kuv100 nxt
delhi-ncr,hyundai,creta,1.6 sx plus petrol,87058,2016,670000,petrol,1,silver,suv,manual,2016,10,hyundai_creta
delhi-ncr,hyundai,grand i10,sportz 1.2 kappa vtvt,47225,2014,335000,petrol,1,red,hatchback,manual,2014,12,hyundai_grand i10
delhi-ncr,mercedes-benz,c-class,c 200 avantgarde,41783,2016,1817858,petrol,2,white,sedan,automatic,2016,10,mercedes-benz_c-class
delhi-ncr,maruti suzuki,wagon r,lxi,74379,2015,269000,petrol,1,silver,hatchback,manual,2015,11,maruti suzuki_wagon r
delhi-ncr,volkswagen,virtus,topline 1.0 tsi mt,37939,2024,1301793,petrol,1,red,sedan,manual,2024,2,volkswagen_virtus
delhi-ncr,maruti suzuki,ciaz,alpha 1.4 mt,20281,2017,624000,petrol,1,grey,sedan,manual,2017,9,maruti suzuki_ciaz
delhi-ncr,kia,seltos,htx plus at d,123881,2020,1097773,diesel,1,silver,suv,automatic,2020,6,kia_seltos
delhi-ncr,ford,ecosport,titanium 1.5l ti-vct,68754,2019,634000,petrol,1,white,suv,manual,2019,7,ford_ecosport
delhi-ncr,tata,altroz,xz petrol,65182,2020,540000,petrol,1,silver,hatchback,manual,2020,6,tata_altroz
delhi-ncr,honda,city,zx petrol,51896,2020,977000,petrol,1,silver,sedan,manual,2020,6,honda_city
delhi-ncr,hyundai,grand i10,magna 1.2 kappa vtvt,48793,2013,232000,petrol,3,beige,hatchback,manual,2013,13,hyundai_grand i10
delhi-ncr,skoda,kushaq,active 1.0 tsi mt,20279,2022,941000,petrol,1,orange,suv,manual,2022,4,skoda_kushaq
delhi-ncr,honda,city,sv cvt,84122,2014,485000,petrol,1,silver,sedan,automatic,2014,12,honda_city
delhi-ncr,maruti suzuki,xl6,zeta mt petrol,29154,2022,966000,petrol,1,blue,muv,manual,2022,4,maruti suzuki_xl6
delhi-ncr,hyundai,grand i10,sportz (o) 1.2 kappa vtvt,100868,2017,379000,petrol,1,silver,hatchback,manual,2017,9,hyundai_grand i10
delhi-ncr,hyundai,grand i10,sportz 1.2 kappa vtvt,69493,2018,424000,petrol,1,blue,hatchback,manual,2018,8,hyundai_grand i10
delhi-ncr,jeep,compass,sport 1.4 petrol,25533,2021,1262358,petrol,1,white,suv,manual,2021,5,jeep_compass
delhi-ncr,tata,nexon,xz plus (o),29431,2020,746000,petrol,2,blue,suv,manual,2020,6,tata_nexon
delhi-ncr,mahindra,xuv 300,w8 (o) petrol,20159,2022,979000,petrol,1,blue,suv,manual,2022,4,mahindra_xuv 300
delhi-ncr,maruti suzuki,celerio,zxi,84740,2014,278000,petrol,1,red,hatchback,manual,2014,12,maruti suzuki_celerio
delhi-ncr,renault,triber,rxl,29576,2021,493000,petrol,1,silver,muv,manual,2021,5,renault_triber
delhi-ncr,tata,altroz,xza plus petrol dark edtion,22502,2022,767000,petrol,1,black,hatchback,automatic,2022,4,tata_altroz
delhi-ncr,hyundai,creta,sx+ se,30723,2017,771000,petrol,1,white,suv,manual,2017,9,hyundai_creta
delhi-ncr,maruti suzuki,wagon r,vxi 1.0 ags,9799,2023,582000,petrol,1,silver,hatchback,automatic,2023,3,maruti suzuki_wagon r
delhi-ncr,hyundai,creta,1.6 sx plus petrol,75160,2015,617000,petrol,2,grey,suv,manual,2015,11,hyundai_creta
delhi-ncr,renault,kiger,rxz turbo cvt,35183,2023,872000,petrol,1,black,suv,automatic,2023,3,renault_kiger
delhi-ncr,maruti suzuki,swift,zxi,94065,2014,342000,petrol,1,grey,hatchback,manual,2014,12,maruti suzuki_swift
delhi-ncr,tata,nexon,xma (s) diesel,36951,2022,819000,diesel,1,grey,suv,automatic,2022,4,tata_nexon
delhi-ncr,maruti suzuki,swift,zxi amt,57854,2019,550000,petrol,1,grey,hatchback,automatic,2019,7,maruti suzuki_swift
delhi-ncr,maruti suzuki,baleno,delta,24105,2020,566000,petrol,1,grey,hatchback,manual,2020,6,maruti suzuki_baleno
delhi-ncr,volkswagen,vento,1.2l comfortline petrol at,68311,2016,516000,petrol,1,beige,sedan,automatic,2016,10,volkswagen_vento
delhi-ncr,maruti suzuki,swift,lxi (o),42376,2015,354000,petrol,1,grey,hatchback,manual,2015,11,maruti suzuki_swift
delhi-ncr,maruti suzuki,xl6,zeta mt petrol,17067,2022,976000,petrol,1,blue,muv,manual,2022,4,maruti suzuki_xl6
delhi-ncr,tata,altroz,xt petrol,88465,2021,544000,petrol,1,grey,hatchback,manual,2021,5,tata_altroz
delhi-ncr,maruti suzuki,ciaz,alpha hybrid 1.5 at,44227,2019,768000,petrol,1,grey,sedan,automatic,2019,7,maruti suzuki_ciaz
delhi-ncr,maruti suzuki,dzire,vxi,37016,2017,491000,petrol,1,brown,sedan,manual,2017,9,maruti suzuki_dzire
delhi-ncr,tata,nexon,xza plus (hs),27821,2022,847000,petrol,2,white,suv,automatic,2022,4,tata_nexon
delhi-ncr,hyundai,grand i10,sportz 1.2 kappa vtvt,94999,2015,299000,petrol,2,grey,hatchback,manual,2015,11,hyundai_grand i10
delhi-ncr,hyundai,xcent,e+ cng (outside fitted),46769,2018,411000,cng,1,grey,sedan,manual,2018,8,hyundai_xcent
delhi-ncr,honda,city,sv,100935,2015,437000,petrol,1,white,sedan,manual,2015,11,honda_city
delhi-ncr,bmw,3 series,gran limousine 330li luxury line,26502,2021,3736858,petrol,2,white,sedan,automatic,2022,5,bmw_3 series
delhi-ncr,mercedes-benz,e-class,e200 cgi,62827,2015,1666358,petrol,2,black,sedan,automatic,2016,11,mercedes-benz_e-class
delhi-ncr,honda,amaze,1.2 v cvt petrol,52435,2019,619000,petrol,1,white,sedan,automatic,2019,7,honda_amaze
delhi-ncr,ford,ecosport,titanium 1.5l ti-vct,73395,2019,631000,petrol,1,silver,suv,manual,2019,7,ford_ecosport
delhi-ncr,tata,nexon,xz plus (o),65854,2021,791000,petrol,1,green,suv,manual,2021,5,tata_nexon
delhi-ncr,maruti suzuki,s-cross,zeta,20096,2022,879000,petrol,1,silver,suv,manual,2022,4,maruti suzuki_s-cross
delhi-ncr,tata,tiago,revotron xza,46495,2018,374000,petrol,3,bronze,hatchback,automatic,2018,8,tata_tiago
delhi-ncr,honda,amaze,1.2 vx i-vtec,83765,2015,343000,petrol,2,silver,sedan,manual,2015,11,honda_amaze
delhi-ncr,hyundai,creta,sx+ se,47996,2017,716000,petrol,2,white,suv,manual,2017,9,hyundai_creta
delhi-ncr,mahindra,xuv 300,w8 amt (o) diesel,64871,2020,829000,diesel,1,white,suv,automatic,2020,6,mahindra_xuv 300
delhi-ncr,ford,ecosport,titanium 1.5l ti-vct at,106391,2016,512000,petrol,1,grey,suv,automatic,2016,10,ford_ecosport
delhi-ncr,maruti suzuki,ciaz,zeta 1.5 at,29754,2022,926000,petrol,1,grey,sedan,automatic,2022,4,maruti suzuki_ciaz
delhi-ncr,toyota,glanza,g amt,17615,2024,840000,petrol,1,white,hatchback,automatic,2024,2,toyota_glanza
delhi-ncr,honda,city,v,76671,2015,441000,petrol,2,brown,sedan,manual,2015,11,honda_city
delhi-ncr,ford,figo,trend 1.2 ti-vct,75793,2016,321000,petrol,1,white,hatchback,manual,2016,10,ford_figo
delhi-ncr,maruti suzuki,swift,vxi,65626,2017,419000,petrol,1,silver,hatchback,manual,2017,9,maruti suzuki_swift
delhi-ncr,volkswagen,taigun,highline 1.0 tsi at,33738,2022,1166424,petrol,1,white,suv,automatic,2022,4,volkswagen_taigun
delhi-ncr,honda,city,vx cvt,65217,2015,572000,petrol,1,silver,sedan,automatic,2015,11,honda_city
delhi-ncr,tata,altroz,xe 1.5,46309,2021,595000,diesel,1,white,hatchback,manual,2021,5,tata_altroz
delhi-ncr,maruti suzuki,wagon r,vxi,33376,2015,303000,petrol,1,grey,hatchback,manual,2015,11,maruti suzuki_wagon r
delhi-ncr,toyota,fortuner,2.7 2wd at petrol,81108,2018,2211758,petrol,1,silver,suv,automatic,2018,8,toyota_fortuner
delhi-ncr,toyota,fortuner,2.7 2wd mt petrol,41409,2016,1908758,petrol,2,white,suv,manual,2016,10,toyota_fortuner
delhi-ncr,hyundai,i10,magna 1.1 irde2,44475,2014,244000,petrol,2,grey,hatchback,manual,2014,12,hyundai_i10
delhi-ncr,hyundai,creta,1.6 sx plus auto petrol,98020,2017,780000,petrol,1,grey,suv,automatic,2017,9,hyundai_creta
delhi-ncr,volkswagen,polo,comfortline 1.0l (p),68859,2019,459000,petrol,2,grey,hatchback,manual,2019,7,volkswagen_polo
delhi-ncr,hyundai,grand i10,sportz 1.2 kappa vtvt,63993,2017,381000,petrol,2,silver,hatchback,manual,2017,9,hyundai_grand i10
delhi-ncr,honda,amaze,vx cvt 1.2 petrol,17246,2023,843000,petrol,1,grey,sedan,automatic,2023,3,honda_amaze
delhi-ncr,honda,amaze,1.2 s i-vtec,59566,2015,320000,petrol,1,grey,sedan,manual,2015,11,honda_amaze
delhi-ncr,hyundai,i20,asta (o) 1.2 ivt,19991,2023,924000,petrol,1,grey,hatchback,automatic,2023,3,hyundai_i20
delhi-ncr,kia,sonet,htx 1.0 imt,38441,2021,785000,petrol,2,white,suv,manual,2021,5,kia_sonet
delhi-ncr,hyundai,venue,sx plus 1.0 turbo dct,41735,2020,865000,petrol,1,white,suv,automatic,2020,6,hyundai_venue
delhi-ncr,maruti suzuki,ciaz,zeta 1.5,26507,2022,822000,petrol,1,blue,sedan,manual,2022,4,maruti suzuki_ciaz
delhi-ncr,hyundai,grand i10,asta 1.2 kappa vtvt,63968,2017,434000,petrol,1,white,hatchback,manual,2017,9,hyundai_grand i10
delhi-ncr,kia,sonet,gtx plus 1.0 dct,40732,2020,957000,petrol,1,red,suv,automatic,2020,6,kia_sonet
delhi-ncr,kia,sonet,htx plus 1.0 imt,14459,2021,994000,petrol,1,black,suv,manual,2021,5,kia_sonet
delhi-ncr,hyundai,elite i20,magna plus 1.2,24719,2019,555000,petrol,1,white,hatchback,manual,2019,7,hyundai_elite i20
delhi-ncr,maruti suzuki,ciaz,delta 1.4 mt,80190,2018,552000,petrol,1,silver,sedan,manual,2018,8,maruti suzuki_ciaz
delhi-ncr,maruti suzuki,ciaz,zxi,55865,2015,445000,petrol,2,white,sedan,manual,2015,11,maruti suzuki_ciaz
delhi-ncr,tata,tiago,xt,21606,2023,549000,petrol,1,grey,hatchback,manual,2023,3,tata_tiago
delhi-ncr,maruti suzuki,wagon r,lxi,69063,2013,208000,petrol,2,red,hatchback,manual,2013,13,maruti suzuki_wagon r
delhi-ncr,hyundai,xcent,s 1.2 (o),64493,2014,339000,petrol,1,white,sedan,manual,2014,12,hyundai_xcent
delhi-ncr,honda,city,zx cvt petrol,38603,2019,883000,petrol,1,white,sedan,automatic,2019,7,honda_city
delhi-ncr,renault,kiger,rxz amt,28133,2022,624000,petrol,2,brown,suv,automatic,2022,4,renault_kiger
delhi-ncr,honda,city,zx petrol,60236,2020,965000,petrol,1,white,sedan,manual,2020,6,honda_city
delhi-ncr,maruti suzuki,s-cross,zeta,60557,2021,733000,petrol,1,blue,suv,manual,2021,5,maruti suzuki_s-cross
delhi-ncr,volkswagen,cross polo,1.2 mpi highline,53344,2016,429394,petrol,2,silver,crossover,manual,2016,10,volkswagen_cross polo
delhi-ncr,hyundai,venue,sx (o) 1.0 turbo imt,45075,2022,972000,petrol,1,white,suv,manual,2022,4,hyundai_venue
delhi-ncr,kia,sonet,gtx plus 1.0 dct,48269,2020,990000,petrol,1,red,suv,automatic,2020,6,kia_sonet
delhi-ncr,tata,tigor,xz plus cng,15016,2022,733000,cng,1,white,sedan,manual,2022,4,tata_tigor
delhi-ncr,hyundai,new santro 1.1,sportz mt,73230,2019,398000,petrol,1,grey,hatchback,manual,2019,7,hyundai_new santro 1.1
delhi-ncr,renault,kwid,climber 1.0 amt,54659,2018,309000,petrol,2,blue,hatchback,automatic,2018,8,renault_kwid
delhi-ncr,ford,ecosport,titanium plus 1.5l ti-vct at,33195,2021,911000,petrol,1,orange,suv,automatic,2021,5,ford_ecosport
delhi-ncr,maruti suzuki,xl6,zeta mt petrol,23498,2022,979000,petrol,1,white,muv,manual,2022,4,maruti suzuki_xl6
delhi-ncr,honda,jazz,v petrol,115016,2017,403000,petrol,1,red,hatchback,manual,2018,9,honda_jazz
delhi-ncr,hyundai,grand i10,sportz 1.2 kappa vtvt,64407,2015,328000,petrol,1,grey,hatchback,manual,2015,11,hyundai_grand i10
delhi-ncr,honda,elevate,zx mt,8704,2024,1453293,petrol,1,white,suv,manual,2024,2,honda_elevate
delhi-ncr,honda,jazz,vx petrol,63347,2017,460000,petrol,1,black,hatchback,manual,2017,9,honda_jazz
delhi-ncr,honda,wr-v,vx mt petrol,46721,2017,540000,petrol,2,grey,suv,manual,2017,9,honda_wr-v
delhi-ncr,hyundai,grand i10,sportz 1.2 kappa vtvt,50612,2017,426000,petrol,1,grey,hatchback,manual,2017,9,hyundai_grand i10
delhi-ncr,kia,seltos,htx 1.5,38101,2021,1056363,petrol,2,black,suv,manual,2021,5,kia_seltos
delhi-ncr,honda,city,vx cvt,64004,2015,594000,petrol,1,green,sedan,automatic,2015,11,honda_city
delhi-ncr,hyundai,venue,sx 1.5 crdi,63767,2021,783000,diesel,1,blue,suv,manual,2021,5,hyundai_venue
delhi-ncr,hyundai,grand i10,sportz 1.2 kappa vtvt,63582,2013,300000,petrol,1,maroon,hatchback,manual,2013,13,hyundai_grand i10
delhi-ncr,hyundai,creta,1.6 sx plus auto petrol,80987,2017,758000,petrol,1,white,suv,automatic,2017,9,hyundai_creta
delhi-ncr,honda,amaze,1.2 vx i-vtec,63935,2015,374000,petrol,1,red,sedan,manual,2015,11,honda_amaze
delhi-ncr,maruti suzuki,ignis,zeta 1.2 amt,52723,2020,509000,petrol,1,grey,hatchback,automatic,2020,6,maruti suzuki_ignis
delhi-ncr,kia,seltos,htx g,27802,2022,1241193,petrol,1,black,suv,manual,2022,4,kia_seltos
delhi-ncr,honda,city,vx cvt,56851,2015,583000,petrol,1,red,sedan,automatic,2015,11,honda_city
delhi-ncr,honda,city,vx,40375,2016,579000,petrol,1,brown,sedan,manual,2016,10,honda_city
delhi-ncr,maruti suzuki,dzire,zxi,39201,2022,651000,petrol,1,grey,sedan,manual,2022,4,maruti suzuki_dzire
delhi-ncr,hyundai,venue,sx plus 1.0 turbo dct,38698,2020,879000,petrol,1,blue,suv,automatic,2020,6,hyundai_venue
delhi-ncr,hyundai,alcazar,platinum 7 str 1.5 diesel,36104,2022,1527023,diesel,1,white,suv,manual,2022,4,hyundai_alcazar
delhi-ncr,honda,city,zx cvt petrol,72312,2017,751000,petrol,1,silver,sedan,automatic,2017,9,honda_city
delhi-ncr,maruti suzuki,celerio,vxi amt,83263,2014,271000,petrol,2,red,hatchback,automatic,2014,12,maruti suzuki_celerio
delhi-ncr,renault,kwid,rxl,16724,2019,316000,petrol,1,bronze,hatchback,manual,2020,7,renault_kwid
delhi-ncr,renault,duster,rxl petrol,52437,2013,359000,petrol,1,white,suv,manual,2013,13,renault_duster
delhi-ncr,tata,punch,accomplished mt,20076,2024,731000,petrol,1,grey,suv,manual,2024,2,tata_punch
delhi-ncr,kia,seltos,htk 1.5,20901,2021,936000,petrol,1,red,suv,manual,2021,5,kia_seltos
delhi-ncr,hyundai,creta,1.6 sx plus auto petrol,90948,2017,743000,petrol,1,grey,suv,automatic,2017,9,hyundai_creta
delhi-ncr,honda,city,vx cvt,74127,2014,499000,petrol,2,white,sedan,automatic,2014,12,honda_city
delhi-ncr,tata,altroz,xt petrol,61761,2020,509000,petrol,1,red,hatchback,manual,2020,6,tata_altroz
delhi-ncr,kia,sonet,htx plus 1.0 imt,28654,2022,1051284,petrol,1,red,suv,manual,2022,4,kia_sonet
delhi-ncr,honda,jazz,v petrol,66979,2016,417000,petrol,1,brown,hatchback,manual,2016,10,honda_jazz
delhi-ncr,hyundai,grand i10,sportz 1.2 kappa vtvt,24411,2019,494000,petrol,1,grey,hatchback,manual,2019,7,hyundai_grand i10
delhi-ncr,maruti suzuki,brezza,zxi at,14512,2022,1115908,petrol,1,white,suv,automatic,2022,4,maruti suzuki_brezza
delhi-ncr,hyundai,grand i10,asta at 1.2 kappa vtvt,72699,2014,369000,petrol,1,silver,hatchback,automatic,2014,12,hyundai_grand i10
delhi-ncr,honda,jazz,v at petrol,69773,2015,424000,petrol,1,red,hatchback,automatic,2015,11,honda_jazz
delhi-ncr,honda,city,1.5 v mt,112842,2012,309000,petrol,1,maroon,sedan,manual,2012,14,honda_city
delhi-ncr,kia,seltos,gtx plus,69263,2019,1165398,petrol,1,white,suv,manual,2019,7,kia_seltos
delhi-ncr,hyundai,i10,era 1.1 irde2,26896,2014,256000,petrol,1,white,hatchback,manual,2014,12,hyundai_i10
delhi-ncr,volkswagen,taigun,topline 1.0 tsi at,77145,2022,1231093,petrol,1,grey,suv,automatic,2022,4,volkswagen_taigun
delhi-ncr,hyundai,verna,sx (o) 1.6 vtvt at,66827,2017,813000,petrol,1,grey,sedan,automatic,2018,9,hyundai_verna
delhi-ncr,volkswagen,polo,allstar 1.2 (p),90376,2016,353000,petrol,3,red,hatchback,manual,2016,10,volkswagen_polo
delhi-ncr,hyundai,creta,1.6 sx at vtvt,47455,2018,767000,petrol,3,white,suv,automatic,2018,8,hyundai_creta
delhi-ncr,tata,tiago,revotron xz,79204,2017,331000,petrol,2,orange,hatchback,manual,2017,9,tata_tiago
delhi-ncr,maruti suzuki,s-cross,alpha at,61424,2022,958000,petrol,1,blue,suv,automatic,2022,4,maruti suzuki_s-cross
delhi-ncr,honda,amaze,vx cvt 1.2 petrol,34244,2022,761000,petrol,1,grey,sedan,automatic,2022,4,honda_amaze
delhi-ncr,mahindra,thar,lx hard top petrol at 4wd,46922,2021,1243115,petrol,1,red,suv,automatic,2021,5,mahindra_thar
delhi-ncr,hyundai,venue,sx 1.0 turbo,42518,2021,751000,petrol,2,blue,suv,manual,2021,5,hyundai_venue
delhi-ncr,maruti suzuki,celerio,zxi amt,66241,2018,411000,petrol,1,grey,hatchback,automatic,2018,8,maruti suzuki_celerio
delhi-ncr,kia,seltos,htx g,55679,2020,1058383,petrol,1,grey,suv,manual,2020,6,kia_seltos
delhi-ncr,renault,kiger,rxz amt dual tone,56311,2021,593000,petrol,1,blue,suv,automatic,2021,5,renault_kiger
delhi-ncr,maruti suzuki,ciaz,alpha 1.4 mt,83325,2017,583000,petrol,1,blue,sedan,manual,2017,9,maruti suzuki_ciaz
delhi-ncr,honda,jazz,v petrol,100231,2016,358000,petrol,2,silver,hatchback,manual,2016,10,honda_jazz
delhi-ncr,maruti suzuki,wagon r 1.0,lxi cng,104044,2017,342000,petrol+cng,1,white,hatchback,manual,2017,9,maruti suzuki_wagon r 1.0
delhi-ncr,maruti suzuki,ignis,delta 1.2 mt,10236,2024,591000,petrol,1,white,hatchback,manual,2024,2,maruti suzuki_ignis
delhi-ncr,tata,nexon,xz plus,35258,2021,794000,petrol,1,red,suv,manual,2021,5,tata_nexon
delhi-ncr,tata,punch,creative dual tone,30940,2022,714000,petrol,1,green,suv,manual,2022,4,tata_punch
delhi-ncr,hyundai,grand i10,sportz 1.2 kappa vtvt,84265,2017,354000,petrol,2,grey,hatchback,manual,2017,9,hyundai_grand i10
delhi-ncr,maruti suzuki,baleno,zeta 1.2,41000,2015,446000,petrol,1,silver,hatchback,manual,2015,11,maruti suzuki_baleno
delhi-ncr,honda,city,vx cvt,76259,2015,551000,petrol,1,grey,sedan,automatic,2015,11,honda_city
delhi-ncr,maruti suzuki,vitara brezza,zxi plus,45625,2022,878000,petrol,1,white,suv,manual,2022,4,maruti suzuki_vitara brezza
delhi-ncr,tata,altroz,xza plus (o) (s),34297,2023,831000,petrol,1,blue,hatchback,automatic,2023,3,tata_altroz
delhi-ncr,maruti suzuki,ciaz,vxi+,44222,2016,464000,petrol,1,brown,sedan,manual,2016,10,maruti suzuki_ciaz
delhi-ncr,renault,duster,rxs cvt,58769,2019,623000,petrol,1,bronze,suv,automatic,2019,7,renault_duster
delhi-ncr,ford,ecosport,titanium 1.5 ti-vct at,79037,2015,460000,petrol,2,black,suv,automatic,2015,11,ford_ecosport
delhi-ncr,ford,ecosport,titanium + 1.5l ti-vct at,70160,2018,671000,petrol,1,white,suv,automatic,2018,8,ford_ecosport
delhi-ncr,honda,city,zx cvt petrol,51109,2017,794000,petrol,1,grey,sedan,automatic,2017,9,honda_city
delhi-ncr,hyundai,grand i10,sportz 1.2 kappa vtvt,20378,2014,347000,petrol,1,silver,hatchback,manual,2014,12,hyundai_grand i10
delhi-ncr,maruti suzuki,grand vitara,alpha plus intelligent hybrid ecvt,32196,2023,1645148,hybrid,1,black,suv,automatic,2023,3,maruti suzuki_grand vitara
delhi-ncr,kia,sonet,gtx plus 1.0 dct,15148,2021,1137134,petrol,1,black,suv,automatic,2021,5,kia_sonet
delhi-ncr,volkswagen,taigun,highline 1.0 tsi at,54908,2022,1083604,petrol,1,grey,suv,automatic,2022,4,volkswagen_taigun
delhi-ncr,honda,amaze,1.2 vx mt petrol,89711,2019,545000,petrol,1,white,sedan,manual,2019,7,honda_amaze
delhi-ncr,honda,amaze,1.2 ex i-vtec,59495,2013,272000,petrol,1,silver,sedan,manual,2013,13,honda_amaze
delhi-ncr,honda,jazz,v petrol,100149,2016,399000,petrol,1,red,hatchback,manual,2016,10,honda_jazz
delhi-ncr,maruti suzuki,ciaz,alpha 1.4 at,29828,2017,646000,petrol,2,black,sedan,automatic,2017,9,maruti suzuki_ciaz
delhi-ncr,hyundai,elite i20,sportz 1.2,45750,2017,471000,petrol,2,white,hatchback,manual,2017,9,hyundai_elite i20
delhi-ncr,tata,altroz,xz 1.5,61708,2021,683000,diesel,1,grey,hatchback,manual,2021,5,tata_altroz
delhi-ncr,tata,punch,accomplished mt,37533,2022,622000,petrol,1,white,suv,manual,2022,4,tata_punch
delhi-ncr,skoda,kushaq,ambition 1.0l tsi at,100305,2022,1095753,petrol,1,white,suv,automatic,2023,4,skoda_kushaq
delhi-ncr,tata,nexon,xz petrol,25341,2019,684000,petrol,1,grey,suv,manual,2019,7,tata_nexon
delhi-ncr,maruti suzuki,ciaz,zxi+,89024,2015,458000,petrol,1,brown,sedan,manual,2015,11,maruti suzuki_ciaz
delhi-ncr,hyundai,creta,1.6 sx opt vtvt,49217,2018,912000,petrol,1,white,suv,manual,2018,8,hyundai_creta
delhi-ncr,renault,kiger,rxz turbo cvt,28006,2022,717000,petrol,2,black,suv,automatic,2023,4,renault_kiger
delhi-ncr,ford,ecosport,titanium 1.5l ti-vct,32751,2017,514000,petrol,2,white,suv,manual,2017,9,ford_ecosport
delhi-ncr,maruti suzuki,swift,zxi,60191,2012,295000,petrol,1,white,hatchback,manual,2012,14,maruti suzuki_swift
delhi-ncr,ford,ecosport,titanium + 1.5l ti-vct at,103221,2018,660000,petrol,1,grey,suv,automatic,2018,8,ford_ecosport
delhi-ncr,toyota,innova crysta,zx 2.7 at 7 str,54175,2022,1958293,petrol,1,grey,muv,automatic,2022,4,toyota_innova crysta
delhi-ncr,tata,tiago,xz,57935,2020,444000,petrol,1,grey,hatchback,manual,2020,6,tata_tiago
delhi-ncr,honda,amaze,1.2 s i-vtec,92795,2015,327000,petrol,1,grey,sedan,manual,2015,11,honda_amaze
delhi-ncr,maruti suzuki,baleno,sigma mt,17620,2024,636000,petrol,1,grey,hatchback,manual,2024,2,maruti suzuki_baleno
delhi-ncr,tata,tigor,xz plus,20979,2023,675000,petrol,1,grey,sedan,manual,2023,3,tata_tigor
delhi-ncr,hyundai,grand i10 nios,sportz 1.2 kappa vtvt,48666,2020,520000,petrol,1,blue,hatchback,manual,2020,6,hyundai_grand i10 nios
delhi-ncr,hyundai,venue,sx 1.2 petrol,28130,2022,893000,petrol,1,white,suv,manual,2022,4,hyundai_venue
delhi-ncr,nissan,magnite,xl,23860,2022,573000,petrol,1,black,suv,manual,2022,4,nissan_magnite
delhi-ncr,maruti suzuki,fronx,alpha 1.0l turbo 6 at,7972,2024,1157000,petrol,2,grey,suv,automatic,2024,2,maruti suzuki_fronx
delhi-ncr,honda,city,sv,112883,2015,392000,petrol,2,brown,sedan,manual,2015,11,honda_city
delhi-ncr,renault,kiger,rxz turbo cvt,43374,2021,770000,petrol,1,brown,suv,automatic,2021,5,renault_kiger
delhi-ncr,hyundai,venue,sx 1.0 turbo,44442,2021,780000,petrol,1,white,suv,manual,2021,5,hyundai_venue
delhi-ncr,hyundai,creta,1.6l sx vtvt,57727,2019,856000,petrol,1,white,suv,manual,2019,7,hyundai_creta
delhi-ncr,ford,ecosport,titanium 1.0 ecoboost,98724,2014,411000,petrol,1,white,suv,manual,2014,12,ford_ecosport
delhi-ncr,renault,triber,rxl,40851,2020,450000,petrol,1,red,muv,manual,2020,6,renault_triber
delhi-ncr,honda,city,v,76694,2015,441000,petrol,2,silver,sedan,manual,2015,11,honda_city
delhi-ncr,ford,ecosport,titanium 1.0 ecoboost,67477,2014,405000,petrol,1,grey,suv,manual,2014,12,ford_ecosport
delhi-ncr,tata,tiago,xz plus cng,21344,2023,697000,cng,1,grey,hatchback,manual,2024,3,tata_tiago
delhi-ncr,maruti suzuki,wagon r,vxi 1.0,23149,2023,489000,petrol,1,grey,hatchback,manual,2023,3,maruti suzuki_wagon r
delhi-ncr,hyundai,creta,1.6 sx plus auto petrol,73001,2017,775000,petrol,1,silver,suv,automatic,2017,9,hyundai_creta
delhi-ncr,maruti suzuki,ciaz,alpha 1.5,39245,2021,827000,petrol,1,grey,sedan,manual,2021,5,maruti suzuki_ciaz
delhi-ncr,hyundai,aura,sx 1.2 cng,30292,2023,712000,cng,1,grey,sedan,manual,2023,3,hyundai_aura
delhi-ncr,kia,seltos,htx plus d,84590,2020,1104000,diesel,1,silver,suv,manual,2021,6,kia_seltos
delhi-ncr,maruti suzuki,swift,vxi,34425,2022,587000,petrol,1,white,hatchback,manual,2022,4,maruti suzuki_swift
delhi-ncr,maruti suzuki,baleno,alpha 1.2 at,36420,2018,561000,petrol,2,silver,hatchback,automatic,2018,8,maruti suzuki_baleno
delhi-ncr,tata,nexon,xza plus (hs),26908,2022,961000,petrol,1,grey,suv,automatic,2022,4,tata_nexon
delhi-ncr,renault,kwid,rxl,36394,2021,351000,petrol,1,red,hatchback,manual,2021,5,renault_kwid
delhi-ncr,maruti suzuki,ciaz,zxi,64304,2015,442000,petrol,2,brown,sedan,manual,2015,11,maruti suzuki_ciaz
delhi-ncr,maruti suzuki,ignis,delta 1.2 mt,32295,2022,514000,petrol,1,grey,hatchback,manual,2022,4,maruti suzuki_ignis
delhi-ncr,renault,kiger,rxz turbo cvt,40051,2022,809000,petrol,1,black,suv,automatic,2023,4,renault_kiger
delhi-ncr,tata,punch,adventure amt,5360,2024,726000,petrol,1,white,suv,automatic,2024,2,tata_punch
delhi-ncr,hyundai,venue,sx 1.0 (o) turbo imt,56752,2020,839000,petrol,1,blue,suv,manual,2020,6,hyundai_venue
delhi-ncr,hyundai,venue,sx 1.0 (o) petrol,77729,2019,653000,petrol,2,white,suv,manual,2019,7,hyundai_venue
delhi-ncr,maruti suzuki,xl6,zeta mt cng,23850,2024,1166453,cng,1,blue,muv,manual,2024,2,maruti suzuki_xl6
delhi-ncr,hyundai,grand i10,sportz 1.2 kappa vtvt,10855,2018,472000,petrol,1,red,hatchback,manual,2018,8,hyundai_grand i10
delhi-ncr,ford,ecosport,titanium 1.5 ti-vct at,46450,2014,468000,petrol,1,silver,suv,automatic,2014,12,ford_ecosport
delhi-ncr,tata,tiago,xz plus cng,24064,2022,631000,cng,1,white,hatchback,manual,2022,4,tata_tiago
delhi-ncr,hyundai,elite i20,asta 1.2,63058,2015,455000,petrol,1,red,hatchback,manual,2016,11,hyundai_elite i20
delhi-ncr,maruti suzuki,s-cross,zeta,21365,2020,758000,petrol,1,white,suv,manual,2020,6,maruti suzuki_s-cross
delhi-ncr,honda,city,vx cvt,87929,2015,583000,petrol,1,maroon,sedan,automatic,2015,11,honda_city
delhi-ncr,hyundai,grand i10,sportz 1.2 kappa vtvt dual tone,49998,2018,450000,petrol,1,red,hatchback,manual,2018,8,hyundai_grand i10
delhi-ncr,honda,amaze,1.2 v mt petrol,121793,2020,553000,petrol,1,red,sedan,manual,2020,6,honda_amaze
delhi-ncr,kia,sonet,gtx plus 1.0 dct,70559,2022,1063404,petrol,1,black,suv,automatic,2022,4,kia_sonet
delhi-ncr,hyundai,xcent,sx  petrol+cng (outside fitted),45351,2020,578000,cng,1,grey,sedan,manual,2020,6,hyundai_xcent
delhi-ncr,hyundai,new santro 1.1,sportz executive cng,84628,2022,490000,petrol+cng,1,grey,hatchback,manual,2022,4,hyundai_new santro 1.1
delhi-ncr,ford,ecosport,s petrol,65176,2019,707000,petrol,1,white,suv,manual,2019,7,ford_ecosport
delhi-ncr,honda,city,v,45789,2015,518000,petrol,1,red,sedan,manual,2015,11,honda_city
delhi-ncr,hyundai,venue,sx 1.0 (o) turbo imt,14592,2020,883000,petrol,1,blue,suv,manual,2020,6,hyundai_venue
delhi-ncr,honda,amaze,vx mt 1.2 petrol,18636,2022,720000,petrol,1,grey,sedan,manual,2022,4,honda_amaze
delhi-ncr,maruti suzuki,baleno,zeta 1.2 at,69858,2017,477000,petrol,2,silver,hatchback,automatic,2017,9,maruti suzuki_baleno
delhi-ncr,renault,kwid,rxt 1.0 sce edition,45108,2016,270000,petrol,1,grey,hatchback,manual,2016,10,renault_kwid
delhi-ncr,maruti suzuki,brezza,zxi plus,32494,2022,1069448,petrol,1,red,suv,manual,2022,4,maruti suzuki_brezza
delhi-ncr,hyundai,verna,fluidic 1.6 vtvt sx opt,40576,2012,349000,petrol,1,violet,sedan,manual,2012,14,hyundai_verna
delhi-ncr,maruti suzuki,swift,zxi amt,25656,2022,711000,petrol,1,silver,hatchback,automatic,2022,4,maruti suzuki_swift
delhi-ncr,maruti suzuki,baleno,alpha 1.2,45884,2017,518000,petrol,1,blue,hatchback,manual,2017,9,maruti suzuki_baleno
delhi-ncr,maruti suzuki,swift dzire,vxi,65317,2014,307000,petrol,2,blue,sedan,manual,2014,12,maruti suzuki_swift dzire
delhi-ncr,renault,kwid,1.0 rxl amt,58171,2017,250000,petrol,2,silver,hatchback,automatic,2017,9,renault_kwid
delhi-ncr,kia,sonet,htx 1.0 imt,29303,2021,771000,petrol,2,black,suv,manual,2021,5,kia_sonet
delhi-ncr,hyundai,eon,magna +,45475,2014,235000,petrol,1,white,hatchback,manual,2015,12,hyundai_eon
delhi-ncr,maruti suzuki,s-cross,alpha at,55032,2021,959000,petrol,1,silver,suv,automatic,2021,5,maruti suzuki_s-cross
delhi-ncr,hyundai,venue,sx (o) 1.5 crdi,58211,2023,1106863,diesel,1,white,suv,manual,2023,3,hyundai_venue
delhi-ncr,maruti suzuki,s-presso,vxi (o) amt,1175,2025,548000,petrol,1,silver,hatchback,automatic,2025,1,maruti suzuki_s-presso
delhi-ncr,hyundai,elite i20,sportz 1.2,47583,2015,412000,petrol,2,silver,hatchback,manual,2015,11,hyundai_elite i20
delhi-ncr,hyundai,grand i10 nios,sportz 1.2 kappa vtvt cng,12336,2022,670000,cng,1,grey,hatchback,manual,2022,4,hyundai_grand i10 nios
delhi-ncr,renault,kiger,rxt (o) amt,23076,2022,623000,petrol,1,white,suv,automatic,2022,4,renault_kiger
delhi-ncr,hyundai,verna,fluidic 1.6 vtvt sx opt at,115167,2012,403000,petrol,1,grey,sedan,automatic,2012,14,hyundai_verna
delhi-ncr,hyundai,venue,s plus 1.2 petrol,28815,2022,786000,petrol,1,grey,suv,manual,2022,4,hyundai_venue
delhi-ncr,maruti suzuki,wagon r,lxi,34286,2013,210000,petrol,1,white,hatchback,manual,2013,13,maruti suzuki_wagon r
delhi-ncr,maruti suzuki,swift,vxi,60098,2014,317000,petrol,1,grey,hatchback,manual,2014,12,maruti suzuki_swift
delhi-ncr,hyundai,xcent,s 1.2,79026,2014,288000,petrol,2,silver,sedan,manual,2014,12,hyundai_xcent
delhi-ncr,tata,nexon,xz plus (o),44290,2021,856000,petrol,1,grey,suv,manual,2021,5,tata_nexon
delhi-ncr,hyundai,xcent,s 1.2,75401,2014,319000,petrol,1,silver,sedan,manual,2014,12,hyundai_xcent
delhi-ncr,hyundai,fluidic verna 4s,1.6 vtvt sx,65237,2015,531000,petrol,1,grey,sedan,manual,2015,11,hyundai_fluidic verna 4s
delhi-ncr,nissan,micra,xl cvt,81674,2017,319000,petrol,2,white,hatchback,automatic,2017,9,nissan_micra
delhi-ncr,hyundai,elite i20,asta 1.2,27300,2015,478000,petrol,1,red,hatchback,manual,2015,11,hyundai_elite i20
delhi-ncr,hyundai,elite i20,sportz 1.2,62772,2017,451000,petrol,2,red,hatchback,manual,2017,9,hyundai_elite i20
delhi-ncr,maruti suzuki,s-cross,zeta,57193,2022,820000,petrol,1,silver,suv,manual,2022,4,maruti suzuki_s-cross
delhi-ncr,honda,amaze,1.2 s i-vtec,97370,2013,273000,petrol,1,red,sedan,manual,2013,13,honda_amaze
delhi-ncr,mahindra,thar,lx hard top petrol at 4wd,38863,2021,1249175,petrol,1,grey,suv,automatic,2021,5,mahindra_thar
delhi-ncr,hyundai,creta n-line,n10 1.5 turbo mt,6368,2024,1839113,petrol,1,black,suv,manual,2024,2,hyundai_creta n-line
delhi-ncr,datsun,redi-go,s (o),18837,2016,221000,petrol,1,red,hatchback,manual,2016,10,datsun_redi-go
delhi-ncr,honda,amaze,1.2 vx i-vtec,89233,2015,326000,petrol,2,brown,sedan,manual,2015,11,honda_amaze
delhi-ncr,maruti suzuki,vitara brezza,zdi plus  dual tone,64749,2020,731000,diesel,1,red,suv,manual,2020,6,maruti suzuki_vitara brezza
delhi-ncr,maruti suzuki,swift,lxi (o),56055,2015,347000,petrol,1,grey,hatchback,manual,2015,11,maruti suzuki_swift
delhi-ncr,honda,city,sv cvt,63951,2014,494000,petrol,1,silver,sedan,automatic,2014,12,honda_city
delhi-ncr,hyundai,grand i10,asta 1.2 kappa vtvt (o),101940,2015,349000,petrol,1,grey,hatchback,manual,2015,11,hyundai_grand i10
delhi-ncr,tata,tiago,xt cng,44111,2022,569000,cng,1,grey,hatchback,manual,2022,4,tata_tiago
delhi-ncr,renault,duster,rxz 1.5 petrol mt,61167,2021,713000,petrol,1,grey,suv,manual,2021,5,renault_duster
delhi-ncr,maruti suzuki,wagon r,lxi,19381,2018,351000,petrol,1,silver,hatchback,manual,2018,8,maruti suzuki_wagon r
delhi-ncr,honda,city,vx petrol,75860,2017,641000,petrol,1,grey,sedan,manual,2017,9,honda_city
delhi-ncr,skoda,slavia,ambition 1.0l tsi mt,29767,2022,931000,petrol,2,silver,sedan,manual,2022,4,skoda_slavia
delhi-ncr,hyundai,grand i10,asta at 1.2 kappa vtvt,60944,2015,402000,petrol,1,white,hatchback,automatic,2015,11,hyundai_grand i10
delhi-ncr,maruti suzuki,wagon r,vxi 1.0,17924,2024,529000,petrol,1,grey,hatchback,manual,2024,2,maruti suzuki_wagon r
delhi-ncr,maruti suzuki,swift,zxi,38204,2014,341000,petrol,2,red,hatchback,manual,2014,12,maruti suzuki_swift
delhi-ncr,tata,tiago nrg,petrol,68234,2018,374000,petrol,2,grey,hatchback,manual,2018,8,tata_tiago nrg
delhi-ncr,kia,seltos,gtx dct,60978,2019,1150248,petrol,1,silver,suv,automatic,2019,7,kia_seltos
delhi-ncr,ford,ecosport,titanium 1.5l ti-vct,94601,2019,571000,petrol,2,grey,suv,manual,2019,7,ford_ecosport
delhi-ncr,hyundai,venue,sx plus 1.0 turbo dct,47532,2019,810000,petrol,1,red,suv,automatic,2019,7,hyundai_venue
delhi-ncr,maruti suzuki,swift dzire,vxi,41456,2016,407000,petrol,1,grey,sedan,manual,2016,10,maruti suzuki_swift dzire
delhi-ncr,maruti suzuki,new ertiga,zxi at,50444,2020,921000,petrol,1,white,muv,automatic,2020,6,maruti suzuki_new ertiga
delhi-ncr,mahindra,thar,lx hard top petrol at 4wd,47106,2021,1113835,petrol,2,black,suv,automatic,2021,5,mahindra_thar
delhi-ncr,hyundai,grand i10,sportz 1.2 kappa vtvt,22771,2014,349000,petrol,1,silver,hatchback,manual,2014,12,hyundai_grand i10
delhi-ncr,nissan,magnite,xv turbo cvt,27603,2022,807000,petrol,1,red,suv,automatic,2022,4,nissan_magnite
delhi-ncr,maruti suzuki,swift,zxi,34992,2022,639000,petrol,1,silver,hatchback,manual,2022,4,maruti suzuki_swift
delhi-ncr,hyundai,eon,magna +,56593,2014,234000,petrol,1,white,hatchback,manual,2014,12,hyundai_eon
delhi-ncr,kia,seltos,gtx plus at d,89980,2021,1282558,diesel,1,grey,suv,automatic,2021,5,kia_seltos
delhi-ncr,hyundai,xcent,s 1.2,57671,2014,332000,petrol,1,red,sedan,manual,2014,12,hyundai_xcent
delhi-ncr,kia,sonet,htx 1.0 imt,47066,2021,845000,petrol,1,silver,suv,manual,2021,5,kia_sonet
delhi-ncr,honda,city,sv cvt,71629,2014,419000,petrol,2,grey,sedan,automatic,2014,12,honda_city
delhi-ncr,hyundai,creta,1.6 sx plus auto petrol,91869,2017,759000,petrol,1,silver,suv,automatic,2017,9,hyundai_creta
delhi-ncr,tata,altroz,xz plus (o) (s) icng,40054,2023,895000,cng,1,blue,hatchback,manual,2023,3,tata_altroz
delhi-ncr,hyundai,i20 active,1.2 sx,51352,2016,461000,petrol,2,brown,crossover,manual,2016,10,hyundai_i20 active
delhi-ncr,maruti suzuki,alto 800,vxi,40591,2017,272000,petrol,1,grey,hatchback,manual,2017,9,maruti suzuki_alto 800
delhi-ncr,volkswagen,polo,highline1.2l (p),104872,2013,285000,petrol,2,silver,hatchback,manual,2013,13,volkswagen_polo
delhi-ncr,maruti suzuki,ciaz,delta 1.4 mt,79066,2017,524000,petrol,1,grey,sedan,manual,2017,9,maruti suzuki_ciaz
delhi-ncr,hyundai,grand i10,sportz 1.2 kappa vtvt,64863,2015,319000,petrol,2,silver,hatchback,manual,2015,11,hyundai_grand i10
delhi-ncr,toyota,corolla altis,j(s) petrol,20795,2014,489000,petrol,2,silver,sedan,manual,2014,12,toyota_corolla altis
delhi-ncr,maruti suzuki,dzire,vxi,23989,2019,557000,petrol,1,silver,sedan,manual,2019,7,maruti suzuki_dzire
delhi-ncr,nissan,micra,xv cvt,41970,2016,384000,petrol,1,silver,hatchback,automatic,2016,10,nissan_micra
delhi-ncr,honda,wr-v,vx mt petrol,17264,2018,650000,petrol,1,white,suv,manual,2018,8,honda_wr-v
delhi-ncr,hyundai,creta,1.6 sx plus auto petrol,105064,2016,683000,petrol,2,silver,suv,automatic,2016,10,hyundai_creta
delhi-ncr,honda,amaze,1.2 v cvt petrol,42665,2019,621000,petrol,1,brown,sedan,automatic,2019,7,honda_amaze
delhi-ncr,kia,sonet,gtx plus 1.0 dct,55660,2021,1069493,petrol,1,red,suv,automatic,2021,5,kia_sonet
delhi-ncr,kia,sonet,htx 1.0 imt,44903,2021,850000,petrol,1,red,suv,manual,2021,5,kia_sonet
delhi-ncr,volkswagen,polo,highline1.2l (p),61037,2015,379000,petrol,2,red,hatchback,manual,2015,11,volkswagen_polo
delhi-ncr,hyundai,creta,1.6 sx plus petrol,59834,2018,751000,petrol,2,silver,suv,manual,2018,8,hyundai_creta
delhi-ncr,kia,seltos,htk plus g,27180,2021,931000,petrol,2,grey,suv,manual,2021,5,kia_seltos
delhi-ncr,kia,seltos,gtx,86932,2019,997000,petrol,1,silver,suv,manual,2019,7,kia_seltos
delhi-ncr,maruti suzuki,new ertiga,zxi+ at,21479,2022,1147263,petrol,1,maroon,muv,automatic,2022,4,maruti suzuki_new ertiga
delhi-ncr,nissan,magnite,xl,16471,2023,611000,petrol,1,black,suv,manual,2023,3,nissan_magnite
delhi-ncr,maruti suzuki,wagon r,zxi 1.2,11604,2022,533000,petrol,1,grey,hatchback,manual,2022,4,maruti suzuki_wagon r
delhi-ncr,maruti suzuki,s-cross,alpha at,97067,2021,789000,petrol,2,blue,suv,automatic,2021,5,maruti suzuki_s-cross
delhi-ncr,renault,kiger,rxz turbo cvt,38764,2022,731000,petrol,2,blue,suv,automatic,2022,4,renault_kiger
delhi-ncr,maruti suzuki,ciaz,alpha hybrid 1.5,45963,2019,695000,petrol,1,grey,sedan,manual,2019,7,maruti suzuki_ciaz
delhi-ncr,maruti suzuki,swift,vxi amt,83504,2019,521000,petrol,1,grey,hatchback,automatic,2019,7,maruti suzuki_swift
delhi-ncr,hyundai,grand i10,magna 1.2 kappa vtvt,60662,2014,317000,petrol,1,silver,hatchback,manual,2014,12,hyundai_grand i10
delhi-ncr,renault,kwid,rxt 1.0 (o),57828,2022,389000,petrol,1,red,hatchback,manual,2022,4,renault_kwid
delhi-ncr,nissan,sunny,xl,42115,2012,257000,petrol,1,grey,sedan,manual,2012,14,nissan_sunny
delhi-ncr,maruti suzuki,ciaz,delta 1.4 mt,33258,2018,589000,petrol,1,silver,sedan,manual,2018,8,maruti suzuki_ciaz
delhi-ncr,tata,altroz,xm plus petrol,20337,2022,585000,petrol,1,grey,hatchback,manual,2022,4,tata_altroz
delhi-ncr,maruti suzuki,ignis,alpha 1.2 mt,43731,2022,599000,petrol,1,silver,hatchback,manual,2022,4,maruti suzuki_ignis
delhi-ncr,kia,seltos,htx d,52405,2022,1279000,diesel,1,white,suv,manual,2022,4,kia_seltos
delhi-ncr,volkswagen,virtus,highline 1.0 tsi mt,23455,2023,1156324,petrol,1,red,sedan,manual,2023,3,volkswagen_virtus
delhi-ncr,maruti suzuki,alto k10,vxi,21975,2019,353000,petrol,1,white,hatchback,manual,2019,7,maruti suzuki_alto k10
delhi-ncr,tata,nexon,xz plus (o),50218,2021,834000,petrol,1,white,suv,manual,2021,5,tata_nexon
delhi-ncr,mahindra,xuv 300,w8 petrol,94737,2020,655000,petrol,1,red,suv,manual,2020,6,mahindra_xuv 300
delhi-ncr,maruti suzuki,baleno,zeta 1.2 at,52686,2018,536000,petrol,1,blue,hatchback,automatic,2018,8,maruti suzuki_baleno
delhi-ncr,honda,amaze,1.2 vx i-vtec,51159,2014,325000,petrol,1,silver,sedan,manual,2014,12,honda_amaze
delhi-ncr,honda,city,zx cvt petrol,66556,2019,861000,petrol,1,red,sedan,automatic,2019,7,honda_city
delhi-ncr,tata,nexon,xza plus (premium) dark edition,61741,2022,877000,petrol,1,black,suv,automatic,2022,4,tata_nexon
delhi-ncr,hyundai,venue,sx 1.0 (o) turbo imt,28920,2020,867000,petrol,1,white,suv,manual,2020,6,hyundai_venue
delhi-ncr,maruti suzuki,wagon r 1.0,vxi,82399,2018,331000,petrol,1,silver,hatchback,manual,2018,8,maruti suzuki_wagon r 1.0
delhi-ncr,maruti suzuki,s-cross,alpha,50527,2021,862000,petrol,1,grey,suv,manual,2021,5,maruti suzuki_s-cross
delhi-ncr,renault,kiger,rxt 1.0 turbo mt,14328,2021,656000,petrol,1,brown,suv,manual,2021,5,renault_kiger
delhi-ncr,hyundai,aura,sx 1.2 cng,15197,2023,785000,cng,1,white,sedan,manual,2023,3,hyundai_aura
delhi-ncr,honda,city,sv,97388,2014,419000,petrol,1,grey,sedan,manual,2014,12,honda_city
delhi-ncr,maruti suzuki,swift,vxi (o),45104,2017,365000,petrol,3,grey,hatchback,manual,2017,9,maruti suzuki_swift
delhi-ncr,honda,wr-v,vx mt petrol,29300,2018,641000,petrol,1,brown,suv,manual,2018,8,honda_wr-v
delhi-ncr,maruti suzuki,baleno,zeta mt,18805,2024,778000,petrol,1,blue,hatchback,manual,2024,2,maruti suzuki_baleno
delhi-ncr,maruti suzuki,fronx,alpha 1.0l turbo 6 at,7792,2024,1155000,petrol,2,blue,suv,automatic,2024,2,maruti suzuki_fronx
delhi-ncr,hyundai,verna,fluidic 1.6 vtvt sx opt at,56930,2013,425000,petrol,1,red,sedan,automatic,2013,13,hyundai_verna
delhi-ncr,honda,city,zx cvt petrol,64098,2018,827000,petrol,1,grey,sedan,automatic,2018,8,honda_city
delhi-ncr,honda,city,v,44915,2016,562000,petrol,1,grey,sedan,manual,2016,10,honda_city
delhi-ncr,maruti suzuki,swift,vxi amt,34414,2020,573000,petrol,1,white,hatchback,automatic,2020,6,maruti suzuki_swift
delhi-ncr,hyundai,grand i10,asta 1.2 kappa vtvt,87905,2013,268000,petrol,1,red,hatchback,manual,2013,13,hyundai_grand i10
delhi-ncr,honda,city,v petrol,31282,2018,626000,petrol,2,red,sedan,manual,2018,8,honda_city
delhi-ncr,hyundai,i20 active,1.2 s,57868,2015,403000,petrol,1,red,crossover,manual,2015,11,hyundai_i20 active
delhi-ncr,renault,kiger,rxz turbo cvt dual tone,63485,2021,698000,petrol,1,white,suv,automatic,2021,5,renault_kiger
delhi-ncr,skoda,slavia,style 1.0l tsi mt,31339,2022,1079564,petrol,2,grey,sedan,manual,2022,4,skoda_slavia
delhi-ncr,mahindra,xuv 300,w8 (o) petrol,27976,2021,878000,petrol,1,white,suv,manual,2021,5,mahindra_xuv 300
delhi-ncr,honda,city,v,45642,2015,494000,petrol,1,brown,sedan,manual,2015,11,honda_city
delhi-ncr,maruti suzuki,baleno,delta 1.2,29987,2018,520000,petrol,1,silver,hatchback,manual,2018,8,maruti suzuki_baleno
delhi-ncr,maruti suzuki,baleno,delta,49137,2021,571000,petrol,1,white,hatchback,manual,2021,5,maruti suzuki_baleno
delhi-ncr,tata,altroz,xz 1.2,91680,2021,551000,petrol,1,white,hatchback,manual,2021,5,tata_altroz
delhi-ncr,maruti suzuki,baleno,zeta automatic,16929,2021,629000,petrol,2,grey,hatchback,automatic,2021,5,maruti suzuki_baleno
delhi-ncr,renault,kwid,climber,22012,2023,475000,petrol,1,silver,hatchback,manual,2023,3,renault_kwid
delhi-ncr,hyundai,xcent,s 1.2,56378,2015,355000,petrol,1,blue,sedan,manual,2015,11,hyundai_xcent
delhi-ncr,hyundai,venue,sx 1.0 turbo imt,24123,2020,780000,petrol,1,white,suv,manual,2020,6,hyundai_venue
delhi-ncr,datsun,redi-go,t,25479,2018,216000,petrol,2,red,hatchback,manual,2018,8,datsun_redi-go
delhi-ncr,honda,amaze,s cvt 1.2 petrol,25525,2023,729000,petrol,1,red,sedan,automatic,2023,3,honda_amaze
delhi-ncr,maruti suzuki,baleno,zeta 1.2 at,93079,2017,507000,petrol,1,blue,hatchback,automatic,2017,9,maruti suzuki_baleno
delhi-ncr,kia,sonet,gtx plus 1.0 imt,21855,2021,963000,petrol,1,red,suv,manual,2021,5,kia_sonet
delhi-ncr,maruti suzuki,vitara brezza,zxi plus,77879,2021,754000,petrol,1,red,suv,manual,2021,5,maruti suzuki_vitara brezza
delhi-ncr,honda,amaze,1.2 sx i-vtec,23447,2015,356000,petrol,1,brown,sedan,manual,2015,11,honda_amaze
delhi-ncr,tata,nexon,xz plus,25395,2021,812000,petrol,1,green,suv,manual,2021,5,tata_nexon
delhi-ncr,mahindra,thar,lx hard top petrol at 4wd,57057,2021,1198675,petrol,1,grey,suv,automatic,2021,5,mahindra_thar
delhi-ncr,hyundai,creta,sx (o) at diesel,83347,2021,1273468,diesel,1,black,suv,automatic,2021,5,hyundai_creta
delhi-ncr,kia,seltos,gtx plus 1.4,29757,2021,1383558,petrol,1,white,suv,manual,2021,5,kia_seltos
delhi-ncr,hyundai,grand i10,asta 1.2 kappa vtvt,40495,2017,464000,petrol,1,white,hatchback,manual,2017,9,hyundai_grand i10
delhi-ncr,nissan,magnite,xl,36089,2021,522000,petrol,1,brown,suv,manual,2021,5,nissan_magnite
delhi-ncr,mg motors,hector,sharp 1.5 dct petrol,52680,2020,1049248,petrol,2,red,suv,automatic,2020,6,mg motors_hector
delhi-ncr,hyundai,creta,1.6 sx at vtvt,93654,2018,855000,petrol,1,grey,suv,automatic,2018,8,hyundai_creta
delhi-ncr,tata,altroz,xz plus petrol,19298,2022,719000,petrol,1,grey,hatchback,manual,2022,4,tata_altroz
delhi-ncr,maruti suzuki,wagon r 1.0,lxi cng,91477,2017,327000,petrol+cng,1,silver,hatchback,manual,2017,9,maruti suzuki_wagon r 1.0
delhi-ncr,renault,kwid,rxt (o) 1.0 sce edition,59081,2019,286000,petrol,2,white,hatchback,manual,2019,7,renault_kwid
delhi-ncr,hyundai,creta,1.6 sx opt vtvt,34805,2019,965000,petrol,1,white,suv,manual,2019,7,hyundai_creta
delhi-ncr,hyundai,elite i20,sportz 1.2,43444,2015,414000,petrol,1,silver,hatchback,manual,2015,11,hyundai_elite i20
delhi-ncr,hyundai,verna,sx (o) 1.6 vtvt at,54548,2018,874000,petrol,1,grey,sedan,automatic,2018,8,hyundai_verna
delhi-ncr,renault,kiger,rxz turbo cvt dual tone,12042,2022,884000,petrol,1,red,suv,automatic,2022,4,renault_kiger
delhi-ncr,tata,tigor,xz plus cng,60711,2022,661000,cng,1,grey,sedan,manual,2022,4,tata_tigor
delhi-ncr,maruti suzuki,baleno,delta 1.2,15018,2018,530000,petrol,1,red,hatchback,manual,2018,8,maruti suzuki_baleno
delhi-ncr,maruti suzuki,ciaz,alpha hybrid 1.5,62327,2020,664000,petrol,2,brown,sedan,manual,2020,6,maruti suzuki_ciaz
delhi-ncr,kia,carens,luxury plus 1.5 turbo petrol dct 7 str,59477,2023,1545203,petrol,1,blue,muv,automatic,2023,3,kia_carens
delhi-ncr,tata,tiago,revotron xz,63215,2016,348000,petrol,1,silver,hatchback,manual,2016,10,tata_tiago
delhi-ncr,tata,nexon,xz plus (hs),28805,2022,898000,petrol,1,white,suv,manual,2022,4,tata_nexon
delhi-ncr,tata,tiago,xz+ petrol+cng(outside fitted),33647,2019,491000,cng,1,white,hatchback,manual,2019,7,tata_tiago
delhi-ncr,ford,ecosport,titanium + 1.5l ti-vct at,93863,2018,644000,petrol,1,white,suv,automatic,2018,8,ford_ecosport
delhi-ncr,maruti suzuki,baleno,delta 1.2,42400,2018,497000,petrol,1,grey,hatchback,manual,2018,8,maruti suzuki_baleno
delhi-ncr,honda,city,vx cvt,75521,2016,597000,petrol,1,silver,sedan,automatic,2016,10,honda_city
delhi-ncr,kia,seltos,htx ivt g,109810,2020,1041000,petrol,1,silver,suv,automatic,2020,6,kia_seltos
delhi-ncr,datsun,redi-go,s 1.0,57920,2017,196000,petrol,3,silver,hatchback,manual,2018,9,datsun_redi-go
delhi-ncr,renault,kwid,rxl,10988,2020,347000,petrol,1,blue,hatchback,manual,2020,6,renault_kwid
delhi-ncr,kia,sonet,htx 1.0 imt,45619,2021,852000,petrol,1,grey,suv,manual,2021,5,kia_sonet
delhi-ncr,maruti suzuki,dzire,zxi plus ags,33354,2021,643000,petrol,2,red,sedan,automatic,2021,5,maruti suzuki_dzire
delhi-ncr,kia,sonet,gtx plus 1.0 dct,37679,2021,1097773,petrol,1,black,suv,automatic,2021,5,kia_sonet
delhi-ncr,kia,sonet,htx 1.0 imt,29861,2022,915000,petrol,1,grey,suv,manual,2022,4,kia_sonet
delhi-ncr,maruti suzuki,swift,vxi,29857,2016,416000,petrol,1,grey,hatchback,manual,2016,10,maruti suzuki_swift
delhi-ncr,maruti suzuki,celerio,zxi amt,61960,2018,417000,petrol,1,white,hatchback,automatic,2018,8,maruti suzuki_celerio
delhi-ncr,hyundai,verna,sx (o) 1.5 vtvt ivt,20123,2021,1053288,petrol,2,white,sedan,automatic,2021,5,hyundai_verna
delhi-ncr,hyundai,venue,sx 1.0 turbo imt,29278,2022,826000,petrol,2,blue,suv,manual,2022,4,hyundai_venue
delhi-ncr,maruti suzuki,wagon r 1.0,vxi amt,33547,2017,360000,petrol,2,grey,hatchback,automatic,2017,9,maruti suzuki_wagon r 1.0
delhi-ncr,maruti suzuki,xl6,zeta at petrol,27801,2022,1108883,petrol,1,blue,muv,automatic,2022,4,maruti suzuki_xl6
delhi-ncr,maruti suzuki,swift,vxi,21795,2023,617000,petrol,1,silver,hatchback,manual,2023,3,maruti suzuki_swift
delhi-ncr,maruti suzuki,ignis,zeta 1.2 mt,59604,2021,536000,petrol,1,white,hatchback,manual,2021,5,maruti suzuki_ignis
delhi-ncr,hyundai,creta,1.6l sx vtvt,50028,2019,797000,petrol,2,red,suv,manual,2019,7,hyundai_creta
delhi-ncr,maruti suzuki,baleno,alpha ags,80894,2022,681000,petrol,1,blue,hatchback,automatic,2022,4,maruti suzuki_baleno
delhi-ncr,tata,safari,xz plus dark edition,99841,2022,1536015,diesel,1,black,suv,manual,2022,4,tata_safari
delhi-ncr,tata,nexon,xza plus dark edition,22866,2022,915000,petrol,1,black,suv,automatic,2022,4,tata_nexon
delhi-ncr,tata,altroz,xz plus (s) icng,32135,2024,893000,cng,1,grey,hatchback,manual,2024,2,tata_altroz
delhi-ncr,honda,jazz,zx,52014,2022,710000,petrol,1,brown,hatchback,manual,2022,4,honda_jazz
delhi-ncr,hyundai,i10,sportz 1.1 irde2,91032,2014,240000,petrol,2,silver,hatchback,manual,2014,12,hyundai_i10
delhi-ncr,nissan,magnite,xv premium turbo cvt,19218,2022,762000,petrol,2,silver,suv,automatic,2022,4,nissan_magnite
delhi-ncr,hyundai,creta,1.6l sx vtvt,69643,2019,876000,petrol,1,white,suv,manual,2019,7,hyundai_creta
delhi-ncr,ford,ecosport,titanium+ 1.0l ecoboost,93620,2017,523000,petrol,2,bronze,suv,manual,2017,9,ford_ecosport
delhi-ncr,maruti suzuki,wagon r 1.0,vxi,55727,2012,210000,petrol,2,silver,hatchback,manual,2012,14,maruti suzuki_wagon r 1.0
delhi-ncr,tata,nexon,xz plus,28515,2020,769000,petrol,1,grey,suv,manual,2020,6,tata_nexon
delhi-ncr,hyundai,creta,1.6l sx vtvt,33518,2019,934000,petrol,1,white,suv,manual,2019,7,hyundai_creta
delhi-ncr,hyundai,aura,sx 1.2 petrol,20452,2022,665000,petrol,1,silver,sedan,manual,2023,4,hyundai_aura
delhi-ncr,hyundai,elite i20,asta 1.2,41599,2015,453000,petrol,1,maroon,hatchback,manual,2015,11,hyundai_elite i20
delhi-ncr,maruti suzuki,swift,zxi,63332,2013,310000,petrol,1,silver,hatchback,manual,2013,13,maruti suzuki_swift
delhi-ncr,maruti suzuki,xl6,alpha mt petrol,27630,2023,1137118,petrol,1,white,muv,manual,2023,3,maruti suzuki_xl6
delhi-ncr,hyundai,creta,sx (o) diesel,34985,2022,1460000,diesel,1,black,suv,manual,2022,4,hyundai_creta
delhi-ncr,honda,city,vx cvt,114715,2015,550000,petrol,1,white,sedan,automatic,2015,11,honda_city
delhi-ncr,maruti suzuki,ciaz,vxi+,54927,2016,483000,petrol,1,silver,sedan,manual,2016,10,maruti suzuki_ciaz
delhi-ncr,maruti suzuki,dzire,vxi,19396,2022,642000,petrol,1,grey,sedan,manual,2022,4,maruti suzuki_dzire
delhi-ncr,maruti suzuki,swift,vxi,64819,2013,267000,petrol,2,grey,hatchback,manual,2013,13,maruti suzuki_swift
delhi-ncr,hyundai,elite i20,asta (o) cvt,25105,2019,694000,petrol,1,silver,hatchback,automatic,2019,7,hyundai_elite i20
delhi-ncr,hyundai,creta,sx+ se,47912,2017,771000,petrol,1,white,suv,manual,2017,9,hyundai_creta
delhi-ncr,kia,seltos,gtx,31062,2019,1179538,petrol,1,red,suv,manual,2020,7,kia_seltos
delhi-ncr,kia,sonet,htx plus 1.0 imt,32826,2021,946000,petrol,1,red,suv,manual,2021,5,kia_sonet
delhi-ncr,honda,city,v,107735,2015,440000,petrol,1,brown,sedan,manual,2015,11,honda_city
delhi-ncr,ford,ecosport,titanium plus 1.5l ti-vct at,84708,2020,769000,petrol,1,grey,suv,automatic,2020,6,ford_ecosport
delhi-ncr,maruti suzuki,s-presso,vxi plus (o),7704,2024,488000,petrol,1,white,hatchback,manual,2025,2,maruti suzuki_s-presso
delhi-ncr,hyundai,xcent,s 1.2,27117,2014,329000,petrol,1,white,sedan,manual,2014,12,hyundai_xcent
delhi-ncr,kia,sonet,gtx plus 1.0 dct,36034,2022,1153323,petrol,1,red,suv,automatic,2023,4,kia_sonet
delhi-ncr,maruti suzuki,baleno,alpha ags,23721,2023,829000,petrol,1,grey,hatchback,automatic,2023,3,maruti suzuki_baleno
delhi-ncr,tata,tiago,revotron xz plus cng,24763,2022,637000,petrol+cng,1,grey,hatchback,manual,2022,4,tata_tiago
delhi-ncr,maruti suzuki,swift,zxi amt,51772,2020,613000,petrol,1,grey,hatchback,automatic,2020,6,maruti suzuki_swift
delhi-ncr,kia,seltos,htx d,81294,2022,1213878,diesel,1,white,suv,manual,2022,4,kia_seltos
delhi-ncr,hyundai,elite i20,sportz 1.2,13214,2015,456000,petrol,1,blue,hatchback,manual,2015,11,hyundai_elite i20
delhi-ncr,mahindra,thar,lx convertible petrol at 4wd,38593,2021,1220895,petrol,1,brown,suv,automatic,2021,5,mahindra_thar
delhi-ncr,maruti suzuki,baleno,zeta automatic,53606,2021,591000,petrol,2,red,hatchback,automatic,2021,5,maruti suzuki_baleno
delhi-ncr,nissan,micra,xl cvt,91800,2016,322000,petrol,1,blue,hatchback,automatic,2016,10,nissan_micra
delhi-ncr,hyundai,elite i20,sportz 1.2,63293,2016,428000,petrol,2,grey,hatchback,manual,2017,10,hyundai_elite i20
delhi-ncr,hyundai,creta,1.6 sx opt vtvt,51575,2018,916000,petrol,1,silver,suv,manual,2018,8,hyundai_creta
delhi-ncr,honda,amaze,vx cvt 1.2 petrol,20882,2023,840000,petrol,1,white,sedan,automatic,2023,3,honda_amaze
delhi-ncr,tata,punch,accomplished icng,30478,2024,791000,cng,1,white,suv,manual,2024,2,tata_punch
delhi-ncr,hyundai,venue,sx plus 1.0 turbo dct,98275,2021,808000,petrol,1,blue,suv,automatic,2021,5,hyundai_venue
delhi-ncr,tata,nexon,xm (s),62342,2021,654000,petrol,1,grey,suv,manual,2021,5,tata_nexon
delhi-ncr,hyundai,creta,1.6 sx plus petrol,88791,2017,668000,petrol,2,white,suv,manual,2017,9,hyundai_creta
delhi-ncr,maruti suzuki,baleno,alpha 1.2,53728,2017,500000,petrol,1,red,hatchback,manual,2017,9,maruti suzuki_baleno
delhi-ncr,honda,amaze,1.2 sx i-vtec,60595,2016,347000,petrol,2,red,sedan,manual,2016,10,honda_amaze
delhi-ncr,hyundai,elite i20,magna 1.2,114679,2015,365000,petrol,1,red,hatchback,manual,2015,11,hyundai_elite i20
delhi-ncr,mahindra,xuv700,ax 5 petrol mt 5 str,20024,2022,1546213,petrol,1,blue,suv,manual,2022,4,mahindra_xuv700
delhi-ncr,tata,tigor,revotron xt,26723,2018,440000,petrol,1,brown,sedan,manual,2018,8,tata_tigor
delhi-ncr,hyundai,creta,1.6 sx plus auto petrol,95356,2017,761000,petrol,1,red,suv,automatic,2017,9,hyundai_creta
delhi-ncr,renault,triber,rxt easy-r amt,54689,2021,560000,petrol,1,silver,muv,automatic,2021,5,renault_triber
delhi-ncr,maruti suzuki,xl6,alpha plus at petrol,72960,2022,1097773,petrol,1,blue,muv,automatic,2022,4,maruti suzuki_xl6
delhi-ncr,maruti suzuki,dzire,zxi amt,72167,2019,546000,petrol,1,grey,sedan,automatic,2019,7,maruti suzuki_dzire
delhi-ncr,toyota,urban cruiser,high grade mt,46256,2022,759000,petrol,1,blue,suv,manual,2022,4,toyota_urban cruiser
delhi-ncr,maruti suzuki,ciaz,alpha 1.5 at,13419,2023,1071513,petrol,1,silver,sedan,automatic,2023,3,maruti suzuki_ciaz
delhi-ncr,maruti suzuki,ciaz,zxi  at,57397,2016,502000,petrol,2,white,sedan,automatic,2016,10,maruti suzuki_ciaz
delhi-ncr,hyundai,grand i10,asta 1.2 kappa vtvt (o),80256,2015,336000,petrol,2,silver,hatchback,manual,2015,11,hyundai_grand i10
delhi-ncr,renault,triber,rxt,66088,2022,512000,petrol,1,silver,muv,manual,2022,4,renault_triber
delhi-ncr,maruti suzuki,s-cross,alpha at,47627,2021,966000,petrol,1,grey,suv,automatic,2021,5,maruti suzuki_s-cross
delhi-ncr,renault,kwid,1.0 rxt amt opt,4981,2017,335000,petrol,1,bronze,hatchback,automatic,2017,9,renault_kwid
delhi-ncr,maruti suzuki,ignis,zeta 1.2 mt,19637,2022,517000,petrol,2,white,hatchback,manual,2023,4,maruti suzuki_ignis
delhi-ncr,toyota,corolla altis,vl cvt petrol,81524,2019,1095655,petrol,1,golden,sedan,automatic,2019,7,toyota_corolla altis
delhi-ncr,ford,ecosport,titanium 1.5l ti-vct,51877,2017,520000,petrol,2,silver,suv,manual,2017,9,ford_ecosport
delhi-ncr,maruti suzuki,grand vitara,zeta smart hybrid,27631,2023,1251293,petrol,1,black,suv,manual,2023,3,maruti suzuki_grand vitara
delhi-ncr,maruti suzuki,ciaz,zxi+,22693,2016,562000,petrol,1,brown,sedan,manual,2016,10,maruti suzuki_ciaz
delhi-ncr,kia,sonet,htx 1.0 imt,37733,2021,840000,petrol,1,white,suv,manual,2021,5,kia_sonet
delhi-ncr,hyundai,creta,1.6 sx plus petrol,94357,2016,682000,petrol,1,white,suv,manual,2016,10,hyundai_creta
delhi-ncr,maruti suzuki,grand vitara,zeta cng,19526,2023,1362393,cng,1,blue,suv,manual,2023,3,maruti suzuki_grand vitara
delhi-ncr,tata,nexon,xz+ 1.2l lux petrol mt,11950,2023,977000,petrol,1,white,suv,manual,2023,3,tata_nexon
delhi-ncr,tata,punch,accomplished dazzle pack amt,22874,2023,751000,petrol,1,white,suv,automatic,2023,3,tata_punch
delhi-ncr,hyundai,venue,sx 1.0 turbo imt,41644,2022,814000,petrol,1,white,suv,manual,2022,4,hyundai_venue
delhi-ncr,kia,sonet,htx 1.0 imt,85675,2021,781000,petrol,1,grey,suv,manual,2021,5,kia_sonet
delhi-ncr,hyundai,creta,1.6 sx plus petrol,72506,2018,740000,petrol,1,red,suv,manual,2018,8,hyundai_creta
delhi-ncr,hyundai,creta,sx opt turbo dct petrol,64437,2020,1172468,petrol,2,black,suv,automatic,2020,6,hyundai_creta
delhi-ncr,kia,sonet,gtx plus 1.0 dct,103462,2020,868000,petrol,1,white,suv,automatic,2020,6,kia_sonet
delhi-ncr,maruti suzuki,swift,zxi,48482,2014,376000,petrol,1,grey,hatchback,manual,2014,12,maruti suzuki_swift
delhi-ncr,honda,amaze,1.2 s i-vtec opt,53393,2018,464000,petrol,1,brown,sedan,manual,2018,8,honda_amaze
delhi-ncr,maruti suzuki,ciaz,zxi+,22742,2015,533000,petrol,1,silver,sedan,manual,2015,11,maruti suzuki_ciaz
delhi-ncr,mahindra,xuv 300,w8 (o) petrol,19391,2022,951000,petrol,1,silver,suv,manual,2022,4,mahindra_xuv 300
delhi-ncr,kia,seltos,gtx plus,55826,2020,1234000,petrol,1,red,suv,manual,2020,6,kia_seltos
delhi-ncr,maruti suzuki,s-cross,zeta,28517,2022,876000,petrol,1,silver,suv,manual,2022,4,maruti suzuki_s-cross
delhi-ncr,kia,sonet,htx 1.0 imt,21328,2021,885000,petrol,1,silver,suv,manual,2021,5,kia_sonet
delhi-ncr,mahindra,xuv700,ax 7 petrol mt 7 str,32898,2022,1696000,petrol,1,blue,suv,manual,2022,4,mahindra_xuv700
delhi-ncr,hyundai,venue,sx 1.0 turbo,82766,2022,815000,petrol,1,blue,suv,manual,2022,4,hyundai_venue
delhi-ncr,volkswagen,vento,1.2l highline petrol at,71981,2015,481000,petrol,2,grey,sedan,automatic,2015,11,volkswagen_vento
delhi-ncr,ford,ecosport,titanium + 1.5l ti-vct,67256,2019,695000,petrol,1,white,suv,manual,2019,7,ford_ecosport
delhi-ncr,maruti suzuki,baleno,sigma 1.2,40186,2017,401000,petrol,1,blue,hatchback,manual,2017,9,maruti suzuki_baleno
delhi-ncr,volkswagen,polo,comfortline 1.2l (p),71838,2013,295000,petrol,1,white,hatchback,manual,2013,13,volkswagen_polo
delhi-ncr,kia,seltos,gtx plus at d,61605,2020,1292703,diesel,1,red,suv,automatic,2020,6,kia_seltos
delhi-ncr,honda,city,vx diesel,42083,2022,1172468,diesel,1,grey,sedan,manual,2022,4,honda_city
delhi-ncr,ford,ecosport,titanium 1.5l ti-vct at,54420,2016,530000,petrol,2,white,suv,automatic,2017,10,ford_ecosport
delhi-ncr,hyundai,aura,sx 1.2 cng,39199,2023,732000,cng,1,silver,sedan,manual,2023,3,hyundai_aura
delhi-ncr,honda,city,v,81835,2016,482000,petrol,2,brown,sedan,manual,2016,10,honda_city
delhi-ncr,maruti suzuki,swift,zxi amt,69603,2019,534000,petrol,1,grey,hatchback,automatic,2019,7,maruti suzuki_swift
delhi-ncr,hyundai,elite i20,sportz 1.2,41597,2014,405000,petrol,1,blue,hatchback,manual,2014,12,hyundai_elite i20
delhi-ncr,tata,tiago,xt cng,50427,2022,565000,cng,1,grey,hatchback,manual,2022,4,tata_tiago
delhi-ncr,kia,sonet,htx 1.0 imt,36107,2022,914000,petrol,1,grey,suv,manual,2022,4,kia_sonet
delhi-ncr,toyota,innova crysta,2.4  vx 8 str,30264,2022,2197663,diesel,1,black,muv,manual,2022,4,toyota_innova crysta
delhi-ncr,hyundai,grand i10,sportz 1.2 kappa vtvt,59608,2016,341000,petrol,2,silver,hatchback,manual,2016,10,hyundai_grand i10
delhi-ncr,ford,ecosport,titanium 1.5l ti-vct at,31429,2016,596000,petrol,1,silver,suv,automatic,2016,10,ford_ecosport
delhi-ncr,maruti suzuki,wagon r,vxi,52680,2016,292000,petrol,2,grey,hatchback,manual,2016,10,maruti suzuki_wagon r
delhi-ncr,hyundai,verna,sx 1.5 mpi,69872,2021,791000,petrol,2,white,sedan,manual,2021,5,hyundai_verna
delhi-ncr,hyundai,aura,sx plus 1.2 amt petrol,16809,2022,742000,petrol,1,grey,sedan,automatic,2022,4,hyundai_aura
delhi-ncr,toyota,innova crysta,2.4  vx 8 str,74974,2022,2071413,diesel,1,grey,muv,manual,2022,4,toyota_innova crysta
delhi-ncr,honda,amaze,1.2 vx i-vtec,39653,2014,370000,petrol,1,silver,sedan,manual,2014,12,honda_amaze
delhi-ncr,hyundai,grand i10,asta 1.2 kappa vtvt,65227,2014,313000,petrol,2,white,hatchback,manual,2014,12,hyundai_grand i10
delhi-ncr,maruti suzuki,baleno,zeta,121748,2021,579000,petrol,1,silver,hatchback,manual,2021,5,maruti suzuki_baleno
delhi-ncr,honda,wr-v,vx mt petrol,53153,2019,647000,petrol,1,white,suv,manual,2019,7,honda_wr-v
delhi-ncr,tata,nexon,xza plus dualtone roof (o) amt,29926,2021,931000,petrol,1,white,suv,automatic,2021,5,tata_nexon
delhi-ncr,honda,jazz,v cvt,122086,2015,380000,petrol,1,grey,hatchback,automatic,2015,11,honda_jazz
delhi-ncr,hyundai,creta,1.6 sx plus auto petrol,64642,2017,797000,petrol,1,silver,suv,automatic,2017,9,hyundai_creta
delhi-ncr,hyundai,new santro 1.1,magna cng,61381,2019,428000,petrol+cng,1,beige,hatchback,manual,2019,7,hyundai_new santro 1.1
delhi-ncr,maruti suzuki,ciaz,s 1.4 mt,44503,2017,614000,petrol,1,silver,sedan,manual,2017,9,maruti suzuki_ciaz
delhi-ncr,maruti suzuki,baleno,zeta mt,8912,2024,799000,petrol,1,grey,hatchback,manual,2024,2,maruti suzuki_baleno
delhi-ncr,hyundai,venue,sx 1.0 turbo,29188,2020,777000,petrol,1,blue,suv,manual,2020,6,hyundai_venue
delhi-ncr,tata,nexon,xm+ s diesel,32563,2022,851000,diesel,1,white,suv,manual,2022,4,tata_nexon
delhi-ncr,maruti suzuki,s-cross,alpha at,96101,2021,819000,petrol,1,white,suv,automatic,2021,5,maruti suzuki_s-cross
delhi-ncr,hyundai,verna,fluidic 1.6 vtvt sx,102653,2013,349000,petrol,1,silver,sedan,manual,2013,13,hyundai_verna
delhi-ncr,hyundai,grand i10,sportz 1.2 kappa vtvt,43181,2015,342000,petrol,2,blue,hatchback,manual,2015,11,hyundai_grand i10
delhi-ncr,ford,ecosport,trend+ 1.0l ecoboost,95338,2016,414000,petrol,2,bronze,suv,manual,2016,10,ford_ecosport
delhi-ncr,hyundai,elite i20,asta 1.2,61402,2015,420000,petrol,2,grey,hatchback,manual,2015,11,hyundai_elite i20
delhi-ncr,maruti suzuki,swift,zxi,89447,2015,361000,petrol,2,silver,hatchback,manual,2015,11,maruti suzuki_swift
delhi-ncr,maruti suzuki,alto 800,lxi,39788,2014,219000,petrol,1,grey,hatchback,manual,2014,12,maruti suzuki_alto 800
delhi-ncr,maruti suzuki,brezza,zxi dual tone,43527,2023,976000,petrol,1,red,suv,manual,2023,3,maruti suzuki_brezza
delhi-ncr,honda,city,vx cvt petrol,73668,2017,631000,petrol,2,silver,sedan,automatic,2017,9,honda_city
delhi-ncr,honda,amaze,1.2 v cvt petrol,56562,2019,612000,petrol,1,brown,sedan,automatic,2019,7,honda_amaze
delhi-ncr,maruti suzuki,dzire,zxi ags,28179,2023,778000,petrol,1,grey,sedan,automatic,2023,3,maruti suzuki_dzire
delhi-ncr,maruti suzuki,ciaz,zeta 1.5,26868,2023,880000,petrol,1,silver,sedan,manual,2023,3,maruti suzuki_ciaz
delhi-ncr,ford,ecosport,titanium 1.5l ti-vct,104798,2016,454000,petrol,1,silver,suv,manual,2016,10,ford_ecosport
delhi-ncr,honda,city,zx cvt petrol,64636,2021,970000,petrol,2,silver,sedan,automatic,2021,5,honda_city
delhi-ncr,hyundai,creta,sx opt turbo dct petrol,35256,2022,1556268,petrol,1,white,suv,automatic,2022,4,hyundai_creta
delhi-ncr,hyundai,elite i20,asta 1.2,59791,2015,425000,petrol,2,silver,hatchback,manual,2015,11,hyundai_elite i20
delhi-ncr,honda,city,vx cvt,121994,2016,565000,petrol,1,grey,sedan,automatic,2016,10,honda_city
delhi-ncr,maruti suzuki,xl6,alpha mt petrol,48643,2022,1044243,petrol,1,blue,muv,manual,2022,4,maruti suzuki_xl6
delhi-ncr,honda,jazz,zx cvt,108976,2022,725000,petrol,1,white,hatchback,automatic,2022,4,honda_jazz
delhi-ncr,hyundai,creta,sx petrol,38962,2022,1230083,petrol,1,silver,suv,manual,2022,4,hyundai_creta
delhi-ncr,hyundai,grand i10,sportz 1.2 kappa vtvt,33738,2019,490000,petrol,1,grey,hatchback,manual,2019,7,hyundai_grand i10
delhi-ncr,ford,ecosport,titanium + 1.5l ti-vct at,49357,2018,703000,petrol,1,brown,suv,automatic,2018,8,ford_ecosport
delhi-ncr,tata,tigor,revotron xz+,99397,2019,417000,petrol,1,white,sedan,manual,2019,7,tata_tigor
delhi-ncr,renault,kwid,rxt 1.0 sce edition,49627,2016,236000,petrol,2,grey,hatchback,manual,2016,10,renault_kwid
delhi-ncr,maruti suzuki,baleno,zeta,61200,2019,547000,petrol,1,silver,hatchback,manual,2019,7,maruti suzuki_baleno
delhi-ncr,renault,kiger,rxz turbo cvt dual tone,5777,2023,951000,petrol,1,silver,suv,automatic,2023,3,renault_kiger
delhi-ncr,kia,sonet,gtx plus 1.0 dct,20670,2021,1124033,petrol,1,silver,suv,automatic,2021,5,kia_sonet
delhi-ncr,renault,kiger,rxz turbo cvt,7267,2022,885000,petrol,1,white,suv,automatic,2023,4,renault_kiger
delhi-ncr,honda,city,vx cvt,97115,2014,469000,petrol,2,brown,sedan,automatic,2014,12,honda_city
delhi-ncr,honda,amaze,1.2 s i-vtec,42765,2013,274000,petrol,2,silver,sedan,manual,2013,13,honda_amaze
delhi-ncr,honda,amaze,1.2 vx i-vtec,41202,2016,427000,petrol,2,red,sedan,manual,2016,10,honda_amaze
delhi-ncr,maruti suzuki,ciaz,zxi  at,69464,2016,535000,petrol,1,brown,sedan,automatic,2016,10,maruti suzuki_ciaz
delhi-ncr,tata,punch,accomplished dazzle sunroof cng,19537,2024,927000,cng,1,white,suv,manual,2024,2,tata_punch
delhi-ncr,nissan,magnite,xv premium turbo cvt,30310,2021,818000,petrol,1,white,suv,automatic,2021,5,nissan_magnite
delhi-ncr,maruti suzuki,baleno,zeta,66656,2019,543000,petrol,1,blue,hatchback,manual,2019,7,maruti suzuki_baleno
delhi-ncr,maruti suzuki,swift,vxi,59335,2013,296000,petrol,1,grey,hatchback,manual,2013,13,maruti suzuki_swift
delhi-ncr,maruti suzuki,grand vitara,alpha plus intelligent hybrid ecvt,48993,2023,1622000,hybrid,1,blue,suv,automatic,2023,3,maruti suzuki_grand vitara
delhi-ncr,renault,kiger,rxz 1.0 turbo mt dual tone,49451,2021,600000,petrol,2,blue,suv,manual,2021,5,renault_kiger
delhi-ncr,hyundai,verna,sx plus 1.6 vtvt at,52816,2019,838000,petrol,2,white,sedan,automatic,2019,7,hyundai_verna
delhi-ncr,tata,tiago,revotron xza,50821,2018,447000,petrol,1,white,hatchback,automatic,2018,8,tata_tiago
delhi-ncr,maruti suzuki,swift,lxi (o),84732,2017,371000,petrol,1,silver,hatchback,manual,2017,9,maruti suzuki_swift
delhi-ncr,honda,city,v,53056,2016,547000,petrol,1,brown,sedan,manual,2016,10,honda_city
delhi-ncr,maruti suzuki,dzire,zxi amt,28784,2017,561000,petrol,1,blue,sedan,automatic,2017,9,maruti suzuki_dzire
delhi-ncr,maruti suzuki,swift,vxi amt,43021,2019,549000,petrol,1,white,hatchback,automatic,2019,7,maruti suzuki_swift
delhi-ncr,hyundai,i10,sportz 1.1 irde2,29917,2014,282000,petrol,1,silver,hatchback,manual,2014,12,hyundai_i10
delhi-ncr,tata,altroz,xz plus 1.2 dark edition,20760,2023,773000,petrol,1,black,hatchback,manual,2023,3,tata_altroz
delhi-ncr,maruti suzuki,wagon r 1.2,vxi 1.2 amt,24852,2021,521000,petrol,1,blue,hatchback,automatic,2021,5,maruti suzuki_wagon r 1.2
delhi-ncr,tata,tiago,revotron xz plus cng,41945,2022,634000,petrol+cng,1,violet,hatchback,manual,2022,4,tata_tiago
delhi-ncr,hyundai,verna,sx 1.5 crdi at,102741,2021,926000,diesel,1,white,sedan,automatic,2021,5,hyundai_verna
delhi-ncr,hyundai,xcent,s 1.2,56217,2016,362000,petrol,1,blue,sedan,manual,2016,10,hyundai_xcent
delhi-ncr,tata,punch,accomplished amt,60084,2022,623000,petrol,1,grey,suv,automatic,2022,4,tata_punch
delhi-ncr,kia,sonet,gtx plus 1.5 at,114061,2020,897000,diesel,1,white,suv,automatic,2020,6,kia_sonet
delhi-ncr,ford,ecosport,trend 1.5l ti-vct,61383,2018,550000,petrol,1,grey,suv,manual,2018,8,ford_ecosport
delhi-ncr,hyundai,elite i20,sportz 1.2,72681,2016,456000,petrol,1,maroon,hatchback,manual,2016,10,hyundai_elite i20
delhi-ncr,honda,brio,s mt,69764,2013,249000,petrol,1,brown,hatchback,manual,2013,13,honda_brio
delhi-ncr,maruti suzuki,baleno,alpha 1.2,39663,2016,481000,petrol,1,silver,hatchback,manual,2016,10,maruti suzuki_baleno
delhi-ncr,renault,kiger,rxz turbo cvt dual tone,11264,2022,887000,petrol,1,yellow,suv,automatic,2023,4,renault_kiger
delhi-ncr,hyundai,creta,1.6l sx vtvt,65406,2019,882000,petrol,1,white,suv,manual,2019,7,hyundai_creta
delhi-ncr,maruti suzuki,dzire,vxi amt,86356,2020,587000,petrol,1,grey,sedan,automatic,2020,6,maruti suzuki_dzire
delhi-ncr,maruti suzuki,baleno,zeta mt,48763,2022,649000,petrol,1,white,hatchback,manual,2022,4,maruti suzuki_baleno
delhi-ncr,hyundai,creta,1.6 sx plus petrol,60779,2017,685000,petrol,2,white,suv,manual,2017,9,hyundai_creta
delhi-ncr,hyundai,venue,sx (o) 1.0 turbo imt,27482,2021,943000,petrol,1,blue,suv,manual,2021,5,hyundai_venue
delhi-ncr,honda,wr-v,vx mt petrol,43811,2018,618000,petrol,1,brown,suv,manual,2018,8,honda_wr-v
delhi-ncr,toyota,glanza,v,34282,2022,742000,petrol,1,silver,hatchback,manual,2022,4,toyota_glanza
delhi-ncr,tata,tigor,revotron xt,72091,2018,406000,petrol,1,grey,sedan,manual,2018,8,tata_tigor
delhi-ncr,tata,tiago,xz w/o alloy,41207,2019,433000,petrol,1,white,hatchback,manual,2019,7,tata_tiago
delhi-ncr,renault,duster,rxz 1.5 petrol mt,23330,2021,778000,petrol,1,bronze,suv,manual,2021,5,renault_duster
delhi-ncr,honda,amaze,1.2 vx mt petrol,48600,2020,626000,petrol,1,white,sedan,manual,2020,6,honda_amaze
delhi-ncr,tata,tiago,revotron xza,17511,2018,470000,petrol,1,grey,hatchback,automatic,2018,8,tata_tiago
delhi-ncr,ford,ecosport,titanium + 1.5l ti-vct at,84092,2018,651000,petrol,1,grey,suv,automatic,2018,8,ford_ecosport
delhi-ncr,tata,nexon,xz plus,58617,2017,593000,petrol,1,red,suv,manual,2017,9,tata_nexon
delhi-ncr,maruti suzuki,ciaz,delta 1.4 at,24759,2017,593000,petrol,2,white,sedan,automatic,2017,9,maruti suzuki_ciaz
delhi-ncr,ford,ecosport,titanium + 1.5l ti-vct at,45707,2018,590000,petrol,3,silver,suv,automatic,2018,8,ford_ecosport
delhi-ncr,hyundai,grand i10,sportz 1.2 kappa vtvt,71194,2014,310000,petrol,1,red,hatchback,manual,2014,12,hyundai_grand i10
delhi-ncr,volkswagen,ameo,1.0 highline plus petrol,15524,2019,526000,petrol,1,grey,sedan,manual,2019,7,volkswagen_ameo
delhi-ncr,hyundai,creta,sx opt turbo dct petrol,72130,2022,1468398,petrol,1,black,suv,automatic,2022,4,hyundai_creta
delhi-ncr,maruti suzuki,baleno,delta 1.2,32495,2018,515000,petrol,1,silver,hatchback,manual,2018,8,maruti suzuki_baleno
delhi-ncr,kia,sonet,htx 1.0 imt,41729,2021,864000,petrol,1,black,suv,manual,2021,5,kia_sonet
delhi-ncr,ford,ecosport,titanium 1.5l ti-vct,61865,2018,563000,petrol,2,brown,suv,manual,2018,8,ford_ecosport
delhi-ncr,honda,city,vx,86855,2014,466000,petrol,1,red,sedan,manual,2014,12,honda_city
delhi-ncr,ford,figo aspire,titanium 1.2 ti-vct,59107,2016,358000,petrol,1,white,sedan,manual,2016,10,ford_figo aspire
delhi-ncr,hyundai,elite i20,magna plus 1.2,28694,2019,536000,petrol,1,grey,hatchback,manual,2019,7,hyundai_elite i20
delhi-ncr,tata,nexon,xm,55351,2018,559000,petrol,1,grey,suv,manual,2018,8,tata_nexon
delhi-ncr,mg motors,hector,sharp 2.0 diesel turbo mt,47331,2021,1420000,diesel,1,grey,suv,manual,2021,5,mg motors_hector
delhi-ncr,maruti suzuki,ignis,zeta 1.2 amt,95256,2022,534000,petrol,1,grey,hatchback,automatic,2022,4,maruti suzuki_ignis
delhi-ncr,hyundai,elite i20,sportz plus 1.2,114501,2019,526000,petrol,1,grey,hatchback,manual,2019,7,hyundai_elite i20
delhi-ncr,kia,sonet,gtx plus 1.5 at,51793,2020,966000,diesel,1,maroon,suv,automatic,2020,6,kia_sonet
delhi-ncr,honda,city,vx,100405,2014,456000,petrol,1,red,sedan,manual,2014,12,honda_city
delhi-ncr,maruti suzuki,ciaz,zeta 1.4 at,49899,2017,649000,petrol,1,silver,sedan,automatic,2017,9,maruti suzuki_ciaz
delhi-ncr,maruti suzuki,ciaz,zxi,39249,2016,534000,petrol,1,brown,sedan,manual,2016,10,maruti suzuki_ciaz
delhi-ncr,tata,punch,creative dual tone,19102,2023,793000,petrol,1,beige,suv,manual,2023,3,tata_punch
delhi-ncr,hyundai,fluidic verna 4s,1.6 vtvt sx,50067,2016,528000,petrol,2,grey,sedan,manual,2016,10,hyundai_fluidic verna 4s
delhi-ncr,hyundai,grand i10,sportz 1.2 kappa vtvt,43833,2014,323000,petrol,1,white,hatchback,manual,2014,12,hyundai_grand i10
delhi-ncr,maruti suzuki,ciaz,zxi+ at,62290,2017,621000,petrol,1,silver,sedan,automatic,2017,9,maruti suzuki_ciaz
delhi-ncr,mg motors,hector,sharp 2.0 diesel turbo mt,46161,2021,1455215,diesel,1,black,suv,manual,2021,5,mg motors_hector
delhi-ncr,maruti suzuki,baleno,delta 1.2,27740,2018,518000,petrol,1,red,hatchback,manual,2018,8,maruti suzuki_baleno
delhi-ncr,mg motors,hector,sharp 1.5 dct petrol,47464,2019,1109848,petrol,1,silver,suv,automatic,2019,7,mg motors_hector
delhi-ncr,hyundai,xcent,s 1.2,27807,2014,315000,petrol,2,silver,sedan,manual,2014,12,hyundai_xcent
delhi-ncr,ford,ecosport,titanium + 1.5l ti-vct at,100981,2019,701000,petrol,1,white,suv,automatic,2019,7,ford_ecosport
delhi-ncr,tata,tigor,revotron xza plus amt,42505,2023,676000,petrol,1,blue,sedan,automatic,2023,3,tata_tigor
delhi-ncr,kia,seltos,htx plus d,123590,2020,1049293,diesel,1,grey,suv,manual,2020,6,kia_seltos
delhi-ncr,hyundai,i10,sportz 1.1 irde2,38858,2014,270000,petrol,1,grey,hatchback,manual,2014,12,hyundai_i10
delhi-ncr,kia,seltos,htx g,52888,2022,1167000,petrol,1,black,suv,manual,2022,4,kia_seltos
delhi-ncr,tata,nexon,xza plus amt s,33236,2020,841000,petrol,1,grey,suv,automatic,2020,6,tata_nexon
delhi-ncr,maruti suzuki,s-presso,vxi,4285,2023,436000,petrol,1,white,hatchback,manual,2023,3,maruti suzuki_s-presso
delhi-ncr,maruti suzuki,ciaz,alpha 1.4 at,54262,2017,646000,petrol,1,silver,sedan,automatic,2018,9,maruti suzuki_ciaz
delhi-ncr,honda,amaze,vx cvt 1.2 petrol,20402,2023,839000,petrol,1,white,sedan,automatic,2023,3,honda_amaze
delhi-ncr,hyundai,grand i10,asta 1.2 kappa vtvt,53418,2015,376000,petrol,1,silver,hatchback,manual,2015,11,hyundai_grand i10
delhi-ncr,maruti suzuki,wagon r 1.0,lxi cng,87740,2017,299000,petrol+cng,2,silver,hatchback,manual,2017,9,maruti suzuki_wagon r 1.0
delhi-ncr,renault,kiger,rxz mt,58839,2021,576000,petrol,1,silver,suv,manual,2021,5,renault_kiger
delhi-ncr,honda,city,1.5 v mt,80394,2012,270000,petrol,2,golden,sedan,manual,2012,14,honda_city
delhi-ncr,honda,city,1.5 s mt,91204,2012,260000,petrol,2,brown,sedan,manual,2012,14,honda_city
delhi-ncr,honda,city,s,67120,2014,400000,petrol,1,silver,sedan,manual,2014,12,honda_city
delhi-ncr,maruti suzuki,baleno,alpha mt,9033,2022,797000,petrol,1,grey,hatchback,manual,2022,4,maruti suzuki_baleno
delhi-ncr,honda,city,1.5 s mt,25020,2013,313000,petrol,2,white,sedan,manual,2013,13,honda_city
delhi-ncr,mahindra,thar,lx hard top petrol at 4wd,48885,2023,1362393,petrol,1,black,suv,automatic,2023,3,mahindra_thar
delhi-ncr,maruti suzuki,ciaz,zxi+ at,70189,2016,574000,petrol,1,grey,sedan,automatic,2016,10,maruti suzuki_ciaz
delhi-ncr,toyota,urban cruiser,high grade at,35890,2021,820000,petrol,1,grey,suv,automatic,2021,5,toyota_urban cruiser
delhi-ncr,hyundai,elite i20,magna 1.2,96781,2014,357000,petrol,1,red,hatchback,manual,2014,12,hyundai_elite i20
delhi-ncr,tata,harrier,xm,55358,2020,997000,diesel,1,grey,suv,manual,2020,6,tata_harrier
delhi-ncr,honda,amaze,1.2 s i-vtec opt,95261,2017,401000,petrol,1,white,sedan,manual,2017,9,honda_amaze
delhi-ncr,tata,nexon,xz plus,43039,2020,706000,petrol,1,blue,suv,manual,2020,6,tata_nexon
delhi-ncr,hyundai,venue,sx plus 1.0 turbo dct,109636,2019,743000,petrol,1,blue,suv,automatic,2019,7,hyundai_venue
delhi-ncr,hyundai,creta,1.6 sx at vtvt,58017,2019,974000,petrol,1,black,suv,automatic,2019,7,hyundai_creta
delhi-ncr,maruti suzuki,baleno,alpha 1.2,63063,2016,471000,petrol,1,blue,hatchback,manual,2016,10,maruti suzuki_baleno
delhi-ncr,maruti suzuki,swift,zxi,65449,2014,339000,petrol,2,silver,hatchback,manual,2014,12,maruti suzuki_swift
delhi-ncr,maruti suzuki,ciaz,alpha 1.4 mt,51458,2018,638000,petrol,1,blue,sedan,manual,2018,8,maruti suzuki_ciaz
delhi-ncr,renault,kwid,rxt 1.0,22830,2023,433000,petrol,1,white,hatchback,manual,2023,3,renault_kwid
delhi-ncr,renault,kwid,rxl (o) 0.8,22987,2022,394000,petrol,1,white,hatchback,manual,2022,4,renault_kwid
delhi-ncr,maruti suzuki,baleno,alpha ags,22913,2023,829000,petrol,1,white,hatchback,automatic,2023,3,maruti suzuki_baleno
delhi-ncr,maruti suzuki,baleno,alpha 1.2,89955,2017,479000,petrol,1,grey,hatchback,manual,2017,9,maruti suzuki_baleno
delhi-ncr,honda,city,vx cvt,84840,2016,593000,petrol,1,grey,sedan,automatic,2016,10,honda_city
delhi-ncr,renault,kiger,rxt (o) turbo mt,9132,2022,700000,petrol,1,brown,suv,manual,2023,4,renault_kiger
delhi-ncr,honda,amaze,1.2 s at i-vtec,75685,2013,316000,petrol,1,silver,sedan,automatic,2013,13,honda_amaze
delhi-ncr,maruti suzuki,wagon r 1.0,lxi cng,100842,2013,239000,cng,1,white,hatchback,manual,2013,13,maruti suzuki_wagon r 1.0
delhi-ncr,ford,freestyle,titanium 1.2,63558,2018,422000,petrol,1,silver,crossover,manual,2018,8,ford_freestyle
delhi-ncr,hyundai,elite i20,sportz 1.2,85482,2016,429000,petrol,1,white,hatchback,manual,2016,10,hyundai_elite i20
delhi-ncr,maruti suzuki,swift,lxi (o),56364,2017,388000,petrol,1,silver,hatchback,manual,2017,9,maruti suzuki_swift
delhi-ncr,maruti suzuki,s-presso,vxi plus (o) amt,11391,2023,482000,petrol,1,orange,hatchback,automatic,2024,3,maruti suzuki_s-presso
delhi-ncr,tata,tigor,revotron xz+ cng,52529,2022,636000,petrol+cng,1,grey,sedan,manual,2022,4,tata_tigor
delhi-ncr,hyundai,grand i10,asta 1.2 kappa vtvt,41296,2014,329000,petrol,1,silver,hatchback,manual,2014,12,hyundai_grand i10
delhi-ncr,hyundai,venue,sx 1.5 crdi,51119,2021,791000,diesel,1,white,suv,manual,2021,5,hyundai_venue
delhi-ncr,maruti suzuki,new ertiga,vxi at,59824,2019,787000,petrol,1,red,muv,automatic,2019,7,maruti suzuki_new ertiga
delhi-ncr,maruti suzuki,xl6,alpha at petrol,118905,2021,855000,petrol,2,grey,muv,automatic,2021,5,maruti suzuki_xl6
delhi-ncr,tata,tiago,xz plus dual tone roof,64829,2019,467000,petrol,1,orange,hatchback,manual,2019,7,tata_tiago
delhi-ncr,honda,city,v petrol,44701,2017,660000,petrol,1,white,sedan,manual,2017,9,honda_city
delhi-ncr,maruti suzuki,ciaz,vxi+,107259,2015,417000,petrol,1,grey,sedan,manual,2015,11,maruti suzuki_ciaz
delhi-ncr,honda,city,1.5 v mt,74131,2012,322000,petrol,1,silver,sedan,manual,2012,14,honda_city
delhi-ncr,maruti suzuki,ciaz,zxi  at,118222,2015,429000,petrol,2,grey,sedan,automatic,2015,11,maruti suzuki_ciaz
delhi-ncr,hyundai,aura,sx 1.2 petrol,20806,2021,627000,petrol,1,grey,sedan,manual,2021,5,hyundai_aura
delhi-ncr,honda,wr-v,vx mt petrol,43458,2018,629000,petrol,1,grey,suv,manual,2018,8,honda_wr-v
delhi-ncr,renault,kiger,rxt (o) amt,4888,2024,758000,petrol,1,black,suv,automatic,2024,2,renault_kiger
delhi-ncr,mahindra,thar,lx hard top petrol at 4wd,45650,2021,1253215,petrol,1,grey,suv,automatic,2021,5,mahindra_thar
delhi-ncr,maruti suzuki,baleno,delta 1.2,22071,2018,527000,petrol,1,blue,hatchback,manual,2018,8,maruti suzuki_baleno
delhi-ncr,honda,city,zx cvt,121907,2017,709000,petrol,1,brown,sedan,automatic,2017,9,honda_city
delhi-ncr,maruti suzuki,baleno,zeta mt,13926,2024,782000,petrol,1,white,hatchback,manual,2024,2,maruti suzuki_baleno
delhi-ncr,hyundai,elite i20,magna 1.2,98780,2015,379000,petrol,1,red,hatchback,manual,2015,11,hyundai_elite i20
delhi-ncr,kia,seltos,gtx dct,45424,2019,1189683,petrol,1,red,suv,automatic,2019,7,kia_seltos
delhi-ncr,maruti suzuki,swift,lxi (o),57447,2015,349000,petrol,1,white,hatchback,manual,2015,11,maruti suzuki_swift
delhi-ncr,tata,tiago,revotron xz,54377,2019,435000,petrol,1,white,hatchback,manual,2020,7,tata_tiago
delhi-ncr,hyundai,eon,sportz,81199,2014,234000,petrol,1,red,hatchback,manual,2015,12,hyundai_eon
delhi-ncr,tata,nexon,xz plus s,29182,2021,859000,petrol,1,grey,suv,manual,2021,5,tata_nexon
delhi-ncr,tata,nexon,xt plus petrol,49042,2019,647000,petrol,1,orange,suv,manual,2019,7,tata_nexon
delhi-ncr,renault,kwid,climber 1.0 amt opt,39120,2020,409000,petrol,1,green,hatchback,automatic,2020,6,renault_kwid
delhi-ncr,tata,altroz,xz plus 1.2,25828,2022,730000,petrol,1,red,hatchback,manual,2022,4,tata_altroz
delhi-ncr,tata,nexon,xz plus,121308,2021,674000,petrol,1,white,suv,manual,2021,5,tata_nexon
delhi-ncr,honda,city,vx cvt,80090,2017,729000,petrol,1,grey,sedan,automatic,2017,9,honda_city
delhi-ncr,honda,city,vx petrol,66738,2022,975000,petrol,1,grey,sedan,manual,2022,4,honda_city
delhi-ncr,mahindra,thar,lx hard top petrol at 4wd,31269,2022,1366433,petrol,1,beige,suv,automatic,2022,4,mahindra_thar
delhi-ncr,ford,ecosport,titanium 1.5l ti-vct at,56031,2017,589000,petrol,1,bronze,suv,automatic,2017,9,ford_ecosport
delhi-ncr,hyundai,venue,sx 1.0 (o) petrol,68488,2019,589000,petrol,3,red,suv,manual,2019,7,hyundai_venue
delhi-ncr,hyundai,grand i10,sportz 1.2 kappa vtvt,104815,2017,383000,petrol,1,silver,hatchback,manual,2017,9,hyundai_grand i10
delhi-ncr,volkswagen,ameo,comfortline 1.2l (p),38414,2016,370000,petrol,1,brown,sedan,manual,2016,10,volkswagen_ameo
delhi-ncr,maruti suzuki,baleno,alpha,41494,2019,605000,petrol,1,blue,hatchback,manual,2019,7,maruti suzuki_baleno
delhi-ncr,kia,seltos,htx d,52258,2021,1096000,diesel,2,grey,suv,manual,2021,5,kia_seltos
delhi-ncr,hyundai,venue,sx 1.0 (o) petrol,98897,2019,702000,petrol,1,white,suv,manual,2019,7,hyundai_venue
delhi-ncr,honda,city,zx cvt,72632,2017,780000,petrol,1,grey,sedan,automatic,2017,9,honda_city
delhi-ncr,maruti suzuki,alto 800,lxi (o) cng,37988,2021,407000,cng,1,white,hatchback,manual,2021,5,maruti suzuki_alto 800
delhi-ncr,honda,jazz,v petrol,46761,2016,430000,petrol,1,silver,hatchback,manual,2016,10,honda_jazz
delhi-ncr,tata,tiago,revotron xza plus,105235,2019,439000,petrol,1,grey,hatchback,automatic,2019,7,tata_tiago
delhi-ncr,mahindra,thar,lx hard top petrol at 4wd,39338,2022,1340075,petrol,1,grey,suv,automatic,2022,4,mahindra_thar
delhi-ncr,maruti suzuki,baleno,alpha,18474,2019,602000,petrol,1,blue,hatchback,manual,2019,7,maruti suzuki_baleno
delhi-ncr,maruti suzuki,dzire,vxi amt,87094,2018,512000,petrol,1,red,sedan,automatic,2018,8,maruti suzuki_dzire
delhi-ncr,maruti suzuki,baleno,zeta 1.2,66014,2015,416000,petrol,1,white,hatchback,manual,2015,11,maruti suzuki_baleno
delhi-ncr,honda,amaze,1.2 s i-vtec opt,64482,2017,417000,petrol,1,silver,sedan,manual,2017,9,honda_amaze
delhi-ncr,maruti suzuki,swift,vxi,51297,2018,478000,petrol,1,blue,hatchback,manual,2018,8,maruti suzuki_swift
delhi-ncr,maruti suzuki,baleno,alpha mt,41569,2023,770000,petrol,1,white,hatchback,manual,2023,3,maruti suzuki_baleno
delhi-ncr,hyundai,venue,sx plus 1.0 turbo dct,64553,2019,797000,petrol,1,red,suv,automatic,2019,7,hyundai_venue
delhi-ncr,hyundai,grand i10,asta 1.2 kappa vtvt,89715,2013,275000,petrol,1,red,hatchback,manual,2013,13,hyundai_grand i10
delhi-ncr,honda,jazz,s at,71698,2015,375000,petrol,2,grey,hatchback,automatic,2015,11,honda_jazz
delhi-ncr,maruti suzuki,swift,zxi,33406,2015,427000,petrol,1,white,hatchback,manual,2015,11,maruti suzuki_swift
delhi-ncr,renault,kiger,rxt (o) mt,19743,2023,642000,petrol,1,brown,suv,manual,2023,3,renault_kiger
delhi-ncr,maruti suzuki,fronx,alpha 1.0l turbo mt,14392,2023,1045224,petrol,1,white,suv,manual,2023,3,maruti suzuki_fronx
delhi-ncr,honda,city,v,51087,2016,558000,petrol,1,white,sedan,manual,2016,10,honda_city
delhi-ncr,hyundai,new santro 1.1,magna,32508,2019,408000,petrol,1,silver,hatchback,manual,2019,7,hyundai_new santro 1.1
delhi-ncr,mahindra,thar,lx hard top petrol at 4wd,120933,2021,1151303,petrol,1,grey,suv,automatic,2021,5,mahindra_thar
delhi-ncr,hyundai,elite i20,sportz 1.2 (o),70035,2015,403000,petrol,2,white,hatchback,manual,2015,11,hyundai_elite i20
delhi-ncr,volkswagen,polo,comfortline 1.2l (p),89872,2016,404000,petrol,1,grey,hatchback,manual,2016,10,volkswagen_polo
delhi-ncr,honda,amaze,1.2 s i-vtec,42993,2013,290000,petrol,1,white,sedan,manual,2013,13,honda_amaze
delhi-ncr,renault,kwid,rxl,55798,2017,235000,petrol,1,red,hatchback,manual,2017,9,renault_kwid
delhi-ncr,tata,harrier,xza plus,51994,2021,1253313,diesel,2,white,suv,automatic,2021,5,tata_harrier
delhi-ncr,hyundai,grand i10,magna 1.2 kappa vtvt,27991,2016,368000,petrol,1,grey,hatchback,manual,2016,10,hyundai_grand i10
delhi-ncr,tata,tigor,revotron xza plus amt,70490,2022,604000,petrol,1,white,sedan,automatic,2022,4,tata_tigor
delhi-ncr,tata,punch,adventure amt,45604,2022,595000,petrol,1,orange,suv,automatic,2022,4,tata_punch
delhi-ncr,maruti suzuki,baleno,zeta,32753,2022,687000,petrol,1,grey,hatchback,manual,2022,4,maruti suzuki_baleno
delhi-ncr,kia,seltos,htx g,105426,2019,911000,petrol,1,grey,suv,manual,2019,7,kia_seltos
delhi-ncr,volkswagen,polo,highline1.2l (p),81525,2013,319000,petrol,1,silver,hatchback,manual,2013,13,volkswagen_polo
delhi-ncr,tata,nexon,kraz petrol,23433,2019,617000,petrol,1,black,suv,manual,2019,7,tata_nexon
delhi-ncr,honda,city,vx petrol,20453,2022,1090703,petrol,1,white,sedan,manual,2022,4,honda_city
delhi-ncr,renault,kwid,1.0 rxt amt opt,46114,2019,358000,petrol,1,bronze,hatchback,automatic,2019,7,renault_kwid
delhi-ncr,maruti suzuki,baleno,alpha 1.2,60836,2016,472000,petrol,1,blue,hatchback,manual,2016,10,maruti suzuki_baleno
delhi-ncr,hyundai,aura,sx 1.2 (o) crdi,121845,2020,578000,diesel,1,brown,sedan,manual,2020,6,hyundai_aura
delhi-ncr,honda,wr-v,vx mt diesel,99838,2020,770000,diesel,1,white,suv,manual,2020,6,honda_wr-v
delhi-ncr,honda,city,vx,44193,2017,726000,petrol,1,grey,sedan,manual,2017,9,honda_city
delhi-ncr,maruti suzuki,baleno,alpha 1.2 at,58227,2018,551000,petrol,2,white,hatchback,automatic,2018,8,maruti suzuki_baleno
delhi-ncr,honda,brio,s mt,58830,2013,250000,petrol,1,brown,hatchback,manual,2013,13,honda_brio
delhi-ncr,hyundai,i10,magna 1.1 irde2,69988,2014,233000,petrol,2,grey,hatchback,manual,2014,12,hyundai_i10
delhi-ncr,maruti suzuki,baleno,zeta mt,78363,2023,678000,petrol,1,blue,hatchback,manual,2023,3,maruti suzuki_baleno
delhi-ncr,renault,triber,rxz,42647,2020,489000,petrol,2,blue,muv,manual,2020,6,renault_triber
delhi-ncr,maruti suzuki,swift,zxi amt,122578,2018,494000,petrol,1,red,hatchback,automatic,2018,8,maruti suzuki_swift
delhi-ncr,kia,sonet,gtx plus 1.5,75672,2022,984000,diesel,1,silver,suv,manual,2022,4,kia_sonet
delhi-ncr,hyundai,venue,sx 1.2 petrol,29613,2023,952000,petrol,1,white,suv,manual,2023,3,hyundai_venue
delhi-ncr,maruti suzuki,s-cross,zeta,20069,2022,897000,petrol,1,white,suv,manual,2022,4,maruti suzuki_s-cross
delhi-ncr,tata,harrier,xt,74808,2020,1044243,diesel,1,white,suv,manual,2020,6,tata_harrier
delhi-ncr,mg motors,astor,sharp 1.5 cvt,57209,2022,1132113,petrol,1,black,suv,automatic,2022,4,mg motors_astor
delhi-ncr,hyundai,xcent,s petrol,79386,2014,290000,petrol,2,blue,sedan,manual,2014,12,hyundai_xcent
delhi-ncr,hyundai,aura,sx 1.2 petrol,22325,2022,670000,petrol,1,white,sedan,manual,2022,4,hyundai_aura
delhi-ncr,hyundai,elite i20,asta 1.2,34162,2017,541000,petrol,1,red,hatchback,manual,2017,9,hyundai_elite i20
delhi-ncr,honda,jazz,vx,20567,2022,732000,petrol,1,white,hatchback,manual,2023,4,honda_jazz
delhi-ncr,hyundai,grand i10,asta 1.2 kappa vtvt,64785,2015,365000,petrol,1,grey,hatchback,manual,2015,11,hyundai_grand i10
delhi-ncr,tata,nexon,xm,79741,2019,529000,petrol,1,blue,suv,manual,2019,7,tata_nexon
delhi-ncr,hyundai,new santro 1.1,sportz mt,29512,2021,446000,petrol,1,white,hatchback,manual,2021,5,hyundai_new santro 1.1
delhi-ncr,maruti suzuki,baleno,alpha mt,25963,2022,708000,petrol,2,blue,hatchback,manual,2022,4,maruti suzuki_baleno
delhi-ncr,maruti suzuki,dzire,vxi ags,95519,2021,549000,petrol,1,white,sedan,automatic,2021,5,maruti suzuki_dzire
delhi-ncr,honda,city,sv,62838,2014,429000,petrol,1,brown,sedan,manual,2014,12,honda_city
delhi-ncr,maruti suzuki,baleno,alpha 1.2,79615,2016,455000,petrol,1,red,hatchback,manual,2016,10,maruti suzuki_baleno
delhi-ncr,hyundai,grand i10,magna 1.2 kappa vtvt,24593,2018,425000,petrol,1,red,hatchback,manual,2018,8,hyundai_grand i10
delhi-ncr,kia,carens,prestige plus 1.5 turbo petrol dct 7 str,22843,2023,1420973,petrol,1,blue,muv,automatic,2023,3,kia_carens
delhi-ncr,kia,seltos,gtx plus dct,76542,2021,1355278,petrol,1,black,suv,automatic,2021,5,kia_seltos
delhi-ncr,mahindra,thar,lx hard top diesel at 4wd,52426,2021,1263413,diesel,1,brown,suv,automatic,2021,5,mahindra_thar
delhi-ncr,honda,amaze,1.2 vx i-vtec,73441,2013,295000,petrol,1,white,sedan,manual,2013,13,honda_amaze
delhi-ncr,hyundai,new i20,asta 1.0 turbo imt,33828,2021,765000,petrol,2,white,hatchback,manual,2021,5,hyundai_new i20
delhi-ncr,maruti suzuki,dzire,zxi cng,57094,2022,691000,cng,1,white,sedan,manual,2022,4,maruti suzuki_dzire
delhi-ncr,renault,kwid,1.0 rxt opt,32643,2020,335000,petrol,2,red,hatchback,manual,2020,6,renault_kwid
delhi-ncr,hyundai,creta,s petrol,47061,2023,1131058,petrol,1,white,suv,manual,2023,3,hyundai_creta
delhi-ncr,ford,ecosport,s petrol,44917,2020,719000,petrol,2,blue,suv,manual,2020,6,ford_ecosport
delhi-ncr,maruti suzuki,baleno,zeta,16655,2021,667000,petrol,1,white,hatchback,manual,2021,5,maruti suzuki_baleno
delhi-ncr,hyundai,i20 active,1.2 s,63004,2015,430000,petrol,1,brown,crossover,manual,2015,11,hyundai_i20 active
delhi-ncr,maruti suzuki,ciaz,alpha 1.5 at,49384,2022,920000,petrol,1,white,sedan,automatic,2022,4,maruti suzuki_ciaz
delhi-ncr,mahindra,scorpio n,z8 l diesel at 7 str,31627,2022,1980513,diesel,1,brown,suv,automatic,2022,4,mahindra_scorpio n
delhi-ncr,ford,ecosport,ambiente 1.5l ti-vct,61894,2019,542000,petrol,1,blue,suv,manual,2019,7,ford_ecosport
delhi-ncr,ford,ecosport,titanium 1.5l ti-vct,63105,2019,662000,petrol,1,grey,suv,manual,2019,7,ford_ecosport
delhi-ncr,maruti suzuki,baleno,zeta ags,5802,2023,797000,petrol,1,white,hatchback,automatic,2023,3,maruti suzuki_baleno
delhi-ncr,maruti suzuki,fronx,delta plus 1.2l ags,13751,2024,852000,petrol,1,grey,suv,automatic,2024,2,maruti suzuki_fronx
delhi-ncr,toyota,glanza,g,31079,2022,689000,petrol,1,blue,hatchback,manual,2022,4,toyota_glanza
delhi-ncr,hyundai,fluidic verna 4s,1.6 vtvt sx at,45056,2016,588000,petrol,2,black,sedan,automatic,2016,10,hyundai_fluidic verna 4s
delhi-ncr,toyota,corolla altis,vl cvt petrol,117684,2018,925000,petrol,1,brown,sedan,automatic,2019,8,toyota_corolla altis
delhi-ncr,mahindra,thar,lx convertible petrol at 4wd,91882,2021,1088683,petrol,1,red,suv,automatic,2021,5,mahindra_thar
delhi-ncr,ford,ecosport,titanium 1.5l ti-vct,78543,2019,648000,petrol,1,red,suv,manual,2019,7,ford_ecosport
delhi-ncr,tata,tiago,revotron xe,124077,2017,289000,petrol,1,silver,hatchback,manual,2017,9,tata_tiago
delhi-ncr,hyundai,creta,1.6 sx plus auto petrol,52430,2016,801000,petrol,2,silver,suv,automatic,2017,10,hyundai_creta
delhi-ncr,maruti suzuki,dzire,vxi,13760,2022,642000,petrol,1,blue,sedan,manual,2022,4,maruti suzuki_dzire
delhi-ncr,tata,tigor,revotron xz+ cng,49000,2023,676000,petrol+cng,1,maroon,sedan,manual,2023,3,tata_tigor
delhi-ncr,honda,amaze,vx 1.2 petrol cvt,6756,2024,917000,petrol,1,grey,sedan,automatic,2025,2,honda_amaze
delhi-ncr,honda,city,v petrol,37202,2023,998000,petrol,1,brown,sedan,manual,2023,3,honda_city
delhi-ncr,maruti suzuki,vitara brezza,vxi,20031,2021,742000,petrol,1,red,suv,manual,2021,5,maruti suzuki_vitara brezza
delhi-ncr,maruti suzuki,baleno,zeta automatic,37820,2020,636000,petrol,1,blue,hatchback,automatic,2021,6,maruti suzuki_baleno
delhi-ncr,hyundai,grand i10,asta 1.2 kappa vtvt,65755,2017,433000,petrol,1,red,hatchback,manual,2017,9,hyundai_grand i10
delhi-ncr,honda,amaze,1.2 s i-vtec,73893,2015,341000,petrol,1,grey,sedan,manual,2015,11,honda_amaze
delhi-ncr,hyundai,eon,era +,47434,2016,231000,petrol,2,silver,hatchback,manual,2016,10,hyundai_eon
delhi-ncr,honda,amaze,1.2 sx i-vtec,41052,2016,413000,petrol,1,white,sedan,manual,2016,10,honda_amaze
delhi-ncr,maruti suzuki,baleno,delta 1.2,41847,2016,442000,petrol,1,white,hatchback,manual,2016,10,maruti suzuki_baleno
delhi-ncr,kia,sonet,htx 1.0 imt,78984,2021,791000,petrol,1,white,suv,manual,2021,5,kia_sonet
delhi-ncr,volkswagen,taigun,highline 1.0 tsi at,65793,2022,1078554,petrol,1,silver,suv,automatic,2022,4,volkswagen_taigun
delhi-ncr,hyundai,elite i20,asta 1.2 (o) cvt,30888,2019,564000,petrol,3,silver,hatchback,automatic,2019,7,hyundai_elite i20
delhi-ncr,maruti suzuki,baleno,zeta 1.2,81664,2018,482000,petrol,1,blue,hatchback,manual,2018,8,maruti suzuki_baleno
delhi-ncr,toyota,urban cruiser hyryder,v hybrid,29847,2022,1688623,hybrid,1,blue,suv,automatic,2023,4,toyota_urban cruiser hyryder
delhi-ncr,maruti suzuki,baleno,alpha mt,45299,2022,729000,petrol,1,grey,hatchback,manual,2022,4,maruti suzuki_baleno
delhi-ncr,mg motors,hector,sharp pro 1.5 turbo mt,18622,2023,1637113,petrol,1,grey,suv,manual,2023,3,mg motors_hector
delhi-ncr,maruti suzuki,swift,zxi amt,56125,2018,506000,petrol,2,silver,hatchback,automatic,2018,8,maruti suzuki_swift
delhi-ncr,maruti suzuki,alto 800,lxi,19691,2014,205000,petrol,2,silver,hatchback,manual,2014,12,maruti suzuki_alto 800
delhi-ncr,hyundai,verna,fluidic 1.6 vtvt sx,76633,2013,354000,petrol,2,white,sedan,manual,2013,13,hyundai_verna
delhi-ncr,tata,tiago,xza plus dual tone,37324,2020,499000,petrol,2,blue,hatchback,automatic,2020,6,tata_tiago
delhi-ncr,renault,kwid,climber 1.0 amt opt,22428,2020,418000,petrol,1,white,hatchback,automatic,2020,6,renault_kwid
delhi-ncr,renault,kiger,rxt turbo cvt,38948,2022,745000,petrol,1,brown,suv,automatic,2022,4,renault_kiger
delhi-ncr,tata,tigor,revotron xz+ cng,45143,2022,645000,petrol+cng,1,grey,sedan,manual,2022,4,tata_tigor
delhi-ncr,hyundai,grand i10,magna 1.2 kappa vtvt,50601,2014,298000,petrol,1,grey,hatchback,manual,2014,12,hyundai_grand i10
delhi-ncr,honda,city,vx cvt,79426,2015,567000,petrol,1,brown,sedan,automatic,2015,11,honda_city
delhi-ncr,honda,amaze,1.2 s i-vtec,59172,2013,296000,petrol,1,maroon,sedan,manual,2014,13,honda_amaze
delhi-ncr,tata,altroz,xt 1.2,17427,2023,667000,petrol,1,grey,hatchback,manual,2023,3,tata_altroz
delhi-ncr,toyota,corolla altis,g petrol,99450,2015,585000,petrol,1,grey,sedan,manual,2015,11,toyota_corolla altis
delhi-ncr,maruti suzuki,baleno,zeta petrol+cng (outside fitted),80057,2019,540000,cng,1,grey,hatchback,manual,2019,7,maruti suzuki_baleno
delhi-ncr,kia,carens,prestige plus 1.4 petrol mt 7 str,30452,2022,1176508,petrol,1,blue,muv,manual,2022,4,kia_carens
delhi-ncr,hyundai,venue,sx 1.0  turbo imt,36659,2022,848000,petrol,1,silver,suv,manual,2022,4,hyundai_venue
delhi-ncr,maruti suzuki,xl6,alpha at petrol,102923,2020,856000,petrol,1,red,muv,automatic,2020,6,maruti suzuki_xl6
delhi-ncr,hyundai,eon,era +,48628,2014,221000,petrol,1,grey,hatchback,manual,2014,12,hyundai_eon
delhi-ncr,tata,safari,xz plus dark edition,32673,2023,1855000,diesel,1,black,suv,manual,2023,3,tata_safari
delhi-ncr,hyundai,tucson,2wd mt petrol,70677,2017,997000,petrol,1,red,suv,manual,2017,9,hyundai_tucson
delhi-ncr,renault,triber,rxz easy-r amt,5462,2022,661000,petrol,1,brown,muv,automatic,2025,4,renault_triber
delhi-ncr,hyundai,creta,1.6 sx plus petrol,113215,2016,595000,petrol,1,red,suv,manual,2016,10,hyundai_creta
delhi-ncr,maruti suzuki,s-cross,zeta,31363,2021,808000,petrol,1,grey,suv,manual,2021,5,maruti suzuki_s-cross
delhi-ncr,maruti suzuki,wagon r 1.0,vxi,70737,2015,258000,petrol,2,white,hatchback,manual,2015,11,maruti suzuki_wagon r 1.0
delhi-ncr,hyundai,venue,sx plus 1.0 turbo dct,72909,2019,779000,petrol,1,red,suv,automatic,2019,7,hyundai_venue
delhi-ncr,kia,sonet,htx plus 1.0 imt,48799,2022,972000,petrol,1,black,suv,manual,2022,4,kia_sonet
delhi-ncr,maruti suzuki,brezza,zxi,24867,2022,957000,petrol,1,white,suv,manual,2022,4,maruti suzuki_brezza
delhi-ncr,tata,nexon,xz plus,46804,2020,726000,petrol,1,silver,suv,manual,2020,6,tata_nexon
delhi-ncr,maruti suzuki,celerio,zxi,30644,2023,503000,petrol,1,white,hatchback,manual,2023,3,maruti suzuki_celerio
delhi-ncr,hyundai,creta,sx opt turbo dct petrol,57219,2022,1500000,petrol,1,black,suv,automatic,2022,4,hyundai_creta
delhi-ncr,maruti suzuki,swift,vxi,35362,2018,472000,petrol,1,silver,hatchback,manual,2018,8,maruti suzuki_swift
delhi-ncr,toyota,urban cruiser,high grade mt,20016,2022,812000,petrol,1,silver,suv,manual,2022,4,toyota_urban cruiser
delhi-ncr,datsun,redi-go,t (o),28225,2017,191000,petrol,3,red,hatchback,manual,2018,9,datsun_redi-go
delhi-ncr,maruti suzuki,swift,lxi (o),62425,2017,378000,petrol,1,white,hatchback,manual,2017,9,maruti suzuki_swift
delhi-ncr,hyundai,new santro 1.1,sportz cng,60863,2019,448000,petrol+cng,1,beige,hatchback,manual,2019,7,hyundai_new santro 1.1
delhi-ncr,hyundai,venue,sx 1.2 petrol,49598,2023,896000,petrol,1,black,suv,manual,2023,3,hyundai_venue
delhi-ncr,maruti suzuki,baleno,rs 1.0,44312,2017,517000,petrol,1,blue,hatchback,manual,2017,9,maruti suzuki_baleno
delhi-ncr,honda,brio,s mt,65156,2012,249000,petrol,1,blue,hatchback,manual,2012,14,honda_brio
delhi-ncr,hyundai,elite i20,sportz plus 1.2,47764,2019,571000,petrol,1,grey,hatchback,manual,2019,7,hyundai_elite i20
delhi-ncr,hyundai,elite i20,asta 1.2,82067,2015,445000,petrol,1,red,hatchback,manual,2015,11,hyundai_elite i20
delhi-ncr,maruti suzuki,ciaz,delta 1.4 at,78139,2017,573000,petrol,1,red,sedan,automatic,2017,9,maruti suzuki_ciaz
delhi-ncr,mahindra,xuv500,w9 at,86899,2020,1088585,diesel,1,black,suv,automatic,2020,6,mahindra_xuv500
delhi-ncr,hyundai,elite i20,asta 1.2,45677,2017,522000,petrol,1,blue,hatchback,manual,2017,9,hyundai_elite i20
delhi-ncr,maruti suzuki,ciaz,alpha 1.4 at,37628,2017,628000,petrol,2,grey,sedan,automatic,2017,9,maruti suzuki_ciaz
delhi-ncr,maruti suzuki,baleno,sigma mt,23825,2022,578000,petrol,1,white,hatchback,manual,2023,4,maruti suzuki_baleno
delhi-ncr,hyundai,grand i10 nios,sportz amt 1.2 kappa vtvt,16484,2023,687000,petrol,1,white,hatchback,automatic,2023,3,hyundai_grand i10 nios
delhi-ncr,maruti suzuki,vitara brezza,zxi plus at dual tone,38718,2020,819000,petrol,2,red,suv,automatic,2020,6,maruti suzuki_vitara brezza
delhi-ncr,tata,safari,xt plus dark edition,48549,2023,1678523,diesel,1,black,suv,manual,2023,3,tata_safari
delhi-ncr,toyota,innova crysta,2.4 z 7str,89233,2020,1699000,diesel,1,bronze,muv,manual,2020,6,toyota_innova crysta
delhi-ncr,maruti suzuki,baleno,zeta 1.2 at,48763,2017,475000,petrol,2,silver,hatchback,automatic,2017,9,maruti suzuki_baleno
delhi-ncr,volkswagen,polo,highline1.2l (p),97854,2016,417000,petrol,1,grey,hatchback,manual,2016,10,volkswagen_polo
delhi-ncr,maruti suzuki,s-cross,zeta at,51898,2021,780000,petrol,1,white,suv,automatic,2021,5,maruti suzuki_s-cross
delhi-ncr,honda,amaze,1.2 s i-vtec opt,63436,2018,458000,petrol,1,white,sedan,manual,2018,8,honda_amaze
delhi-ncr,maruti suzuki,wagon r 1.0,lxi,40553,2013,241000,petrol,1,grey,hatchback,manual,2013,13,maruti suzuki_wagon r 1.0
delhi-ncr,renault,duster,rxl petrol,87357,2016,432000,petrol,2,red,suv,manual,2016,10,renault_duster
delhi-ncr,maruti suzuki,wagon r 1.2,zxi 1.2 amt,35845,2022,573000,petrol,1,silver,hatchback,automatic,2022,4,maruti suzuki_wagon r 1.2
delhi-ncr,honda,city,zx cvt petrol,44667,2021,1156308,petrol,1,grey,sedan,automatic,2021,5,honda_city
delhi-ncr,volkswagen,vento,1.2l highline petrol at,98350,2015,497000,petrol,1,brown,sedan,automatic,2015,11,volkswagen_vento
delhi-ncr,maruti suzuki,baleno,zeta ags,49745,2023,720000,petrol,1,blue,hatchback,automatic,2023,3,maruti suzuki_baleno
delhi-ncr,volkswagen,polo,comfortline 1.2l (p),97991,2012,250000,petrol,1,grey,hatchback,manual,2012,14,volkswagen_polo
delhi-ncr,maruti suzuki,swift,lxi (o),24286,2016,387000,petrol,1,white,hatchback,manual,2016,10,maruti suzuki_swift
delhi-ncr,renault,triber,rxz,29991,2022,583000,petrol,1,silver,muv,manual,2022,4,renault_triber
delhi-ncr,honda,city,v cvt,76432,2017,619000,petrol,2,grey,sedan,automatic,2017,9,honda_city
delhi-ncr,skoda,slavia,active 1.0l tsi mt,47795,2022,874000,petrol,1,grey,sedan,manual,2022,4,skoda_slavia
delhi-ncr,maruti suzuki,ignis,delta 1.2 amt,6268,2023,609000,petrol,1,white,hatchback,automatic,2023,3,maruti suzuki_ignis
delhi-ncr,renault,kwid,rxl,60718,2020,315000,petrol,1,red,hatchback,manual,2020,6,renault_kwid
delhi-ncr,hyundai,creta,sx+ se,90490,2017,672000,petrol,2,white,suv,manual,2017,9,hyundai_creta
delhi-ncr,honda,city,v,65222,2016,527000,petrol,1,silver,sedan,manual,2016,10,honda_city
delhi-ncr,tata,tiago,revotron xz,29807,2017,358000,petrol,2,silver,hatchback,manual,2017,9,tata_tiago
delhi-ncr,mg motors,hector,2.0 sharp,70376,2020,1249098,diesel,1,red,suv,manual,2020,6,mg motors_hector
delhi-ncr,kia,seltos,htx ivt g,102562,2019,977000,petrol,1,grey,suv,automatic,2019,7,kia_seltos
delhi-ncr,kia,seltos,htk plus g,34137,2021,1051000,petrol,1,grey,suv,manual,2021,5,kia_seltos
delhi-ncr,maruti suzuki,s-presso,vxi plus,55386,2020,364000,petrol,1,white,hatchback,manual,2020,6,maruti suzuki_s-presso
delhi-ncr,mahindra,xuv700,ax 5 petrol at 5 str,34396,2022,1672000,petrol,1,white,suv,automatic,2022,4,mahindra_xuv700
delhi-ncr,tata,tigor,revotron xz+ cng,84773,2022,596000,petrol+cng,1,white,sedan,manual,2022,4,tata_tigor
delhi-ncr,maruti suzuki,ciaz,alpha 1.4 mt,57527,2017,598000,petrol,1,blue,sedan,manual,2017,9,maruti suzuki_ciaz
delhi-ncr,volkswagen,taigun,highline 1.0 tsi at,79695,2022,1042223,petrol,1,white,suv,automatic,2022,4,volkswagen_taigun
delhi-ncr,maruti suzuki,ciaz,zxi+ at,87237,2016,545000,petrol,1,grey,sedan,automatic,2016,10,maruti suzuki_ciaz
delhi-ncr,maruti suzuki,baleno,zeta 1.2 at,34151,2018,581000,petrol,1,blue,hatchback,automatic,2018,8,maruti suzuki_baleno
delhi-ncr,mahindra,thar,lx hard top petrol at 4wd,43325,2021,1252205,petrol,1,grey,suv,automatic,2021,5,mahindra_thar
delhi-ncr,tata,punch,creative amt dual tone,26105,2023,814000,petrol,1,grey,suv,automatic,2023,3,tata_punch
delhi-ncr,renault,kwid,climber 1.0 amt opt,19499,2020,421000,petrol,1,white,hatchback,automatic,2021,6,renault_kwid
delhi-ncr,renault,duster,rxl petrol,69178,2014,395000,petrol,1,silver,suv,manual,2014,12,renault_duster
delhi-ncr,honda,city,vx cvt,122736,2014,449000,petrol,1,silver,sedan,automatic,2014,12,honda_city
delhi-ncr,honda,city,v,58892,2014,422000,petrol,2,silver,sedan,manual,2014,12,honda_city
delhi-ncr,hyundai,eon,era +,46246,2015,220000,petrol,2,white,hatchback,manual,2015,11,hyundai_eon
delhi-ncr,mahindra,thar,lx hard top petrol at 4wd,74639,2021,1168375,petrol,1,grey,suv,automatic,2021,5,mahindra_thar
delhi-ncr,volkswagen,vento,1.2l highline petrol at,79654,2016,462000,petrol,3,grey,sedan,automatic,2016,10,volkswagen_vento
delhi-ncr,hyundai,i10,magna 1.1 irde2,74975,2015,270000,petrol,1,silver,hatchback,manual,2015,11,hyundai_i10
delhi-ncr,mg motors,hector,1.5 super,59932,2020,1042223,petrol,1,red,suv,manual,2020,6,mg motors_hector
delhi-ncr,hyundai,xcent,sx  petrol+cng (outside fitted),44526,2019,499000,cng,2,grey,sedan,manual,2019,7,hyundai_xcent
delhi-ncr,maruti suzuki,wagon r 1.0,lxi cng,99342,2017,323000,petrol+cng,1,white,hatchback,manual,2017,9,maruti suzuki_wagon r 1.0
delhi-ncr,maruti suzuki,alto 800,lxi,41374,2014,206000,petrol,1,grey,hatchback,manual,2014,12,maruti suzuki_alto 800
delhi-ncr,tata,altroz,xza+,20224,2022,798000,petrol,1,white,hatchback,automatic,2022,4,tata_altroz
delhi-ncr,mahindra,thar,lx hard top petrol at 4wd,80412,2021,1042223,petrol,2,black,suv,automatic,2021,5,mahindra_thar
delhi-ncr,honda,city,vx cvt petrol,55015,2022,1085608,petrol,1,grey,sedan,automatic,2022,4,honda_city
delhi-ncr,honda,city,vx (o) mt,66443,2015,540000,petrol,1,grey,sedan,manual,2015,11,honda_city
delhi-ncr,maruti suzuki,brezza,zxi plus,22664,2022,1090658,petrol,1,white,suv,manual,2022,4,maruti suzuki_brezza
delhi-ncr,hyundai,eon,d-lite +,31613,2015,225000,petrol,1,silver,hatchback,manual,2015,11,hyundai_eon
delhi-ncr,tata,punch,accomplished mt,79603,2021,556000,petrol,1,white,suv,manual,2021,5,tata_punch
delhi-ncr,tata,nexon,xma amt petrol,100726,2019,536000,petrol,1,grey,suv,automatic,2019,7,tata_nexon
delhi-ncr,renault,triber,rxz amt,40403,2021,549000,petrol,2,blue,muv,automatic,2021,5,renault_triber
delhi-ncr,ford,ecosport,titanium 1.5l ti-vct,54517,2017,553000,petrol,1,silver,suv,manual,2017,9,ford_ecosport
delhi-ncr,kia,seltos,x line dct,79891,2022,1418953,petrol,1,grey,suv,automatic,2022,4,kia_seltos
delhi-ncr,maruti suzuki,baleno,zeta ags,25961,2023,763000,petrol,1,silver,hatchback,automatic,2023,3,maruti suzuki_baleno
delhi-ncr,honda,wr-v,vx mt petrol,31297,2018,639000,petrol,1,orange,suv,manual,2018,8,honda_wr-v
delhi-ncr,maruti suzuki,baleno,alpha ags,20301,2023,832000,petrol,1,silver,hatchback,automatic,2023,3,maruti suzuki_baleno
delhi-ncr,maruti suzuki,baleno,alpha,51633,2021,690000,petrol,1,blue,hatchback,manual,2021,5,maruti suzuki_baleno
delhi-ncr,hyundai,i10,magna 1.1 irde2,59750,2014,222000,petrol,2,white,hatchback,manual,2014,12,hyundai_i10
delhi-ncr,maruti suzuki,baleno,delta 1.2,51510,2016,432000,petrol,1,grey,hatchback,manual,2017,10,maruti suzuki_baleno
delhi-ncr,hyundai,elite i20,sportz 1.2,74094,2017,479000,petrol,1,red,hatchback,manual,2017,9,hyundai_elite i20
delhi-ncr,hyundai,creta,1.6 sx plus petrol,64264,2016,699000,petrol,1,grey,suv,manual,2016,10,hyundai_creta
delhi-ncr,hyundai,verna,sx (o) 1.6 vtvt at,62270,2017,820000,petrol,1,silver,sedan,automatic,2017,9,hyundai_verna
delhi-ncr,maruti suzuki,swift,vxi,28267,2014,298000,petrol,2,grey,hatchback,manual,2014,12,maruti suzuki_swift
delhi-ncr,honda,amaze,1.2 s i-vtec,32625,2017,417000,petrol,1,silver,sedan,manual,2017,9,honda_amaze
delhi-ncr,renault,kwid,1.0 rxt opt,42529,2021,394000,petrol,1,red,hatchback,manual,2021,5,renault_kwid
delhi-ncr,honda,wr-v,vx mt petrol,32736,2018,646000,petrol,1,white,suv,manual,2018,8,honda_wr-v
delhi-ncr,honda,city,v petrol,35964,2022,937000,petrol,1,silver,sedan,manual,2022,4,honda_city
delhi-ncr,maruti suzuki,wagon r 1.0,vxi,30556,2013,257000,petrol,1,silver,hatchback,manual,2013,13,maruti suzuki_wagon r 1.0
delhi-ncr,tata,tiago,revotron xz plus cng,41787,2022,617000,petrol+cng,1,grey,hatchback,manual,2022,4,tata_tiago
delhi-ncr,volkswagen,vento,highline plus 1.0l tsi petrol at,97117,2020,744000,petrol,1,silver,sedan,automatic,2020,6,volkswagen_vento
delhi-ncr,ford,ecosport,titanium + 1.5l ti-vct at,60092,2018,704000,petrol,1,silver,suv,automatic,2018,8,ford_ecosport
delhi-ncr,hyundai,verna,fluidic 1.6 vtvt ex,96979,2013,297000,petrol,1,beige,sedan,manual,2013,13,hyundai_verna
delhi-ncr,hyundai,elite i20,sportz 1.2 (o),81926,2015,423000,petrol,1,silver,hatchback,manual,2015,11,hyundai_elite i20
delhi-ncr,nissan,magnite,xv premium turbo cvt,30997,2021,760000,petrol,1,white,suv,automatic,2021,5,nissan_magnite
delhi-ncr,ford,ecosport,titanium + 1.5l ti-vct at,89395,2017,639000,petrol,1,red,suv,automatic,2018,9,ford_ecosport
delhi-ncr,hyundai,grand i10,asta 1.2 kappa vtvt,33056,2015,399000,petrol,1,white,hatchback,manual,2015,11,hyundai_grand i10
delhi-ncr,tata,tiago,xe cng,29430,2024,541000,cng,1,white,hatchback,manual,2025,2,tata_tiago
delhi-ncr,maruti suzuki,baleno,alpha ags,8415,2024,911000,petrol,1,white,hatchback,automatic,2024,2,maruti suzuki_baleno
delhi-ncr,hyundai,creta,1.6 sx plus auto petrol,54711,2018,866000,petrol,1,silver,suv,automatic,2018,8,hyundai_creta
delhi-ncr,honda,city,vx,48355,2016,586000,petrol,1,white,sedan,manual,2016,10,honda_city
delhi-ncr,maruti suzuki,s-cross,zeta,54264,2022,797000,petrol,1,grey,suv,manual,2022,4,maruti suzuki_s-cross
delhi-ncr,hyundai,grand i10,sportz 1.2 kappa vtvt,24704,2019,498000,petrol,1,white,hatchback,manual,2019,7,hyundai_grand i10
delhi-ncr,maruti suzuki,grand vitara,delta smart hybrid,40938,2023,1045253,petrol,1,silver,suv,manual,2023,3,maruti suzuki_grand vitara
delhi-ncr,renault,triber,rxz,46005,2021,506000,petrol,2,blue,muv,manual,2021,5,renault_triber
delhi-ncr,mahindra,thar,lx 4 str convertible petrol at 4wd,34388,2022,1289098,petrol,1,red,suv,automatic,2022,4,mahindra_thar
delhi-ncr,hyundai,verna,fluidic 1.6 vtvt sx,33005,2013,373000,petrol,2,grey,sedan,manual,2013,13,hyundai_verna
delhi-ncr,maruti suzuki,ciaz,zxi  at,42994,2015,450000,petrol,3,white,sedan,automatic,2015,11,maruti suzuki_ciaz
delhi-ncr,hyundai,elite i20,asta 1.2,119647,2018,519000,petrol,1,silver,hatchback,manual,2018,8,hyundai_elite i20
delhi-ncr,renault,kiger,rxz turbo cvt,23471,2022,767000,petrol,2,maroon,suv,automatic,2022,4,renault_kiger
delhi-ncr,tata,tiago,revotron xz,53811,2018,411000,petrol,1,silver,hatchback,manual,2018,8,tata_tiago
delhi-ncr,maruti suzuki,ciaz,alpha 1.4 mt,53534,2018,601000,petrol,2,grey,sedan,manual,2018,8,maruti suzuki_ciaz
delhi-ncr,maruti suzuki,ciaz,zxi+,59900,2016,516000,petrol,1,brown,sedan,manual,2016,10,maruti suzuki_ciaz
delhi-ncr,honda,amaze,1.2 vx (o),45903,2015,399000,petrol,1,red,sedan,manual,2015,11,honda_amaze
delhi-ncr,hyundai,elite i20,magna executive 1.2,48116,2017,457000,petrol,1,white,hatchback,manual,2017,9,hyundai_elite i20
delhi-ncr,hyundai,creta,1.6l sx vtvt,45032,2018,772000,petrol,2,white,suv,manual,2018,8,hyundai_creta
delhi-ncr,hyundai,venue,sx (o) 1.0 turbo imt,42797,2022,917000,petrol,1,grey,suv,manual,2022,4,hyundai_venue
delhi-ncr,maruti suzuki,dzire,vxi,34586,2018,505000,petrol,1,silver,sedan,manual,2018,8,maruti suzuki_dzire
delhi-ncr,tata,nexon,xz petrol,45086,2019,613000,petrol,1,silver,suv,manual,2019,7,tata_nexon
delhi-ncr,hyundai,grand i10,sportz 1.2 kappa vtvt,67003,2015,353000,petrol,1,red,hatchback,manual,2015,11,hyundai_grand i10
delhi-ncr,mahindra,thar,lx hard top petrol mt 4wd,18530,2021,1079495,petrol,2,red,suv,manual,2022,5,mahindra_thar
delhi-ncr,hyundai,venue,sx 1.0  turbo,27035,2021,821000,petrol,1,white,suv,manual,2021,5,hyundai_venue
delhi-ncr,hyundai,verna,sx (o)1.6 vtvt,34303,2019,899000,petrol,1,white,sedan,manual,2019,7,hyundai_verna
delhi-ncr,hyundai,grand i10,asta at 1.2 kappa vtvt,24881,2015,432000,petrol,1,grey,hatchback,automatic,2015,11,hyundai_grand i10
delhi-ncr,hyundai,i20,magna 1.2,39433,2011,262000,petrol,1,silver,hatchback,manual,2011,15,hyundai_i20
delhi-ncr,hyundai,creta,1.6 sx opt vtvt,84088,2019,870000,petrol,1,grey,suv,manual,2019,7,hyundai_creta
delhi-ncr,honda,city,v 4th gen,58698,2017,650000,petrol,1,brown,sedan,manual,2017,9,honda_city
delhi-ncr,maruti suzuki,a-star,vxi,75042,2012,160000,petrol,1,white,hatchback,manual,2012,14,maruti suzuki_a-star
delhi-ncr,mahindra,thar,lx hard top petrol at 4wd,45375,2021,1253215,petrol,1,black,suv,automatic,2021,5,mahindra_thar
delhi-ncr,ford,ecosport,trend 1.5l ti-vct,63562,2016,469000,petrol,1,silver,suv,manual,2016,10,ford_ecosport
delhi-ncr,maruti suzuki,ciaz,alpha 1.4 at,19879,2017,581000,petrol,3,blue,sedan,automatic,2017,9,maruti suzuki_ciaz
delhi-ncr,maruti suzuki,baleno,sigma,18023,2021,527000,petrol,1,grey,hatchback,manual,2021,5,maruti suzuki_baleno
delhi-ncr,tata,altroz,xz plus (s),25396,2023,759000,petrol,1,grey,hatchback,manual,2023,3,tata_altroz
delhi-ncr,tata,tigor,revotron xz+ cng,52369,2022,649000,petrol+cng,1,red,sedan,manual,2022,4,tata_tigor
delhi-ncr,hyundai,grand i10 nios,asta 1.2 kappa amt,6136,2024,806000,petrol,1,white,hatchback,automatic,2024,2,hyundai_grand i10 nios
delhi-ncr,honda,elevate,vx mt,15861,2024,1310000,petrol,1,white,suv,manual,2024,2,honda_elevate
delhi-ncr,renault,kiger,rxt (o) mt,30772,2022,603000,petrol,1,white,suv,manual,2022,4,renault_kiger
delhi-ncr,honda,amaze,1.2 v mt petrol,58245,2020,588000,petrol,1,silver,sedan,manual,2020,6,honda_amaze
delhi-ncr,hyundai,creta,sx opt turbo dct petrol,49767,2023,1579000,petrol,1,white,suv,automatic,2023,3,hyundai_creta
delhi-ncr,renault,kwid,rxl,73425,2020,306000,petrol,1,red,hatchback,manual,2020,6,renault_kwid
delhi-ncr,hyundai,new i20,asta (o) 1.2 mt,20916,2023,845000,petrol,1,grey,hatchback,manual,2023,3,hyundai_new i20
delhi-ncr,tata,tigor,revotron xz+ cng,30584,2022,672000,petrol+cng,1,grey,sedan,manual,2022,4,tata_tigor
delhi-ncr,maruti suzuki,dzire,vxi,82958,2021,519000,petrol,1,silver,sedan,manual,2021,5,maruti suzuki_dzire
delhi-ncr,maruti suzuki,baleno,sigma mt,5397,2024,672000,petrol,1,blue,hatchback,manual,2024,2,maruti suzuki_baleno
delhi-ncr,tata,tigor,revotron xt,34808,2018,415000,petrol,1,silver,sedan,manual,2018,8,tata_tigor
delhi-ncr,maruti suzuki,baleno,alpha 1.2,28973,2017,520000,petrol,1,white,hatchback,manual,2017,9,maruti suzuki_baleno
delhi-ncr,kia,seltos,htx+ g1.5 t-gdi petrol imt,11727,2023,1569045,petrol,1,blue,suv,manual,2023,3,kia_seltos
delhi-ncr,tata,nexon,xm diesel,43891,2022,737000,diesel,1,white,suv,manual,2022,4,tata_nexon
delhi-ncr,hyundai,new santro 1.1,sportz executive cng,71421,2022,504000,petrol+cng,1,grey,hatchback,manual,2022,4,hyundai_new santro 1.1
delhi-ncr,hyundai,grand i10,sportz 1.2 kappa vtvt,15387,2019,480000,petrol,1,grey,hatchback,manual,2019,7,hyundai_grand i10
delhi-ncr,maruti suzuki,swift,zxi amt,47885,2020,613000,petrol,1,grey,hatchback,automatic,2020,6,maruti suzuki_swift
delhi-ncr,honda,city,zx cvt,59721,2017,789000,petrol,1,brown,sedan,automatic,2017,9,honda_city
delhi-ncr,maruti suzuki,wagon r 1.0,lxi cng,54464,2013,265000,petrol+cng,1,grey,hatchback,manual,2013,13,maruti suzuki_wagon r 1.0
delhi-ncr,nissan,magnite,xl turbo,36390,2021,531000,petrol,2,white,suv,manual,2021,5,nissan_magnite
delhi-ncr,hyundai,grand i10,sportz 1.2 kappa vtvt cng (outside fitted),72254,2018,444000,petrol+cng,1,silver,hatchback,manual,2018,8,hyundai_grand i10
delhi-ncr,hyundai,creta,1.6 sx at vtvt,54049,2019,937000,petrol,1,red,suv,automatic,2019,7,hyundai_creta
delhi-ncr,toyota,glanza,v amt,18432,2023,897000,petrol,1,white,hatchback,automatic,2023,3,toyota_glanza
delhi-ncr,kia,seltos,gtx,66513,2019,1050045,petrol,1,white,suv,manual,2019,7,kia_seltos
delhi-ncr,honda,amaze,1.2 s i-vtec opt,48157,2018,462000,petrol,1,grey,sedan,manual,2018,8,honda_amaze
delhi-ncr,ford,ecosport,sports petrol,33374,2021,854000,petrol,1,white,suv,manual,2021,5,ford_ecosport
delhi-ncr,maruti suzuki,swift,vxi,38841,2019,502000,petrol,1,grey,hatchback,manual,2019,7,maruti suzuki_swift
delhi-ncr,maruti suzuki,swift,zxi plus,49366,2022,656000,petrol,1,silver,hatchback,manual,2022,4,maruti suzuki_swift
delhi-ncr,honda,city,v,98927,2015,460000,petrol,1,silver,sedan,manual,2015,11,honda_city
delhi-ncr,hyundai,venue,sx 1.2 petrol,52956,2022,838000,petrol,1,red,suv,manual,2022,4,hyundai_venue
delhi-ncr,maruti suzuki,swift dzire,vxi,48745,2015,397000,petrol,1,grey,sedan,manual,2015,11,maruti suzuki_swift dzire
delhi-ncr,hyundai,creta,1.6 sx plus petrol,51712,2016,646000,petrol,2,white,suv,manual,2016,10,hyundai_creta
delhi-ncr,ford,ecosport,titanium + 1.5l ti-vct,83529,2018,644000,petrol,1,brown,suv,manual,2018,8,ford_ecosport
delhi-ncr,maruti suzuki,wagon r 1.0,lxi cng,50658,2013,249000,petrol+cng,1,red,hatchback,manual,2013,13,maruti suzuki_wagon r 1.0
delhi-ncr,tata,nexon,xz plus,74652,2021,711000,petrol,1,grey,suv,manual,2022,5,tata_nexon
delhi-ncr,tata,altroz,xz 1.2,116172,2020,526000,petrol,1,white,hatchback,manual,2020,6,tata_altroz
delhi-ncr,hyundai,creta,1.6 sx plus petrol,92880,2018,735000,petrol,1,white,suv,manual,2018,8,hyundai_creta
delhi-ncr,maruti suzuki,baleno,alpha,38822,2020,639000,petrol,1,grey,hatchback,manual,2020,6,maruti suzuki_baleno
delhi-ncr,tata,punch,creative amt dual tone,8610,2023,849000,petrol,1,grey,suv,automatic,2023,3,tata_punch
delhi-ncr,honda,amaze,vx mt 1.2 petrol,26750,2022,717000,petrol,1,white,sedan,manual,2023,4,honda_amaze
delhi-ncr,volkswagen,polo,comfortline 1.2l (p),91342,2016,363000,petrol,2,white,hatchback,manual,2016,10,volkswagen_polo
delhi-ncr,ford,ecosport,trend + 1.5l ti-vct at,43304,2018,633000,petrol,1,silver,suv,automatic,2018,8,ford_ecosport
delhi-ncr,kia,seltos,gtx plus at d,57393,2021,1387643,diesel,1,white,suv,automatic,2021,5,kia_seltos
delhi-ncr,hyundai,venue,sx 1.0 turbo imt,25577,2021,751000,petrol,2,white,suv,manual,2021,5,hyundai_venue
delhi-ncr,maruti suzuki,alto k10,vxi,60253,2018,308000,petrol,1,silver,hatchback,manual,2018,8,maruti suzuki_alto k10
delhi-ncr,maruti suzuki,dzire,vxi amt,37312,2018,529000,petrol,1,silver,sedan,automatic,2018,8,maruti suzuki_dzire
delhi-ncr,maruti suzuki,baleno,zeta 1.2,40185,2016,433000,petrol,1,blue,hatchback,manual,2016,10,maruti suzuki_baleno
delhi-ncr,tata,nexon,xz plus,30438,2021,787000,petrol,1,white,suv,manual,2021,5,tata_nexon
delhi-ncr,hyundai,alcazar,signature (o) 6 str 1.5 diesel at,67024,2022,1536113,diesel,1,white,suv,automatic,2022,4,hyundai_alcazar
delhi-ncr,kia,seltos,gtx plus dct,79111,2019,1125000,petrol,1,grey,suv,automatic,2020,7,kia_seltos
delhi-ncr,renault,kwid,1.0 rxt amt opt,39954,2017,294000,petrol,2,grey,hatchback,automatic,2017,9,renault_kwid
delhi-ncr,maruti suzuki,baleno,zeta 1.2,117562,2016,412000,petrol,1,silver,hatchback,manual,2016,10,maruti suzuki_baleno
delhi-ncr,maruti suzuki,wagon r 1.0,lxi cng,82454,2012,199000,cng,1,white,hatchback,manual,2012,14,maruti suzuki_wagon r 1.0
delhi-ncr,maruti suzuki,celerio,zxi plus,12798,2021,532000,petrol,1,blue,hatchback,manual,2022,5,maruti suzuki_celerio
delhi-ncr,maruti suzuki,ciaz,alpha at petrol,123645,2019,653000,petrol,1,grey,sedan,automatic,2019,7,maruti suzuki_ciaz
delhi-ncr,mg motors,hector,2.0 sharp,46129,2021,1375098,diesel,1,black,suv,manual,2021,5,mg motors_hector
delhi-ncr,mahindra,thar,lx hard top petrol at 4wd,87378,2022,1193625,petrol,1,black,suv,automatic,2022,4,mahindra_thar
delhi-ncr,tata,nexon,xz plus (premium),19342,2022,915000,petrol,1,grey,suv,manual,2022,4,tata_nexon
delhi-ncr,maruti suzuki,baleno,alpha 1.2,21944,2018,587000,petrol,1,blue,hatchback,manual,2018,8,maruti suzuki_baleno
delhi-ncr,maruti suzuki,baleno,delta 1.2,45492,2016,419000,petrol,1,silver,hatchback,manual,2016,10,maruti suzuki_baleno
delhi-ncr,tata,safari,xt plus dark edition,23882,2023,1688525,diesel,1,black,suv,manual,2023,3,tata_safari
delhi-ncr,toyota,urban cruiser hyryder,v hybrid,34484,2023,1741000,hybrid,1,blue,suv,automatic,2023,3,toyota_urban cruiser hyryder
delhi-ncr,maruti suzuki,s-cross,zeta at,83063,2020,730000,petrol,1,grey,suv,automatic,2020,6,maruti suzuki_s-cross
delhi-ncr,maruti suzuki,wagon r 1.0,lxi cng,77263,2013,240000,petrol+cng,1,silver,hatchback,manual,2013,13,maruti suzuki_wagon r 1.0
delhi-ncr,maruti suzuki,s-presso,vxi opt cng,95210,2020,385000,petrol+cng,1,grey,hatchback,manual,2020,6,maruti suzuki_s-presso
delhi-ncr,hyundai,venue,sx 1.0  turbo imt,30724,2021,811000,petrol,1,white,suv,manual,2021,5,hyundai_venue
delhi-ncr,kia,sonet,htx plus 1.0 imt,50122,2021,903000,petrol,1,grey,suv,manual,2021,5,kia_sonet
delhi-ncr,honda,city,v,35716,2016,540000,petrol,1,bronze,sedan,manual,2016,10,honda_city
delhi-ncr,maruti suzuki,dzire,vxi,38361,2017,489000,petrol,1,grey,sedan,manual,2017,9,maruti suzuki_dzire
delhi-ncr,tata,punch,accomplished mt petrol + cng(outside fitted),62412,2022,596000,cng,1,grey,suv,manual,2022,4,tata_punch
delhi-ncr,tata,nexon,xz plus s,52893,2021,749000,petrol,2,white,suv,manual,2021,5,tata_nexon
delhi-ncr,hyundai,elite i20,sportz 1.2 (o),69034,2014,375000,petrol,1,white,hatchback,manual,2014,12,hyundai_elite i20
delhi-ncr,honda,wr-v,s mt petrol,67803,2018,529000,petrol,1,silver,suv,manual,2018,8,honda_wr-v
delhi-ncr,maruti suzuki,new ertiga,zxi at,93757,2019,791000,petrol,1,red,muv,automatic,2019,7,maruti suzuki_new ertiga
delhi-ncr,maruti suzuki,celerio,zxi,26780,2024,566000,petrol,1,grey,hatchback,manual,2024,2,maruti suzuki_celerio
delhi-ncr,nissan,magnite,xl,100156,2021,467000,petrol,1,silver,suv,manual,2021,5,nissan_magnite
delhi-ncr,hyundai,elite i20,sportz 1.2,35791,2015,446000,petrol,1,silver,hatchback,manual,2015,11,hyundai_elite i20
delhi-ncr,hyundai,grand i10,sportz 1.2 kappa vtvt,72428,2017,417000,petrol,1,grey,hatchback,manual,2017,9,hyundai_grand i10
delhi-ncr,tata,tiago,revotron xm,52251,2018,350000,petrol,2,grey,hatchback,manual,2018,8,tata_tiago
delhi-ncr,mahindra,thar,lx hard top petrol at 4wd,17386,2023,1447135,petrol,1,grey,suv,automatic,2023,3,mahindra_thar
delhi-ncr,maruti suzuki,fronx,alpha 1.0l turbo mt,23669,2023,1049000,petrol,1,white,suv,manual,2023,3,maruti suzuki_fronx
delhi-ncr,tata,nexon,xza plus amt petrol,30298,2019,744000,petrol,1,red,suv,automatic,2019,7,tata_nexon
delhi-ncr,volkswagen,ameo,1.0 trendline petrol,63236,2019,415000,petrol,1,white,sedan,manual,2019,7,volkswagen_ameo
delhi-ncr,maruti suzuki,xl6,alpha at petrol,35168,2019,912000,petrol,1,bronze,muv,automatic,2019,7,maruti suzuki_xl6
delhi-ncr,maruti suzuki,wagon r stingray,vxi,79771,2014,197000,petrol,3,grey,hatchback,manual,2014,12,maruti suzuki_wagon r stingray
delhi-ncr,honda,amaze,vx cvt 1.2 petrol,31381,2022,775000,petrol,1,brown,sedan,automatic,2022,4,honda_amaze
delhi-ncr,mahindra,xuv700,ax 7 diesel at awd luxury pack 7 str,42221,2022,2182513,diesel,1,blue,suv,automatic,2022,4,mahindra_xuv700
delhi-ncr,ford,figo,titanium plus 1.2 ti-vct at,71868,2021,571000,petrol,1,white,hatchback,automatic,2021,5,ford_figo
delhi-ncr,mahindra,thar,lx 4 str hard top petrol at 4wd,43309,2021,1246243,petrol,1,red,suv,automatic,2021,5,mahindra_thar
delhi-ncr,maruti suzuki,wagon r,lxi 1.0 cng,38087,2022,521000,cng,1,white,hatchback,manual,2022,4,maruti suzuki_wagon r
delhi-ncr,hyundai,new santro 1.1,sportz mt,27679,2022,444000,petrol,1,white,hatchback,manual,2022,4,hyundai_new santro 1.1
delhi-ncr,renault,kiger,rxz turbo cvt,47435,2022,775000,petrol,1,violet,suv,automatic,2022,4,renault_kiger
delhi-ncr,maruti suzuki,baleno,alpha 1.2,79727,2016,455000,petrol,1,silver,hatchback,manual,2016,10,maruti suzuki_baleno
delhi-ncr,toyota,urban cruiser hyryder,g neodrive,16762,2022,1273513,petrol,1,silver,suv,manual,2023,4,toyota_urban cruiser hyryder
delhi-ncr,hyundai,verna,sx (o) 1.5 crdi,122106,2021,978000,diesel,1,black,sedan,manual,2021,5,hyundai_verna
delhi-ncr,honda,elevate,vx mt,12492,2023,1233068,petrol,1,white,suv,manual,2023,3,honda_elevate
delhi-ncr,renault,duster,rxl petrol,84840,2016,425000,petrol,2,orange,suv,manual,2016,10,renault_duster
delhi-ncr,maruti suzuki,ciaz,alpha petrol,27534,2019,739000,petrol,1,white,sedan,manual,2019,7,maruti suzuki_ciaz
delhi-ncr,hyundai,fluidic verna 4s,1.6 vtvt sx,39156,2015,528000,petrol,1,white,sedan,manual,2015,11,hyundai_fluidic verna 4s
delhi-ncr,hyundai,creta,1.6 sx plus auto petrol,57914,2016,737000,petrol,1,blue,suv,automatic,2016,10,hyundai_creta
delhi-ncr,mahindra,xuv700,ax 5 diesel at 5 str,24206,2022,1783000,diesel,1,blue,suv,automatic,2022,4,mahindra_xuv700
delhi-ncr,mahindra,kuv100,k4 6 str,60576,2016,306000,petrol,1,grey,crossover,manual,2016,10,mahindra_kuv100
delhi-ncr,volkswagen,polo,comfortline 1.2l (p),90709,2016,393000,petrol,1,white,hatchback,manual,2016,10,volkswagen_polo
delhi-ncr,hyundai,venue,sx 1.0  turbo,28154,2022,862000,petrol,1,white,suv,manual,2022,4,hyundai_venue
delhi-ncr,maruti suzuki,alto k10,vxi,65440,2016,256000,petrol,2,maroon,hatchback,manual,2016,10,maruti suzuki_alto k10
delhi-ncr,maruti suzuki,wagon r 1.0,vxi,9581,2024,564000,petrol,1,white,hatchback,manual,2024,2,maruti suzuki_wagon r 1.0
delhi-ncr,ford,ecosport,titanium 1.5l ti-vct at,39591,2016,521000,petrol,2,white,suv,automatic,2016,10,ford_ecosport
delhi-ncr,hyundai,fluidic verna 4s,1.6 vtvt sx,53488,2016,524000,petrol,2,white,sedan,manual,2016,10,hyundai_fluidic verna 4s
delhi-ncr,hyundai,elite i20,asta 1.2,48560,2015,443000,petrol,1,red,hatchback,manual,2015,11,hyundai_elite i20
delhi-ncr,hyundai,verna,sx (o) 1.6 vtvt at,80711,2018,831000,petrol,1,white,sedan,automatic,2018,8,hyundai_verna
delhi-ncr,hyundai,verna,fluidic 1.6 vtvt ex,76444,2014,325000,petrol,3,silver,sedan,manual,2014,12,hyundai_verna
delhi-ncr,maruti suzuki,wagon r 1.0,lxi cng (outside fitted),72340,2016,289000,cng,1,grey,hatchback,manual,2016,10,maruti suzuki_wagon r 1.0
delhi-ncr,maruti suzuki,baleno,alpha 1.2 at,35178,2017,580000,petrol,1,blue,hatchback,automatic,2017,9,maruti suzuki_baleno
delhi-ncr,honda,city,vx cvt,59613,2017,703000,petrol,1,brown,sedan,automatic,2017,9,honda_city
delhi-ncr,maruti suzuki,alto 800,lxi,64234,2014,207000,petrol,1,silver,hatchback,manual,2014,12,maruti suzuki_alto 800
delhi-ncr,hyundai,creta,1.6 sx plus auto petrol,75170,2016,601000,petrol,3,blue,suv,automatic,2016,10,hyundai_creta
delhi-ncr,mahindra,thar,lx hard top petrol at 4wd,45789,2022,1284525,petrol,1,black,suv,automatic,2022,4,mahindra_thar
delhi-ncr,maruti suzuki,alto 800,lxi (o) cng,35551,2022,417000,cng,1,white,hatchback,manual,2023,4,maruti suzuki_alto 800
delhi-ncr,renault,kwid,1.0 rxt sce,3739,2023,470000,petrol,1,blue,hatchback,manual,2024,3,renault_kwid
delhi-ncr,hyundai,venue,sx 1.0  turbo,18243,2022,885000,petrol,1,grey,suv,manual,2022,4,hyundai_venue
delhi-ncr,hyundai,venue,s+ 1.2,24701,2022,797000,petrol,1,blue,suv,manual,2022,4,hyundai_venue
delhi-ncr,maruti suzuki,wagon r 1.0,lxi (o) cng,44365,2021,502000,petrol+cng,1,grey,hatchback,manual,2021,5,maruti suzuki_wagon r 1.0
delhi-ncr,hyundai,verna,fluidic 1.6 vtvt sx opt at,26990,2012,360000,petrol,2,silver,sedan,automatic,2012,14,hyundai_verna
delhi-ncr,ford,ecosport,titanium 1.5l ti-vct,90241,2018,590000,petrol,1,brown,suv,manual,2018,8,ford_ecosport
delhi-ncr,hyundai,venue,sx 1.0  turbo imt,58388,2022,791000,petrol,1,blue,suv,manual,2022,4,hyundai_venue
delhi-ncr,toyota,innova crysta,zx 2.7 at 7 str,64870,2022,1953902,petrol,1,grey,muv,automatic,2022,4,toyota_innova crysta
delhi-ncr,ford,ecosport,titanium 1.5l ti-vct,67684,2016,449000,petrol,2,white,suv,manual,2016,10,ford_ecosport
delhi-ncr,volkswagen,polo,gt,70175,2021,756000,petrol,1,white,hatchback,automatic,2021,5,volkswagen_polo
delhi-ncr,hyundai,verna,sx opt ivt petrol,79240,2022,1142213,petrol,1,black,sedan,automatic,2022,4,hyundai_verna
delhi-ncr,tata,nexon,xza plus diesel,33494,2022,883000,diesel,1,white,suv,automatic,2022,4,tata_nexon
delhi-ncr,honda,city,v 4th gen,29846,2022,877000,petrol,1,grey,sedan,manual,2022,4,honda_city
delhi-ncr,tata,tiago,revotron xz plus cng,40858,2022,624000,petrol+cng,1,white,hatchback,manual,2022,4,tata_tiago
delhi-ncr,maruti suzuki,dzire,zxi plus,44141,2021,641000,petrol,1,red,sedan,manual,2021,5,maruti suzuki_dzire
delhi-ncr,mahindra,thar,lx 4 str hard top petrol at 4wd,43089,2021,1251293,petrol,1,red,suv,automatic,2021,5,mahindra_thar
delhi-ncr,maruti suzuki,xl6,alpha plus at petrol,8587,2023,1349000,petrol,1,white,muv,automatic,2023,3,maruti suzuki_xl6
delhi-ncr,hyundai,elite i20,sportz 1.2,49347,2017,468000,petrol,2,white,hatchback,manual,2017,9,hyundai_elite i20
delhi-ncr,tata,nexon,xz plus (o),88659,2021,756000,petrol,1,grey,suv,manual,2021,5,tata_nexon
delhi-ncr,honda,amaze,1.2 vx i-vtec,115829,2013,260000,petrol,1,blue,sedan,manual,2013,13,honda_amaze
delhi-ncr,hyundai,elite i20,sportz 1.2,109231,2016,404000,petrol,1,white,hatchback,manual,2016,10,hyundai_elite i20
delhi-ncr,hyundai,verna,1.6 vtvt sx + at,47736,2019,925000,petrol,1,white,sedan,automatic,2019,7,hyundai_verna
delhi-ncr,honda,city,zx cvt petrol,54886,2020,1044198,petrol,1,white,sedan,automatic,2020,6,honda_city
delhi-ncr,maruti suzuki,baleno,alpha at petrol,38346,2018,587000,petrol,1,grey,hatchback,automatic,2018,8,maruti suzuki_baleno
delhi-ncr,hyundai,creta,sx (o) at diesel,43633,2022,1557278,diesel,1,white,suv,automatic,2022,4,hyundai_creta
delhi-ncr,honda,city,v petrol,19495,2022,976000,petrol,1,white,sedan,manual,2022,4,honda_city
delhi-ncr,maruti suzuki,wagon r 1.0,lxi cng,46465,2013,259000,petrol+cng,1,grey,hatchback,manual,2013,13,maruti suzuki_wagon r 1.0
delhi-ncr,honda,city,v,83096,2015,473000,petrol,1,silver,sedan,manual,2015,11,honda_city
delhi-ncr,toyota,corolla altis,vl cvt petrol,58000,2018,1094000,petrol,1,silver,sedan,automatic,2018,8,toyota_corolla altis
delhi-ncr,honda,city,sv petrol,44003,2019,721000,petrol,1,silver,sedan,manual,2019,7,honda_city
delhi-ncr,honda,city,vx cvt petrol,26442,2019,893000,petrol,1,brown,sedan,automatic,2019,7,honda_city
delhi-ncr,toyota,innova crysta,gx 2.4 at 7 str,51277,2022,1947183,diesel,1,silver,muv,automatic,2022,4,toyota_innova crysta
delhi-ncr,mahindra,thar,lx 4 str convertible diesel at 4wd,27750,2021,1342193,diesel,1,black,suv,automatic,2021,5,mahindra_thar
delhi-ncr,honda,city,s,53465,2014,439000,petrol,1,red,sedan,manual,2014,12,honda_city
delhi-ncr,maruti suzuki,baleno,zeta,31350,2019,570000,petrol,1,blue,hatchback,manual,2019,7,maruti suzuki_baleno
delhi-ncr,maruti suzuki,wagon r 1.0,vxi,55411,2011,194000,petrol,2,white,hatchback,manual,2011,15,maruti suzuki_wagon r 1.0
delhi-ncr,toyota,corolla altis,j(s) petrol,83908,2015,531000,petrol,1,grey,sedan,manual,2015,11,toyota_corolla altis
delhi-ncr,volkswagen,polo,highline1.2l (p),96976,2013,289000,petrol,1,white,hatchback,manual,2013,13,volkswagen_polo
delhi-ncr,hyundai,grand i10 nios,sportz 1.2 kappa vtvt,119512,2022,506000,petrol,1,blue,hatchback,manual,2022,4,hyundai_grand i10 nios
delhi-ncr,tata,altroz,xz plus 1.5,24060,2023,838000,diesel,1,grey,hatchback,manual,2023,3,tata_altroz
delhi-ncr,maruti suzuki,wagon r 1.0,lxi cng,55587,2013,249000,petrol+cng,1,silver,hatchback,manual,2013,13,maruti suzuki_wagon r 1.0
delhi-ncr,tata,tiago,xz w/o alloy,64504,2019,404000,petrol,1,grey,hatchback,manual,2019,7,tata_tiago
delhi-ncr,honda,amaze,1.2 vx mt petrol,43482,2019,599000,petrol,1,white,sedan,manual,2020,7,honda_amaze
delhi-ncr,hyundai,venue,sx(o) 1.5 crdi,79647,2021,819000,diesel,1,white,suv,manual,2022,5,hyundai_venue
delhi-ncr,tata,nexon,xza plus amt petrol,71813,2019,659000,petrol,1,orange,suv,automatic,2020,7,tata_nexon
delhi-ncr,maruti suzuki,dzire,vxi,39613,2018,499000,petrol,1,white,sedan,manual,2018,8,maruti suzuki_dzire
delhi-ncr,tata,nexon,xm,63532,2019,564000,petrol,1,grey,suv,manual,2019,7,tata_nexon
delhi-ncr,mahindra,thar,lx 4 str hard top petrol at 4wd,19465,2021,1292703,petrol,1,green,suv,automatic,2021,5,mahindra_thar
delhi-ncr,tata,tiago,xz plus dual tone roof,50023,2019,447000,petrol,2,red,hatchback,manual,2019,7,tata_tiago
delhi-ncr,maruti suzuki,alto k10,vxi plus,2094,2024,489000,petrol,1,grey,hatchback,manual,2024,2,maruti suzuki_alto k10
delhi-ncr,maruti suzuki,ertiga,vxi,79603,2016,561000,petrol,1,grey,muv,manual,2016,10,maruti suzuki_ertiga
delhi-ncr,tata,tiago,revotron xz plus,54295,2019,452000,petrol,1,grey,hatchback,manual,2019,7,tata_tiago
delhi-ncr,maruti suzuki,baleno,delta 1.2 at,63704,2016,462000,petrol,1,silver,hatchback,automatic,2016,10,maruti suzuki_baleno
delhi-ncr,hyundai,verna,sx (o) 1.0 turbo dct,64834,2020,1058000,petrol,1,white,sedan,automatic,2021,6,hyundai_verna
delhi-ncr,tata,tiago,revotron xz plus,44307,2019,488000,petrol,1,grey,hatchback,manual,2019,7,tata_tiago
delhi-ncr,kia,seltos,htx ivt g,73037,2019,1087000,petrol,1,grey,suv,automatic,2019,7,kia_seltos
delhi-ncr,honda,city,zx cvt petrol,41736,2022,1253268,petrol,1,brown,sedan,automatic,2022,4,honda_city
delhi-ncr,hyundai,verna,sx 1.6 vtvt,96096,2018,683000,petrol,1,black,sedan,manual,2018,8,hyundai_verna
delhi-ncr,hyundai,venue,sx 1.0  turbo imt,84672,2022,773000,petrol,1,blue,suv,manual,2022,4,hyundai_venue
delhi-ncr,maruti suzuki,ciaz,alpha 1.4 mt,52177,2018,622000,petrol,1,grey,sedan,manual,2018,8,maruti suzuki_ciaz
delhi-ncr,hyundai,grand i10,sportz 1.2 kappa vtvt,18737,2019,508000,petrol,1,grey,hatchback,manual,2019,7,hyundai_grand i10
delhi-ncr,renault,triber,rxz amt,53655,2020,542000,petrol,1,silver,muv,automatic,2020,6,renault_triber
delhi-ncr,tata,tiago,xz,8201,2022,566000,petrol,1,red,hatchback,manual,2023,4,tata_tiago
delhi-ncr,maruti suzuki,grand vitara,sigma smart hybrid,24881,2024,1044198,petrol,1,white,suv,manual,2024,2,maruti suzuki_grand vitara
delhi-ncr,honda,city,v cvt,59983,2018,730000,petrol,1,silver,sedan,automatic,2018,8,honda_city
delhi-ncr,maruti suzuki,alto k10,vxi,28292,2016,293000,petrol,1,grey,hatchback,manual,2016,10,maruti suzuki_alto k10
delhi-ncr,maruti suzuki,eeco,5 str ac (o),23912,2022,492000,petrol,1,white,muv,manual,2022,4,maruti suzuki_eeco
delhi-ncr,renault,duster,rxl petrol,61684,2017,481000,petrol,1,grey,suv,manual,2017,9,renault_duster
delhi-ncr,tata,tiago,revotron xz plus,25869,2019,464000,petrol,1,red,hatchback,manual,2019,7,tata_tiago
delhi-ncr,hyundai,verna,sx 1.6 vtvt,63102,2019,783000,petrol,1,silver,sedan,manual,2019,7,hyundai_verna
delhi-ncr,hyundai,new santro 1.1,sportz mt,59147,2021,437000,petrol,1,white,hatchback,manual,2021,5,hyundai_new santro 1.1
delhi-ncr,mahindra,thar,lx hard top petrol mt 4wd,45378,2023,1251195,petrol,1,black,suv,manual,2023,3,mahindra_thar
delhi-ncr,maruti suzuki,vitara brezza,vdi (o),78196,2017,554000,diesel,1,blue,suv,manual,2017,9,maruti suzuki_vitara brezza
delhi-ncr,hyundai,new santro 1.1,asta mt,38664,2018,422000,petrol,1,golden,hatchback,manual,2018,8,hyundai_new santro 1.1
delhi-ncr,honda,city,1.5 v mt,101113,2011,220000,petrol,2,silver,sedan,manual,2011,15,honda_city
delhi-ncr,tata,tiago,revotron xz plus,89349,2021,495000,petrol,1,grey,hatchback,manual,2021,5,tata_tiago
delhi-ncr,toyota,innova crysta,2.4 gx 7 str,6208,2024,2025000,diesel,1,silver,muv,manual,2024,2,toyota_innova crysta
delhi-ncr,kia,seltos,htx ivt g,37999,2020,1181000,petrol,1,grey,suv,automatic,2020,6,kia_seltos
delhi-ncr,ford,ecosport,titanium 1.5 ti-vct at,112298,2014,395000,petrol,2,white,suv,automatic,2014,12,ford_ecosport
delhi-ncr,maruti suzuki,ciaz,zeta 1.4 at,67620,2017,607000,petrol,1,grey,sedan,automatic,2017,9,maruti suzuki_ciaz
delhi-ncr,maruti suzuki,swift,vxi,31672,2014,320000,petrol,1,red,hatchback,manual,2014,12,maruti suzuki_swift
delhi-ncr,maruti suzuki,ciaz,zxi+,63014,2016,513000,petrol,1,silver,sedan,manual,2016,10,maruti suzuki_ciaz
delhi-ncr,tata,tigor,revotron xz cng,64155,2022,557000,petrol+cng,1,white,sedan,manual,2022,4,tata_tigor
delhi-ncr,honda,jazz,s mt,79848,2017,382000,petrol,1,white,hatchback,manual,2017,9,honda_jazz
delhi-ncr,skoda,kushaq,ambition 1.0l tsi at,22801,2022,1221000,petrol,1,silver,suv,automatic,2022,4,skoda_kushaq
delhi-ncr,maruti suzuki,s-cross,sigma,19902,2022,754000,petrol,1,grey,suv,manual,2022,4,maruti suzuki_s-cross
delhi-ncr,skoda,superb,l&k tsi at,89364,2017,1338000,petrol,1,grey,sedan,automatic,2017,9,skoda_superb
delhi-ncr,hyundai,aura,sx 1.2 petrol,28866,2023,668000,petrol,1,grey,sedan,manual,2023,3,hyundai_aura
delhi-ncr,honda,city,vx,45056,2019,825000,petrol,1,silver,sedan,manual,2019,7,honda_city
delhi-ncr,hyundai,verna,1.6 vtvt sx opt cng (outside fitted),44604,2011,270000,cng,2,purple,sedan,manual,2011,15,hyundai_verna
delhi-ncr,tata,nexon,xz plus,51645,2019,584000,petrol,2,white,suv,manual,2019,7,tata_nexon
delhi-ncr,ford,ecosport,titanium 1.5 ti-vct at,72184,2014,397000,petrol,2,silver,suv,automatic,2014,12,ford_ecosport
delhi-ncr,tata,tiago,revotron xm cng,28342,2023,563000,petrol+cng,1,grey,hatchback,manual,2023,3,tata_tiago
delhi-ncr,maruti suzuki,swift,vxi,23738,2017,446000,petrol,1,white,hatchback,manual,2017,9,maruti suzuki_swift
delhi-ncr,hyundai,elite i20,sportz 1.2,71011,2017,468000,petrol,1,grey,hatchback,manual,2017,9,hyundai_elite i20
delhi-ncr,renault,kwid,rxl,44687,2019,299000,petrol,1,red,hatchback,manual,2020,7,renault_kwid
delhi-ncr,renault,triber,rxz,33941,2021,564000,petrol,1,orange,muv,manual,2021,5,renault_triber
delhi-ncr,ford,ecosport,titanium + 1.5l ti-vct at,34900,2021,796000,petrol,2,white,suv,automatic,2021,5,ford_ecosport
delhi-ncr,maruti suzuki,vitara brezza,vxi,40958,2022,728000,petrol,1,grey,suv,manual,2022,4,maruti suzuki_vitara brezza
delhi-ncr,hyundai,creta,sx (o) 1.5 petrol,20680,2024,1595000,petrol,1,black,suv,manual,2024,2,hyundai_creta
delhi-ncr,kia,carens,prestige plus 1.4 petrol mt 7 str,8271,2022,1253268,petrol,1,white,muv,manual,2022,4,kia_carens
delhi-ncr,tata,nexon,xm (s),26968,2022,740000,petrol,1,grey,suv,manual,2022,4,tata_nexon
delhi-ncr,maruti suzuki,new ertiga,zxi plus,62081,2019,775000,petrol,1,red,muv,manual,2019,7,maruti suzuki_new ertiga
delhi-ncr,hyundai,fluidic verna 4s,1.6 vtvt sx opt,57275,2015,515000,petrol,1,white,sedan,manual,2015,11,hyundai_fluidic verna 4s
delhi-ncr,maruti suzuki,xl6,alpha mt petrol,72127,2023,1002000,petrol,1,white,muv,manual,2023,3,maruti suzuki_xl6
delhi-ncr,maruti suzuki,dzire,vxi,90631,2018,465000,petrol,1,white,sedan,manual,2018,8,maruti suzuki_dzire
delhi-ncr,honda,city,vx cvt petrol,22798,2021,1059000,petrol,1,grey,sedan,automatic,2021,5,honda_city
delhi-ncr,renault,triber,rxz,54601,2021,536000,petrol,1,white,muv,manual,2021,5,renault_triber
delhi-ncr,maruti suzuki,wagon r 1.0,lxi cng,93313,2013,220000,cng,1,white,hatchback,manual,2013,13,maruti suzuki_wagon r 1.0
delhi-ncr,tata,punch,accomplished mt,18601,2022,659000,petrol,1,white,suv,manual,2022,4,tata_punch
delhi-ncr,tata,tiago,revotron xz plus cng,5845,2023,702000,petrol+cng,1,white,hatchback,manual,2023,3,tata_tiago
delhi-ncr,hyundai,creta,sx diesel,65730,2022,1245000,diesel,1,black,suv,manual,2022,4,hyundai_creta
delhi-ncr,maruti suzuki,swift,lxi (o) cng (outside fitted),46646,2015,364000,cng,1,red,hatchback,manual,2015,11,maruti suzuki_swift
delhi-ncr,maruti suzuki,alto k10,vxi,8570,2019,362000,petrol,1,silver,hatchback,manual,2019,7,maruti suzuki_alto k10
delhi-ncr,hyundai,verna,sx 1.6 vtvt,75190,2017,676000,petrol,1,white,sedan,manual,2018,9,hyundai_verna
delhi-ncr,mahindra,xuv700,ax 7 petrol at luxury pack 7 str,111932,2022,1801743,petrol,1,silver,suv,automatic,2023,4,mahindra_xuv700
delhi-ncr,maruti suzuki,swift dzire,vxi,100767,2012,220000,petrol,1,silver,sedan,manual,2012,14,maruti suzuki_swift dzire
delhi-ncr,tata,nexon,xm plus (s),18105,2023,813000,petrol,1,white,suv,manual,2023,3,tata_nexon
delhi-ncr,renault,triber,rxt,23876,2022,548000,petrol,1,white,muv,manual,2023,4,renault_triber
delhi-ncr,hyundai,elite i20,asta 1.2,41624,2018,552000,petrol,1,white,hatchback,manual,2018,8,hyundai_elite i20
delhi-ncr,honda,wr-v,vx mt petrol,38230,2019,664000,petrol,1,silver,suv,manual,2019,7,honda_wr-v
delhi-ncr,honda,city,v,101457,2016,485000,petrol,1,white,sedan,manual,2016,10,honda_city
delhi-ncr,toyota,glanza,v,32695,2021,662000,petrol,1,white,hatchback,manual,2021,5,toyota_glanza
delhi-ncr,maruti suzuki,ertiga,vxi cng (outside fitted),44079,2013,441000,cng,1,white,muv,manual,2013,13,maruti suzuki_ertiga
delhi-ncr,honda,city,zx petrol,22751,2023,1211000,petrol,1,white,sedan,manual,2023,3,honda_city
delhi-ncr,honda,city,zx cvt petrol,56078,2021,1103955,petrol,1,black,sedan,automatic,2021,5,honda_city
delhi-ncr,maruti suzuki,celerio,vxi,111303,2019,356000,petrol,1,white,hatchback,manual,2019,7,maruti suzuki_celerio
delhi-ncr,skoda,slavia,ambition 1.0l tsi mt,26125,2022,1043000,petrol,1,white,sedan,manual,2022,4,skoda_slavia
delhi-ncr,honda,city,zx cvt petrol,40397,2021,1121955,petrol,1,grey,sedan,automatic,2021,5,honda_city
delhi-ncr,maruti suzuki,eeco,5 str ac (o) cng,47439,2022,552000,cng,1,white,muv,manual,2022,4,maruti suzuki_eeco
delhi-ncr,kia,sonet,gtx plus 1.5,54763,2021,953000,diesel,1,white,suv,manual,2021,5,kia_sonet
delhi-ncr,maruti suzuki,eeco,5 str ac (o) cng,43090,2022,519000,petrol+cng,1,white,muv,manual,2022,4,maruti suzuki_eeco
delhi-ncr,hyundai,new i20,asta 1.0 turbo imt,39129,2021,751000,petrol,1,white,hatchback,manual,2021,5,hyundai_new i20
delhi-ncr,maruti suzuki,ertiga,zxi,102786,2014,475000,petrol,1,white,muv,manual,2014,12,maruti suzuki_ertiga
delhi-ncr,maruti suzuki,alto k10,vxi amt,42024,2015,226000,petrol,3,orange,hatchback,automatic,2015,11,maruti suzuki_alto k10
delhi-ncr,mahindra,scorpio n,z8 l 4wd diesel 7 str,32303,2023,2081513,diesel,1,green,suv,manual,2023,3,mahindra_scorpio n
delhi-ncr,mahindra,scorpio,s5 2wd 7 str,50376,2020,1049195,diesel,1,white,suv,manual,2020,6,mahindra_scorpio
delhi-ncr,mahindra,thar,lx 4 str hard top petrol mt 4wd,24010,2022,1265000,petrol,1,black,suv,manual,2022,4,mahindra_thar
delhi-ncr,mahindra,scorpio,s5,67097,2021,1070405,diesel,1,white,suv,manual,2021,5,mahindra_scorpio
delhi-ncr,mahindra,scorpio,s5,45696,2021,1120000,diesel,1,white,suv,manual,2021,5,mahindra_scorpio
delhi-ncr,maruti suzuki,dzire,vxi cng (outside fitted),22805,2022,610000,cng,2,white,sedan,manual,2022,4,maruti suzuki_dzire
delhi-ncr,honda,city,vx petrol,17357,2023,1135000,petrol,1,white,sedan,manual,2023,3,honda_city
delhi-ncr,mahindra,scorpio n,z8 l petrol at 7 str,32349,2023,1921098,petrol,1,black,suv,automatic,2023,3,mahindra_scorpio n
delhi-ncr,hyundai,creta,sx opt turbo dct petrol,78074,2020,1208000,petrol,1,white,suv,automatic,2020,6,hyundai_creta
delhi-ncr,tata,tigor,revotron xta petrol + cng (outside fitted),94944,2017,346000,cng,1,white,sedan,automatic,2018,9,tata_tigor
delhi-ncr,maruti suzuki,vitara brezza,zxi plus,41286,2020,678000,petrol,2,white,suv,manual,2020,6,maruti suzuki_vitara brezza
delhi-ncr,tata,tiago nrg,petrol,98054,2018,379000,petrol,1,grey,hatchback,manual,2018,8,tata_tiago nrg
delhi-ncr,nissan,sunny,xv,108223,2014,290000,petrol,1,grey,sedan,manual,2015,12,nissan_sunny
delhi-ncr,nissan,micra,fashion edition,31367,2017,389000,petrol,1,black,hatchback,automatic,2018,9,nissan_micra
delhi-ncr,renault,kwid,rxt 1.0 sce edition,53151,2017,270000,petrol,1,bronze,hatchback,manual,2017,9,renault_kwid
delhi-ncr,hyundai,elite i20,asta 1.2 (o) cvt,36867,2019,599000,petrol,2,grey,hatchback,automatic,2019,7,hyundai_elite i20
delhi-ncr,maruti suzuki,swift,zxi,40037,2018,489000,petrol,2,grey,hatchback,manual,2018,8,maruti suzuki_swift
delhi-ncr,hyundai,grand i10,sportz 1.2 kappa vtvt,26468,2014,334000,petrol,1,grey,hatchback,manual,2015,12,hyundai_grand i10
delhi-ncr,honda,jazz,v at petrol,33935,2016,475000,petrol,1,white,hatchback,automatic,2016,10,honda_jazz
delhi-ncr,hyundai,xcent,s 1.2,70757,2014,300000,petrol,2,silver,sedan,manual,2014,12,hyundai_xcent
delhi-ncr,honda,city,zx petrol,31824,2022,1160348,petrol,1,white,sedan,manual,2022,4,honda_city
delhi-ncr,renault,kwid,1.0 rxl amt,24015,2017,246000,petrol,3,white,hatchback,automatic,2017,9,renault_kwid
delhi-ncr,hyundai,grand i10,asta at 1.2 kappa vtvt,75423,2014,330000,petrol,2,silver,hatchback,automatic,2014,12,hyundai_grand i10
delhi-ncr,nissan,magnite,xv,8787,2024,720000,petrol,1,silver,suv,manual,2024,2,nissan_magnite
delhi-ncr,maruti suzuki,baleno,zeta ags,55988,2022,637000,petrol,1,blue,hatchback,automatic,2022,4,maruti suzuki_baleno
delhi-ncr,maruti suzuki,fronx,delta plus 1.2l ags,36031,2024,816000,petrol,1,silver,suv,automatic,2024,2,maruti suzuki_fronx
delhi-ncr,tata,tiago,revotron xz,55282,2016,349000,petrol,1,white,hatchback,manual,2016,10,tata_tiago
delhi-ncr,maruti suzuki,wagon r,vxi 1.0 cng,43990,2024,581000,cng,1,grey,hatchback,manual,2024,2,maruti suzuki_wagon r
delhi-ncr,tata,punch,adventure mt,46042,2021,519000,petrol,1,white,suv,manual,2021,5,tata_punch
delhi-ncr,hyundai,venue,s 1.2 petrol +cng mt (outside fitted),14475,2023,797000,cng,1,white,suv,manual,2023,3,hyundai_venue
delhi-ncr,maruti suzuki,brezza,vxi,34999,2023,840000,petrol,1,grey,suv,manual,2023,3,maruti suzuki_brezza
delhi-ncr,hyundai,creta,1.6l sx vtvt,100757,2019,809000,petrol,1,black,suv,manual,2019,7,hyundai_creta
delhi-ncr,maruti suzuki,vitara brezza,lxi,35187,2020,576000,petrol,1,grey,suv,manual,2020,6,maruti suzuki_vitara brezza
delhi-ncr,skoda,slavia,style 1.0l tsi at,61313,2022,1181603,petrol,1,grey,sedan,automatic,2022,4,skoda_slavia
delhi-ncr,hyundai,grand i10 nios,sportz 1.2 kappa vtvt cng,5410,2021,652000,cng,1,white,hatchback,manual,2021,5,hyundai_grand i10 nios
delhi-ncr,maruti suzuki,ignis,sigma 1.2 mt,27560,2022,454000,petrol,1,blue,hatchback,manual,2022,4,maruti suzuki_ignis
delhi-ncr,hyundai,creta,1.6 sx plus auto petrol,42961,2017,813000,petrol,1,grey,suv,automatic,2017,9,hyundai_creta
delhi-ncr,honda,city,v petrol cvt,43562,2024,1157363,petrol,1,grey,sedan,automatic,2024,2,honda_city
delhi-ncr,renault,triber,rxz,4623,2024,742000,petrol,1,black,muv,manual,2024,2,renault_triber
delhi-ncr,maruti suzuki,wagon r,lxi 1.0,7134,2025,546000,petrol,1,white,hatchback,manual,2025,1,maruti suzuki_wagon r
delhi-ncr,tata,tiago nrg,petrol,81242,2018,406000,petrol,1,brown,hatchback,manual,2018,8,tata_tiago nrg
delhi-ncr,maruti suzuki,celerio,zxi,20639,2017,346000,petrol,2,silver,hatchback,manual,2017,9,maruti suzuki_celerio
delhi-ncr,maruti suzuki,ciaz,delta hybrid 1.5 at,96307,2019,584000,petrol,2,silver,sedan,automatic,2019,7,maruti suzuki_ciaz
delhi-ncr,hyundai,eon,magna +,44761,2016,250000,petrol,2,grey,hatchback,manual,2016,10,hyundai_eon
delhi-ncr,maruti suzuki,baleno,alpha ags,9965,2023,765000,petrol,2,blue,hatchback,automatic,2023,3,maruti suzuki_baleno
delhi-ncr,renault,kwid,1.0 rxt amt,16495,2018,308000,petrol,2,bronze,hatchback,automatic,2018,8,renault_kwid
delhi-ncr,renault,duster,rxs cvt,91627,2018,536000,petrol,1,silver,suv,automatic,2018,8,renault_duster
delhi-ncr,mahindra,thar,lx hard top petrol mt 4wd,16674,2021,1179583,petrol,1,black,suv,manual,2021,5,mahindra_thar
delhi-ncr,kia,carens,premium 1.5 diesel 7 str,22074,2022,1104843,diesel,1,white,muv,manual,2022,4,kia_carens
delhi-ncr,honda,jazz,v at petrol,93087,2015,334000,petrol,3,maroon,hatchback,automatic,2015,11,honda_jazz
delhi-ncr,volkswagen,virtus,highline plus 1.0 tsi mt,5016,2024,1277553,petrol,1,silver,sedan,manual,2024,2,volkswagen_virtus
delhi-ncr,tata,nexon,xz plus (o),101800,2020,716000,petrol,1,white,suv,manual,2020,6,tata_nexon
delhi-ncr,renault,kwid,1.0 rxt,76567,2016,227000,petrol,2,silver,hatchback,manual,2016,10,renault_kwid
delhi-ncr,toyota,corolla altis,vl at petrol,12615,2016,795000,petrol,1,white,sedan,automatic,2016,10,toyota_corolla altis
delhi-ncr,hyundai,grand i10,sportz 1.2 kappa vtvt,38142,2015,365000,petrol,1,grey,hatchback,manual,2015,11,hyundai_grand i10
delhi-ncr,renault,kwid,climber 1.0 amt,38976,2017,274000,petrol,3,blue,hatchback,automatic,2017,9,renault_kwid
delhi-ncr,kia,seltos,gtx plus,28072,2019,1232103,petrol,1,grey,suv,manual,2019,7,kia_seltos
delhi-ncr,maruti suzuki,dzire,vxi cng (outside fitted),90202,2019,468000,cng,1,white,sedan,manual,2019,7,maruti suzuki_dzire
delhi-ncr,hyundai,elite i20,sportz 1.2,44574,2016,441000,petrol,2,silver,hatchback,manual,2017,10,hyundai_elite i20
delhi-ncr,maruti suzuki,alto 800,lxi (o),20359,2023,374000,petrol,1,grey,hatchback,manual,2023,3,maruti suzuki_alto 800
delhi-ncr,skoda,rapid new,style petrol,22833,2017,579000,petrol,1,white,sedan,manual,2017,9,skoda_rapid new
delhi-ncr,maruti suzuki,grand vitara,alpha smart hybrid,37427,2022,1105853,petrol,2,white,suv,manual,2022,4,maruti suzuki_grand vitara
delhi-ncr,hyundai,grand i10 nios,sportz 1.2 kappa vtvt,36592,2020,512000,petrol,1,blue,hatchback,manual,2020,6,hyundai_grand i10 nios
delhi-ncr,honda,city,sv cvt,35074,2015,541000,petrol,1,grey,sedan,automatic,2015,11,honda_city
delhi-ncr,maruti suzuki,ciaz,zxi+ rs,47873,2016,557000,petrol,1,silver,sedan,manual,2016,10,maruti suzuki_ciaz
delhi-ncr,hyundai,grand i10 nios,sportz 1.2 kappa cng,20831,2023,708000,cng,1,white,hatchback,manual,2023,3,hyundai_grand i10 nios
delhi-ncr,maruti suzuki,baleno,alpha 1.2,77959,2018,503000,petrol,1,blue,hatchback,manual,2018,8,maruti suzuki_baleno
delhi-ncr,maruti suzuki,wagon r,vxi 1.0,13244,2022,486000,petrol,1,maroon,hatchback,manual,2022,4,maruti suzuki_wagon r
delhi-ncr,maruti suzuki,baleno,zeta,56499,2021,619000,petrol,1,grey,hatchback,manual,2021,5,maruti suzuki_baleno
delhi-ncr,skoda,rapid new,style petrol at,55504,2017,550000,petrol,2,red,sedan,automatic,2018,9,skoda_rapid new
delhi-ncr,hyundai,alcazar,platinum 7 str 2.0 petrol,11832,2022,1494605,petrol,1,white,suv,manual,2022,4,hyundai_alcazar
delhi-ncr,mg motors,hector plus,sharp 1.5 petrol turbo cvt 6-str,25945,2022,1352293,petrol,2,black,suv,automatic,2023,4,mg motors_hector plus
delhi-ncr,maruti suzuki,wagon r 1.0,lxi (o) cng,100050,2021,443000,petrol+cng,1,grey,hatchback,manual,2021,5,maruti suzuki_wagon r 1.0
delhi-ncr,honda,city,1.5 s mt,72670,2013,305000,petrol,2,white,sedan,manual,2013,13,honda_city
delhi-ncr,maruti suzuki,alto k10,vxi,60520,2016,271000,petrol,1,silver,hatchback,manual,2016,10,maruti suzuki_alto k10
delhi-ncr,hyundai,exter,s 1.2 amt,10921,2023,689000,petrol,1,white,suv,automatic,2024,3,hyundai_exter
delhi-ncr,honda,city,zx cvt,97530,2017,740000,petrol,1,white,sedan,automatic,2017,9,honda_city
delhi-ncr,tata,altroz,xz plus turbo dark edition,34605,2022,753000,petrol,1,black,hatchback,manual,2022,4,tata_altroz
delhi-ncr,hyundai,verna,sx 1.6 vtvt,41808,2019,716000,petrol,2,silver,sedan,manual,2019,7,hyundai_verna
delhi-ncr,maruti suzuki,ignis,alpha amt petrol dual tone,28100,2018,523000,petrol,1,blue,hatchback,automatic,2018,8,maruti suzuki_ignis
delhi-ncr,maruti suzuki,swift,vxi,42446,2018,474000,petrol,1,blue,hatchback,manual,2018,8,maruti suzuki_swift
delhi-ncr,honda,jazz,v at petrol,77420,2015,420000,petrol,1,orange,hatchback,automatic,2015,11,honda_jazz
delhi-ncr,hyundai,grand i10,sportz (o) 1.2 kappa vtvt,61947,2017,392000,petrol,2,white,hatchback,manual,2017,9,hyundai_grand i10
delhi-ncr,skoda,rapid,ambition at,19246,2021,862000,petrol,1,white,sedan,automatic,2021,5,skoda_rapid
delhi-ncr,hyundai,verna,fluidic 1.6 vtvt sx,82667,2012,297000,petrol,1,silver,sedan,manual,2012,14,hyundai_verna
delhi-ncr,kia,sonet,htx 1.0 imt,55921,2021,836000,petrol,1,grey,suv,manual,2021,5,kia_sonet
delhi-ncr,honda,city,vx,46336,2015,565000,petrol,1,brown,sedan,manual,2015,11,honda_city
delhi-ncr,honda,amaze,s mt 1.2 petrol,11201,2023,675000,petrol,1,brown,sedan,manual,2023,3,honda_amaze
delhi-ncr,renault,triber,rxz dual tone,27372,2021,609000,petrol,1,silver,muv,manual,2021,5,renault_triber
delhi-ncr,maruti suzuki,baleno,delta 1.2,46597,2016,423000,petrol,1,white,hatchback,manual,2016,10,maruti suzuki_baleno
delhi-ncr,hyundai,grand i10,sportz 1.2 kappa vtvt,76419,2016,334000,petrol,2,maroon,hatchback,manual,2016,10,hyundai_grand i10
delhi-ncr,toyota,corolla altis,g petrol,67458,2016,610000,petrol,2,white,sedan,manual,2016,10,toyota_corolla altis
delhi-ncr,maruti suzuki,alto k10,vxi cng (outside fitted),57211,2015,268000,cng,1,silver,hatchback,manual,2015,11,maruti suzuki_alto k10
delhi-ncr,tata,altroz,xe petrol,12000,2022,527000,petrol,1,red,hatchback,manual,2022,4,tata_altroz
delhi-ncr,maruti suzuki,ciaz,sigma 1.5,17563,2023,759000,petrol,1,blue,sedan,manual,2023,3,maruti suzuki_ciaz
delhi-ncr,maruti suzuki,vitara brezza,vxi,26331,2021,702000,petrol,1,red,suv,manual,2021,5,maruti suzuki_vitara brezza
delhi-ncr,tata,tiago nrg,petrol+cng(outside fitted),53434,2019,419000,cng,2,grey,hatchback,manual,2020,7,tata_tiago nrg
delhi-ncr,maruti suzuki,ignis,delta mt petrol+cng (outside fitted),44519,2022,529000,cng,1,blue,hatchback,manual,2022,4,maruti suzuki_ignis
delhi-ncr,maruti suzuki,alto 800,lxi,20665,2014,221000,petrol,1,white,hatchback,manual,2014,12,maruti suzuki_alto 800
delhi-ncr,honda,wr-v,s mt petrol,38792,2017,466000,petrol,2,white,suv,manual,2017,9,honda_wr-v
delhi-ncr,honda,amaze,1.2 s i-vtec opt,36153,2017,445000,petrol,1,silver,sedan,manual,2017,9,honda_amaze
delhi-ncr,renault,triber,rxz,40262,2019,499000,petrol,1,orange,muv,manual,2020,7,renault_triber
delhi-ncr,maruti suzuki,wagon r 1.2,vxi (o) 1.2,16517,2019,448000,petrol,1,silver,hatchback,manual,2019,7,maruti suzuki_wagon r 1.2
delhi-ncr,volkswagen,taigun,highline 1.0 tsi mt,28541,2022,1090703,petrol,1,grey,suv,manual,2022,4,volkswagen_taigun
delhi-ncr,honda,city,v petrol,39099,2020,764000,petrol,1,silver,sedan,manual,2020,6,honda_city
delhi-ncr,toyota,etios,v,63414,2017,412000,petrol,1,silver,sedan,manual,2017,9,toyota_etios
delhi-ncr,maruti suzuki,wagon r 1.0,vxi+ amt,51766,2017,351000,petrol,2,grey,hatchback,automatic,2017,9,maruti suzuki_wagon r 1.0
delhi-ncr,honda,amaze,1.2 vx cvt petrol,53406,2019,631000,petrol,1,brown,sedan,automatic,2019,7,honda_amaze
delhi-ncr,ford,ecosport,titanium+ 1.0l ecoboost,52282,2017,596000,petrol,1,grey,suv,manual,2017,9,ford_ecosport
delhi-ncr,mahindra,kuv100,k6+ 6 str,83925,2016,295000,petrol,1,white,crossover,manual,2016,10,mahindra_kuv100
delhi-ncr,honda,amaze,1.2 s i-vtec,51694,2017,409000,petrol,1,grey,sedan,manual,2017,9,honda_amaze
delhi-ncr,toyota,urban cruiser hyryder,v hybrid,34285,2022,1635093,hybrid,1,red,suv,automatic,2023,4,toyota_urban cruiser hyryder
delhi-ncr,renault,kwid,rxt 1.0 sce edition,39934,2018,296000,petrol,1,silver,hatchback,manual,2018,8,renault_kwid
delhi-ncr,toyota,corolla altis,g petrol,36721,2018,859000,petrol,1,white,sedan,manual,2018,8,toyota_corolla altis
delhi-ncr,kia,seltos,htx ivt 1.5,30648,2021,1091668,petrol,2,black,suv,automatic,2021,5,kia_seltos
delhi-ncr,honda,mobilio,v petrol,40784,2014,399000,petrol,1,white,muv,manual,2014,12,honda_mobilio
delhi-ncr,maruti suzuki,baleno,alpha 1.2 at,31417,2018,564000,petrol,2,blue,hatchback,automatic,2018,8,maruti suzuki_baleno
delhi-ncr,toyota,urban cruiser,premium grade mt,21248,2022,849000,petrol,1,grey,suv,manual,2022,4,toyota_urban cruiser
delhi-ncr,hyundai,alcazar,signature (o) 6 str 1.5 diesel at,46698,2022,1589643,diesel,1,brown,suv,automatic,2022,4,hyundai_alcazar
delhi-ncr,maruti suzuki,swift,zxi plus amt,66962,2018,484000,petrol,3,blue,hatchback,automatic,2018,8,maruti suzuki_swift
delhi-ncr,maruti suzuki,baleno,alpha ags,12680,2023,839000,petrol,1,grey,hatchback,automatic,2023,3,maruti suzuki_baleno
delhi-ncr,maruti suzuki,baleno,zeta 1.2,34858,2018,541000,petrol,1,grey,hatchback,manual,2018,8,maruti suzuki_baleno
delhi-ncr,hyundai,verna,s plus 1.5 crdi,115967,2022,819000,diesel,1,white,sedan,manual,2022,4,hyundai_verna
delhi-ncr,ford,ecosport,titanium 1.5l ti-vct,45298,2021,788000,petrol,1,grey,suv,manual,2021,5,ford_ecosport
delhi-ncr,maruti suzuki,wagon r,zxi 1.2,20884,2022,521000,petrol,1,grey,hatchback,manual,2022,4,maruti suzuki_wagon r
delhi-ncr,tata,altroz,xe petrol,5647,2023,567000,petrol,1,white,hatchback,manual,2024,3,tata_altroz
delhi-ncr,maruti suzuki,swift,vxi amt,18744,2022,621000,petrol,1,white,hatchback,automatic,2022,4,maruti suzuki_swift
delhi-ncr,honda,city,vx,32988,2014,456000,petrol,2,red,sedan,manual,2014,12,honda_city
delhi-ncr,skoda,slavia,ambition 1.0l tsi at,41819,2022,1135143,petrol,1,grey,sedan,automatic,2022,4,skoda_slavia
delhi-ncr,renault,kwid,climber 1.0 amt,17146,2018,295000,petrol,3,grey,hatchback,automatic,2018,8,renault_kwid
delhi-ncr,maruti suzuki,ertiga,vxi,40631,2015,529000,petrol,1,silver,muv,manual,2015,11,maruti suzuki_ertiga
delhi-ncr,honda,brio,vx at,31716,2013,304000,petrol,1,brown,hatchback,automatic,2013,13,honda_brio
delhi-ncr,ford,ecosport,titanium + 1.5l ti-vct at,12875,2019,784000,petrol,1,grey,suv,automatic,2019,7,ford_ecosport
delhi-ncr,maruti suzuki,wagon r,lxi (o) 1.0 cng,78636,2021,441000,cng,1,grey,hatchback,manual,2021,5,maruti suzuki_wagon r
delhi-ncr,hyundai,elite i20,asta 1.2,83220,2015,436000,petrol,1,blue,hatchback,manual,2015,11,hyundai_elite i20
delhi-ncr,kia,sonet,gtx plus 1.0 dct,47706,2020,997000,petrol,1,red,suv,automatic,2020,6,kia_sonet
delhi-ncr,renault,kwid,1.0 rxl,72025,2017,244000,petrol,1,silver,hatchback,manual,2017,9,renault_kwid
delhi-ncr,hyundai,elite i20,sportz plus 1.2,47452,2019,563000,petrol,1,silver,hatchback,manual,2019,7,hyundai_elite i20
delhi-ncr,maruti suzuki,baleno,delta 1.2,45191,2018,500000,petrol,1,grey,hatchback,manual,2018,8,maruti suzuki_baleno
delhi-ncr,renault,kwid,rxt 1.0 sce edition,68016,2017,243000,petrol,2,red,hatchback,manual,2017,9,renault_kwid
delhi-ncr,honda,city,zx cvt petrol,12725,2020,1140148,petrol,1,brown,sedan,automatic,2020,6,honda_city
delhi-ncr,maruti suzuki,wagon r 1.2,vxi 1.2,63112,2019,384000,petrol,1,grey,hatchback,manual,2019,7,maruti suzuki_wagon r 1.2
delhi-ncr,maruti suzuki,xl6,zeta at petrol,35552,2020,905000,petrol,1,grey,muv,automatic,2020,6,maruti suzuki_xl6
delhi-ncr,mahindra,scorpio n,z8 l diesel mt 2wd 7 str,19398,2022,1865275,diesel,1,green,suv,manual,2023,4,mahindra_scorpio n
delhi-ncr,honda,city,1.5 s mt,35025,2012,297000,petrol,1,brown,sedan,manual,2012,14,honda_city
delhi-ncr,tata,tiago nrg,xz amt,31814,2021,580000,petrol,1,grey,hatchback,automatic,2022,5,tata_tiago nrg
delhi-ncr,maruti suzuki,swift,lxi,13638,2024,593000,petrol,1,white,hatchback,manual,2024,2,maruti suzuki_swift
delhi-ncr,hyundai,elite i20,sportz plus 1.2,56325,2019,551000,petrol,1,silver,hatchback,manual,2019,7,hyundai_elite i20
delhi-ncr,skoda,slavia,style 1.0l tsi mt,18176,2022,1224023,petrol,1,silver,sedan,manual,2023,4,skoda_slavia
delhi-ncr,kia,sonet,gtx plus 1.0 imt,31907,2020,881000,petrol,1,grey,suv,manual,2020,6,kia_sonet
delhi-ncr,maruti suzuki,swift,lxi,49222,2019,440000,petrol,1,blue,hatchback,manual,2019,7,maruti suzuki_swift
delhi-ncr,hyundai,grand i10,sportz 1.2 kappa vtvt,44080,2017,431000,petrol,1,grey,hatchback,manual,2017,9,hyundai_grand i10
delhi-ncr,maruti suzuki,swift dzire,vxi,77836,2016,354000,petrol,2,white,sedan,manual,2016,10,maruti suzuki_swift dzire
delhi-ncr,tata,tiago,xt,5184,2024,571000,petrol,1,white,hatchback,manual,2024,2,tata_tiago
delhi-ncr,hyundai,creta,s diesel,75143,2022,1098738,diesel,1,white,suv,manual,2022,4,hyundai_creta
delhi-ncr,maruti suzuki,baleno,sigma mt,10462,2024,658000,petrol,1,silver,hatchback,manual,2024,2,maruti suzuki_baleno
delhi-ncr,maruti suzuki,alto 800,lxi,55873,2019,295000,petrol,1,white,hatchback,manual,2019,7,maruti suzuki_alto 800
delhi-ncr,tata,altroz,xe 1.2,58140,2022,477000,petrol,1,white,hatchback,manual,2022,4,tata_altroz
delhi-ncr,tata,tiago,xt,41137,2020,441000,petrol,1,white,hatchback,manual,2020,6,tata_tiago
delhi-ncr,hyundai,aura,s 1.2 cng,43864,2022,648000,cng,1,white,sedan,manual,2022,4,hyundai_aura
delhi-ncr,maruti suzuki,celerio,zxi plus,40453,2022,526000,petrol,1,white,hatchback,manual,2022,4,maruti suzuki_celerio
delhi-ncr,mahindra,xuv700,ax 7 petrol at 7 str,7065,2024,2158273,petrol,1,red,suv,automatic,2024,2,mahindra_xuv700
delhi-ncr,hyundai,creta,ex petrol,21972,2023,1054343,petrol,1,black,suv,manual,2023,3,hyundai_creta
delhi-ncr,hyundai,verna,fluidic 1.6 vtvt sx,67994,2012,290000,petrol,2,grey,sedan,manual,2012,14,hyundai_verna
delhi-ncr,maruti suzuki,s-presso,vxi plus,34132,2022,412000,petrol,1,grey,hatchback,manual,2022,4,maruti suzuki_s-presso
delhi-ncr,maruti suzuki,wagon r 1.0,lxi cng (outside fitted),68466,2016,280000,cng,1,grey,hatchback,manual,2016,10,maruti suzuki_wagon r 1.0
delhi-ncr,honda,jazz,sv petrol+cng(outside fitted),89514,2017,388000,cng,1,brown,hatchback,manual,2017,9,honda_jazz
delhi-ncr,honda,amaze,1.2 vx cvt petrol,22372,2019,662000,petrol,1,red,sedan,automatic,2019,7,honda_amaze
delhi-ncr,tata,punch,adventure mt,22105,2022,578000,petrol,1,blue,suv,manual,2022,4,tata_punch
delhi-ncr,hyundai,grand i10,sportz (o) at 1.2 kappa vtvt,62751,2017,435000,petrol,2,red,hatchback,automatic,2018,9,hyundai_grand i10
delhi-ncr,hyundai,grand i10,sportz 1.2 kappa vtvt,64921,2015,351000,petrol,1,white,hatchback,manual,2015,11,hyundai_grand i10
delhi-ncr,maruti suzuki,alto 800,lxi,63618,2017,256000,petrol,1,white,hatchback,manual,2017,9,maruti suzuki_alto 800
delhi-ncr,mg motors,hector,sharp 1.5 dct petrol,45821,2020,1217918,petrol,1,silver,suv,automatic,2020,6,mg motors_hector
delhi-ncr,maruti suzuki,baleno,delta automatic,13322,2019,579000,petrol,1,blue,hatchback,automatic,2019,7,maruti suzuki_baleno
delhi-ncr,nissan,magnite,xv premium turbo (o) cvt,19781,2023,973000,petrol,1,white,suv,automatic,2024,3,nissan_magnite
delhi-ncr,maruti suzuki,swift,vxi,118985,2018,441000,petrol,1,grey,hatchback,manual,2018,8,maruti suzuki_swift
delhi-ncr,maruti suzuki,swift,vxi,59354,2015,350000,petrol,1,silver,hatchback,manual,2015,11,maruti suzuki_swift
delhi-ncr,tata,nexon,xza plus diesel dark edition,70794,2021,761000,diesel,1,black,suv,automatic,2021,5,tata_nexon
delhi-ncr,renault,kwid,rxl edition,49342,2017,249000,petrol,1,white,hatchback,manual,2018,9,renault_kwid
delhi-ncr,maruti suzuki,ciaz,alpha hybrid 1.5 at,57809,2019,725000,petrol,1,silver,sedan,automatic,2020,7,maruti suzuki_ciaz
delhi-ncr,maruti suzuki,alto 800,vxi,16461,2022,377000,petrol,1,grey,hatchback,manual,2022,4,maruti suzuki_alto 800
delhi-ncr,maruti suzuki,swift,lxi (o),38143,2017,382000,petrol,2,white,hatchback,manual,2017,9,maruti suzuki_swift
delhi-ncr,ford,figo,titanium 1.2 ti-vct mt,91571,2019,410000,petrol,1,silver,hatchback,manual,2019,7,ford_figo
delhi-ncr,hyundai,grand i10 nios,sportz 1.2 kappa amt,25752,2023,661000,petrol,1,white,hatchback,automatic,2023,3,hyundai_grand i10 nios
delhi-ncr,mahindra,thar,lx 4 str hard top diesel mt 4wd,68788,2021,1119359,diesel,1,grey,suv,manual,2021,5,mahindra_thar
delhi-ncr,kia,seltos,gtx plus dct,95498,2020,1163000,petrol,1,grey,suv,automatic,2020,6,kia_seltos
delhi-ncr,hyundai,grand i10 nios,sportz 1.2 kappa vtvt,14821,2023,629000,petrol,1,blue,hatchback,manual,2023,3,hyundai_grand i10 nios
delhi-ncr,hyundai,verna,sx (o)1.5 mpi,32923,2022,1117928,petrol,1,white,sedan,manual,2022,4,hyundai_verna
delhi-ncr,renault,triber,rxt,7764,2022,591000,petrol,1,brown,muv,manual,2023,4,renault_triber
delhi-ncr,hyundai,grand i10,asta at 1.2 kappa vtvt,27324,2015,381000,petrol,2,silver,hatchback,automatic,2015,11,hyundai_grand i10
delhi-ncr,renault,kwid,1.0 rxt amt opt,42365,2017,318000,petrol,1,bronze,hatchback,automatic,2017,9,renault_kwid
delhi-ncr,renault,kwid,1.0 rxt amt sce,19783,2022,454000,petrol,1,bronze,hatchback,automatic,2022,4,renault_kwid
delhi-ncr,maruti suzuki,celerio,zxi,26920,2017,382000,petrol,1,red,hatchback,manual,2017,9,maruti suzuki_celerio
delhi-ncr,hyundai,creta,sx petrol,12029,2020,1119993,petrol,1,white,suv,manual,2020,6,hyundai_creta
delhi-ncr,renault,kwid,rxl,22986,2019,312000,petrol,1,grey,hatchback,manual,2019,7,renault_kwid
delhi-ncr,renault,kiger,rxt mt,49002,2021,492000,petrol,1,brown,suv,manual,2022,5,renault_kiger
delhi-ncr,maruti suzuki,ciaz,alpha hybrid 1.5 at,28430,2018,739000,petrol,1,grey,sedan,automatic,2018,8,maruti suzuki_ciaz
delhi-ncr,tata,altroz,xz 1.5,21865,2023,800000,diesel,1,blue,hatchback,manual,2024,3,tata_altroz
delhi-ncr,hyundai,new santro 1.1,sportz executive cng,75878,2021,459000,petrol+cng,1,white,hatchback,manual,2021,5,hyundai_new santro 1.1
delhi-ncr,hyundai,elite i20,asta 1.2,111044,2017,456000,petrol,1,red,hatchback,manual,2017,9,hyundai_elite i20
delhi-ncr,honda,city,v cvt petrol,33884,2022,1063388,petrol,1,brown,sedan,automatic,2022,4,honda_city
delhi-ncr,renault,duster,rxs cvt petrol,94330,2018,553000,petrol,1,grey,suv,automatic,2019,8,renault_duster
delhi-ncr,toyota,glanza,g cvt,17839,2021,705000,petrol,1,silver,hatchback,automatic,2021,5,toyota_glanza
delhi-ncr,maruti suzuki,alto k10,vxi,15005,2017,318000,petrol,1,grey,hatchback,manual,2018,9,maruti suzuki_alto k10
delhi-ncr,maruti suzuki,ignis,sigma 1.2 mt,31681,2021,412000,petrol,1,blue,hatchback,manual,2021,5,maruti suzuki_ignis
delhi-ncr,hyundai,creta,1.6 sx plus petrol,56548,2016,701000,petrol,1,white,suv,manual,2016,10,hyundai_creta
delhi-ncr,skoda,slavia,ambition 1.0l tsi mt,17596,2023,1132113,petrol,1,white,sedan,manual,2024,3,skoda_slavia
delhi-ncr,renault,kwid,climber 1.0,46689,2017,282000,petrol,1,blue,hatchback,manual,2017,9,renault_kwid
delhi-ncr,maruti suzuki,swift,zxi amt,31681,2018,483000,petrol,2,white,hatchback,automatic,2018,8,maruti suzuki_swift
delhi-ncr,maruti suzuki,baleno,sigma mt,15839,2024,651000,petrol,1,white,hatchback,manual,2024,2,maruti suzuki_baleno
delhi-ncr,renault,kwid,1.0 rxt sce opt cng (outside fitted),54686,2017,279000,cng,2,grey,hatchback,manual,2017,9,renault_kwid
delhi-ncr,hyundai,elite i20,sportz 1.2,55180,2017,455000,petrol,2,grey,hatchback,manual,2017,9,hyundai_elite i20
delhi-ncr,maruti suzuki,wagon r 1.0,vxi,27758,2016,322000,petrol,1,white,hatchback,manual,2016,10,maruti suzuki_wagon r 1.0
delhi-ncr,renault,kwid,climber 1.0 amt,12150,2019,383000,petrol,1,bronze,hatchback,automatic,2019,7,renault_kwid
delhi-ncr,hyundai,creta,ex petrol,44005,2022,953000,petrol,1,white,suv,manual,2022,4,hyundai_creta
delhi-ncr,maruti suzuki,swift dzire,vxi,91162,2013,255000,petrol,1,blue,sedan,manual,2013,13,maruti suzuki_swift dzire
delhi-ncr,hyundai,elite i20,magna 1.2,55621,2015,403000,petrol,1,red,hatchback,manual,2015,11,hyundai_elite i20
delhi-ncr,maruti suzuki,swift,zxi amt,87215,2018,521000,petrol,1,red,hatchback,automatic,2018,8,maruti suzuki_swift
delhi-ncr,maruti suzuki,dzire,zxi,87101,2018,502000,petrol,1,blue,sedan,manual,2018,8,maruti suzuki_dzire
delhi-ncr,volkswagen,polo,trendline 1.0l mpi,46369,2021,550000,petrol,1,red,hatchback,manual,2021,5,volkswagen_polo
delhi-ncr,maruti suzuki,wagon r 1.0,lxi 1.0,17284,2019,410000,petrol,1,silver,hatchback,manual,2019,7,maruti suzuki_wagon r 1.0
delhi-ncr,tata,harrier,kaziranga xza plus,60491,2022,1460000,diesel,1,golden,suv,automatic,2022,4,tata_harrier
delhi-ncr,renault,kiger,rxz turbo cvt dual tone,21466,2022,835000,petrol,1,silver,suv,automatic,2024,4,renault_kiger
delhi-ncr,maruti suzuki,brezza,zxi,20516,2024,1093733,petrol,1,white,suv,manual,2024,2,maruti suzuki_brezza
delhi-ncr,honda,city,zx cvt,90800,2017,703000,petrol,1,white,sedan,automatic,2017,9,honda_city
delhi-ncr,maruti suzuki,baleno,zeta 1.2 at,59875,2017,513000,petrol,1,blue,hatchback,automatic,2017,9,maruti suzuki_baleno
delhi-ncr,honda,city,1.5 v at,73091,2012,270000,petrol,3,grey,sedan,automatic,2012,14,honda_city
delhi-ncr,mahindra,xuv 3xo,ax5l 1.2 petrol at,10868,2024,1292658,petrol,1,red,suv,automatic,2024,2,mahindra_xuv 3xo
delhi-ncr,maruti suzuki,grand vitara,zeta smart hybrid at,13292,2024,1473448,petrol,1,black,suv,automatic,2025,2,maruti suzuki_grand vitara
delhi-ncr,honda,amaze,1.2 vx i-vtec,37513,2015,391000,petrol,1,grey,sedan,manual,2015,11,honda_amaze
delhi-ncr,maruti suzuki,wagon r 1.2,zxi amt,9841,2023,612000,petrol,1,red,hatchback,automatic,2023,3,maruti suzuki_wagon r 1.2
delhi-ncr,mahindra,thar,lx hard top petrol at 4wd,15499,2022,1252205,petrol,2,red,suv,automatic,2022,4,mahindra_thar
delhi-ncr,maruti suzuki,celerio,vxi cng,5423,2022,567000,cng,1,white,hatchback,manual,2023,4,maruti suzuki_celerio
delhi-ncr,tata,punch,adventure rhythm,4751,2024,689000,petrol,1,white,suv,manual,2024,2,tata_punch
delhi-ncr,maruti suzuki,alto 800,vxi,37156,2019,312000,petrol,1,silver,hatchback,manual,2019,7,maruti suzuki_alto 800
delhi-ncr,maruti suzuki,swift,lxi,4111,2024,598000,petrol,1,white,hatchback,manual,2024,2,maruti suzuki_swift
delhi-ncr,maruti suzuki,baleno,alpha 1.2,44125,2018,540000,petrol,1,red,hatchback,manual,2018,8,maruti suzuki_baleno
delhi-ncr,maruti suzuki,alto k10,vxi plus,26354,2023,439000,petrol,1,silver,hatchback,manual,2023,3,maruti suzuki_alto k10
delhi-ncr,maruti suzuki,swift,lxi (o),42846,2017,400000,petrol,1,white,hatchback,manual,2017,9,maruti suzuki_swift
delhi-ncr,maruti suzuki,celerio,zxi (o) amt,9743,2020,498000,petrol,1,white,hatchback,automatic,2020,6,maruti suzuki_celerio
delhi-ncr,hyundai,new santro 1.1,sportz amt,39933,2021,499000,petrol,1,grey,hatchback,automatic,2021,5,hyundai_new santro 1.1
delhi-ncr,maruti suzuki,fronx,zeta 1.0l turbo mt,30285,2023,875000,petrol,1,blue,suv,manual,2023,3,maruti suzuki_fronx
delhi-ncr,hyundai,new i20,sportz 1.0 turbo dct,41819,2022,798000,petrol,1,white,hatchback,automatic,2022,4,hyundai_new i20
delhi-ncr,mahindra,xuv 300,w6 1.2 petrol,25705,2022,773000,petrol,1,white,suv,manual,2022,4,mahindra_xuv 300
delhi-ncr,hyundai,venue,sx 1.0  turbo imt dual tone sport,26730,2021,824000,petrol,1,white,suv,manual,2021,5,hyundai_venue
delhi-ncr,tata,punch,accomplished mt,26014,2022,632000,petrol,1,grey,suv,manual,2022,4,tata_punch
delhi-ncr,ford,ecosport,titanium 1.5l ti-vct at,57217,2016,583000,petrol,1,red,suv,automatic,2016,10,ford_ecosport
delhi-ncr,maruti suzuki,alto k10,lxi,28527,2017,285000,petrol,1,white,hatchback,manual,2017,9,maruti suzuki_alto k10
delhi-ncr,maruti suzuki,ciaz,vxi+,51167,2015,461000,petrol,1,brown,sedan,manual,2015,11,maruti suzuki_ciaz
delhi-ncr,kia,carens,luxury plus 1.5 diesel at 6 str,34509,2022,1530053,diesel,1,blue,muv,automatic,2023,4,kia_carens
delhi-ncr,maruti suzuki,baleno,alpha ags,28161,2022,759000,petrol,1,blue,hatchback,automatic,2022,4,maruti suzuki_baleno
delhi-ncr,honda,amaze,1.2 s i-vtec,78985,2016,382000,petrol,1,silver,sedan,manual,2016,10,honda_amaze
delhi-ncr,hyundai,grand i10,magna 1.2 kappa vtvt,16650,2017,417000,petrol,1,grey,hatchback,manual,2017,9,hyundai_grand i10
delhi-ncr,kia,seltos,htk plus imt,36073,2021,1046263,petrol,1,silver,suv,manual,2021,5,kia_seltos
delhi-ncr,honda,amaze,1.2 v mt petrol,57311,2019,551000,petrol,1,grey,sedan,manual,2019,7,honda_amaze
delhi-ncr,tata,punch,adventure rhythm pack amt,60865,2021,577000,petrol,1,grey,suv,automatic,2022,5,tata_punch
delhi-ncr,tata,tiago,xt,5273,2022,539000,petrol,1,blue,hatchback,manual,2023,4,tata_tiago
delhi-ncr,maruti suzuki,s-presso,vxi s-cng,39956,2022,472000,cng,1,white,hatchback,manual,2023,4,maruti suzuki_s-presso
delhi-ncr,hyundai,grand i10 nios,magna 1.2 kappa vtvt,18349,2023,583000,petrol,1,blue,hatchback,manual,2023,3,hyundai_grand i10 nios
delhi-ncr,hyundai,venue,sx plus 1.0 turbo dct,33106,2019,836000,petrol,1,white,suv,automatic,2019,7,hyundai_venue
delhi-ncr,maruti suzuki,baleno,delta 1.2,724,2017,498000,petrol,1,orange,hatchback,manual,2017,9,maruti suzuki_baleno
delhi-ncr,hyundai,verna,sx (o) 1.0 turbo dct,46247,2022,1231064,petrol,1,black,sedan,automatic,2022,4,hyundai_verna
delhi-ncr,maruti suzuki,baleno,delta automatic,20797,2020,599000,petrol,1,white,hatchback,automatic,2021,6,maruti suzuki_baleno
delhi-ncr,ford,ecosport,trend 1.5l ti-vct,81327,2016,453000,petrol,1,white,suv,manual,2016,10,ford_ecosport
delhi-ncr,mahindra,xuv700,ax 5 petrol at 5 str,22373,2023,1796000,petrol,1,white,suv,automatic,2023,3,mahindra_xuv700
delhi-ncr,maruti suzuki,dzire,vxi ags,24203,2022,659000,petrol,1,white,sedan,automatic,2022,4,maruti suzuki_dzire
delhi-ncr,hyundai,creta,s diesel,104834,2020,909000,diesel,1,white,suv,manual,2021,6,hyundai_creta
delhi-ncr,maruti suzuki,wagon r 1.2,zxi 1.2,74076,2021,459000,petrol,1,silver,hatchback,manual,2022,5,maruti suzuki_wagon r 1.2
delhi-ncr,renault,kiger,rxz mt,20060,2024,739000,petrol,1,black,suv,manual,2024,2,renault_kiger
delhi-ncr,maruti suzuki,baleno,sigma mt,24073,2024,637000,petrol,1,white,hatchback,manual,2024,2,maruti suzuki_baleno
delhi-ncr,maruti suzuki,alto 800,lxi cng (outside fitted),35495,2017,279000,cng,1,silver,hatchback,manual,2017,9,maruti suzuki_alto 800
delhi-ncr,maruti suzuki,swift,vxi amt,53426,2018,505000,petrol,1,white,hatchback,automatic,2018,8,maruti suzuki_swift
delhi-ncr,tata,harrier,xza plus dark edition at,86820,2021,1306000,diesel,1,black,suv,automatic,2021,5,tata_harrier
delhi-ncr,maruti suzuki,ignis,alpha 1.2 mt,10428,2023,640000,petrol,1,grey,hatchback,manual,2023,3,maruti suzuki_ignis
delhi-ncr,maruti suzuki,celerio,vxi cng,50993,2014,337000,cng,1,grey,hatchback,manual,2015,12,maruti suzuki_celerio
delhi-ncr,hyundai,grand i10 nios,magna 1.2 kappa vtvt,37786,2021,485000,petrol,1,blue,hatchback,manual,2021,5,hyundai_grand i10 nios
delhi-ncr,maruti suzuki,wagon r 1.2,vxi (o) 1.2,29197,2022,533000,petrol,1,silver,hatchback,manual,2022,4,maruti suzuki_wagon r 1.2
delhi-ncr,hyundai,elite i20,sportz 1.2,64762,2015,421000,petrol,1,silver,hatchback,manual,2016,11,hyundai_elite i20
delhi-ncr,hyundai,elite i20,sportz 1.2,40935,2015,442000,petrol,1,white,hatchback,manual,2015,11,hyundai_elite i20
delhi-ncr,hyundai,elite i20,sportz 1.2,55028,2016,451000,petrol,1,red,hatchback,manual,2016,10,hyundai_elite i20
delhi-ncr,hyundai,creta,ex diesel,41780,2021,1044243,diesel,1,white,suv,manual,2021,5,hyundai_creta
delhi-ncr,honda,city,vx cvt petrol,47949,2020,984000,petrol,1,grey,sedan,automatic,2020,6,honda_city
delhi-ncr,maruti suzuki,grand vitara,alpha plus intelligent hybrid ecvt,8455,2024,1776493,hybrid,1,grey,suv,automatic,2024,2,maruti suzuki_grand vitara
delhi-ncr,toyota,innova crysta,zx 2.7 at 7 str,46393,2021,1892643,petrol,1,purple,muv,automatic,2021,5,toyota_innova crysta
delhi-ncr,tata,nexon,xza plus (o),86405,2022,840000,petrol,1,white,suv,automatic,2022,4,tata_nexon
delhi-ncr,maruti suzuki,brezza,zxi,22469,2023,1004000,petrol,1,white,suv,manual,2023,3,maruti suzuki_brezza
delhi-ncr,tata,altroz,xz plus 1.2 turbo dt,12170,2023,751000,petrol,1,blue,hatchback,manual,2023,3,tata_altroz
delhi-ncr,nissan,micra,xl cvt,13638,2018,426000,petrol,1,silver,hatchback,automatic,2018,8,nissan_micra
delhi-ncr,hyundai,venue,sx 1.5 (o) executive crdi,41694,2021,793000,diesel,2,white,suv,manual,2021,5,hyundai_venue
delhi-ncr,hyundai,elite i20,sportz plus 1.4 crdi,40289,2020,649000,diesel,1,silver,hatchback,manual,2020,6,hyundai_elite i20
delhi-ncr,maruti suzuki,swift,vxi cng (outside fitted),81138,2017,424000,cng,1,white,hatchback,manual,2017,9,maruti suzuki_swift
delhi-ncr,honda,amaze,1.2 v i-vtec,57563,2018,512000,petrol,1,white,sedan,manual,2018,8,honda_amaze
delhi-ncr,maruti suzuki,alto 800,vxi,57909,2021,333000,petrol,1,red,hatchback,manual,2021,5,maruti suzuki_alto 800
delhi-ncr,hyundai,aura,sx 1.2 cng,35874,2023,746000,cng,1,blue,sedan,manual,2023,3,hyundai_aura
delhi-ncr,tata,altroz,xz plus 1.2 dark edition,28093,2023,735000,petrol,1,black,hatchback,manual,2023,3,tata_altroz
delhi-ncr,maruti suzuki,ertiga,zxi,71677,2014,480000,petrol,1,silver,muv,manual,2014,12,maruti suzuki_ertiga
delhi-ncr,hyundai,verna,1.4 vtvt ex,56508,2018,687000,petrol,1,white,sedan,manual,2018,8,hyundai_verna
hyderabad,bmw,3 series gt,320d gt luxury line,86012,2017,2019858,diesel,2,blue,sedan,automatic,2017,9,bmw_3 series gt
hyderabad,hyundai,venue,sx plus 1.0 turbo dct,26513,2021,998000,petrol,1,green,suv,automatic,2021,5,hyundai_venue
hyderabad,mahindra,tuv300,t10,95370,2018,658000,diesel,2,white,suv,manual,2018,8,mahindra_tuv300
hyderabad,bmw,3 series,gran limousine 320ld luxury line,30422,2022,3938858,diesel,2,black,sedan,automatic,2022,4,bmw_3 series
hyderabad,ford,freestyle,titanium 1.2,50548,2018,497000,petrol,1,white,crossover,manual,2018,8,ford_freestyle
hyderabad,ford,ecosport,titanium 1.5l ti-vct,48068,2019,693000,petrol,2,brown,suv,manual,2019,7,ford_ecosport
hyderabad,maruti suzuki,wagon r 1.0,lxi cng,93087,2013,287000,cng,2,silver,hatchback,manual,2013,13,maruti suzuki_wagon r 1.0
hyderabad,maruti suzuki,baleno,delta 1.2,35636,2018,580000,petrol,1,blue,hatchback,manual,2018,8,maruti suzuki_baleno
hyderabad,maruti suzuki,swift,vxi,38317,2013,384000,petrol,1,grey,hatchback,manual,2013,13,maruti suzuki_swift
hyderabad,hyundai,i10,magna 1.2 kappa2,34130,2012,283000,petrol,1,red,hatchback,manual,2013,14,hyundai_i10
hyderabad,tata,punch,creative mt,25925,2022,722000,petrol,1,white,suv,manual,2022,4,tata_punch
hyderabad,maruti suzuki,baleno,zeta automatic,39596,2020,671000,petrol,1,red,hatchback,automatic,2020,6,maruti suzuki_baleno
hyderabad,toyota,etios,g,59126,2012,319000,petrol,2,silver,sedan,manual,2012,14,toyota_etios
hyderabad,hyundai,grand i10,asta 1.2 kappa vtvt (o),113649,2015,383000,petrol,1,silver,hatchback,manual,2015,11,hyundai_grand i10
hyderabad,maruti suzuki,ciaz,alpha hybrid 1.5,84884,2018,651000,petrol,1,blue,sedan,manual,2019,8,maruti suzuki_ciaz
hyderabad,jeep,compass,limited (o) 2.0 diesel,28800,2022,1918858,diesel,1,grey,suv,manual,2023,4,jeep_compass
hyderabad,maruti suzuki,baleno,alpha ags,9906,2023,902000,petrol,1,grey,hatchback,automatic,2024,3,maruti suzuki_baleno
hyderabad,maruti suzuki,swift,vdi,118356,2013,349000,diesel,2,red,hatchback,manual,2014,13,maruti suzuki_swift
hyderabad,hyundai,grand i10 nios,sportz amt 1.2 kappa vtvt,4867,2021,682000,petrol,1,blue,hatchback,automatic,2021,5,hyundai_grand i10 nios
hyderabad,honda,city,vx cvt,67633,2015,634000,petrol,1,brown,sedan,automatic,2015,11,honda_city
hyderabad,ford,freestyle,titanium plus 1.2 ti-vct,32147,2021,614000,petrol,1,brown,crossover,manual,2021,5,ford_freestyle
hyderabad,honda,brio,vx at,83708,2014,356000,petrol,2,white,hatchback,automatic,2014,12,honda_brio
hyderabad,maruti suzuki,alto 800,vxi,54205,2020,340000,petrol,1,red,hatchback,manual,2020,6,maruti suzuki_alto 800
hyderabad,hyundai,xcent,sx,64462,2017,489000,petrol,1,silver,sedan,manual,2018,9,hyundai_xcent
hyderabad,toyota,glanza,v cvt,44843,2020,706000,petrol,2,white,hatchback,automatic,2020,6,toyota_glanza
hyderabad,maruti suzuki,wagon r,vxi,32280,2016,348000,petrol,2,white,hatchback,manual,2016,10,maruti suzuki_wagon r
hyderabad,jeep,compass,model s (o) 1.4 petrol dct,36729,2022,2070358,petrol,1,green,suv,automatic,2022,4,jeep_compass
hyderabad,maruti suzuki,alto 800,lxi,80879,2012,195000,petrol,2,white,hatchback,manual,2013,14,maruti suzuki_alto 800
hyderabad,mahindra,scorpio n,z8 l diesel at 2wd 7 str,44745,2022,2098683,diesel,1,green,suv,automatic,2023,4,mahindra_scorpio n
hyderabad,mercedes-benz,c-class,c 200 progressive,23573,2020,3282358,petrol,1,white,sedan,automatic,2021,6,mercedes-benz_c-class
hyderabad,hyundai,i20 active,1.2 s,76909,2017,515000,petrol,2,brown,crossover,manual,2017,9,hyundai_i20 active
hyderabad,jeep,compass,limited (o) 1.4 petrol dct,55134,2021,1868358,petrol,1,white,suv,automatic,2022,5,jeep_compass
hyderabad,maruti suzuki,s-presso,vxi plus,18381,2022,491000,petrol,1,grey,hatchback,manual,2022,4,maruti suzuki_s-presso
hyderabad,tata,tiago,xz plus dual tone,87722,2022,543000,petrol,1,red,hatchback,manual,2022,4,tata_tiago
hyderabad,maruti suzuki,baleno,rs 1.0,67496,2018,598000,petrol,1,white,hatchback,manual,2018,8,maruti suzuki_baleno
hyderabad,renault,kwid,1.0 rxt amt,12178,2020,439000,petrol,1,red,hatchback,automatic,2020,6,renault_kwid
hyderabad,hyundai,venue,sx plus 1.0 turbo dct,42150,2019,809000,petrol,2,white,suv,automatic,2019,7,hyundai_venue
hyderabad,maruti suzuki,alto k10,vxi plus,25612,2022,419000,petrol,2,silver,hatchback,manual,2023,4,maruti suzuki_alto k10
hyderabad,tata,tiago,xz plus,51497,2021,523000,petrol,2,red,hatchback,manual,2021,5,tata_tiago
hyderabad,hyundai,grand i10,asta 1.2 kappa vtvt,42392,2015,425000,petrol,1,red,hatchback,manual,2015,11,hyundai_grand i10
hyderabad,hyundai,venue,sx (o) 1.5 crdi,46240,2022,1096718,diesel,1,black,suv,manual,2022,4,hyundai_venue
hyderabad,kia,seltos,htx 1.5 diesel,52702,2020,1219938,diesel,1,silver,suv,manual,2020,6,kia_seltos
hyderabad,mg motors,hector,sharp 2.0 diesel,95409,2019,1231093,diesel,1,white,suv,manual,2020,7,mg motors_hector
hyderabad,maruti suzuki,new ertiga,zxi at,73572,2020,862000,petrol,1,grey,muv,automatic,2021,6,maruti suzuki_new ertiga
hyderabad,datsun,redi-go,t(o) 1.0,64985,2017,237000,petrol,2,white,hatchback,manual,2017,9,datsun_redi-go
hyderabad,renault,kwid,rxt,45286,2016,289000,petrol,1,red,hatchback,manual,2017,10,renault_kwid
hyderabad,maruti suzuki,alto 800,vxi,22435,2021,375000,petrol,1,grey,hatchback,manual,2021,5,maruti suzuki_alto 800
hyderabad,maruti suzuki,swift,zxi amt,23146,2022,759000,petrol,1,red,hatchback,automatic,2022,4,maruti suzuki_swift
hyderabad,hyundai,i20 active,1.2 sx,67315,2017,515000,petrol,3,brown,crossover,manual,2017,9,hyundai_i20 active
hyderabad,maruti suzuki,wagon r,vxi,60349,2013,289000,petrol,2,white,hatchback,manual,2014,13,maruti suzuki_wagon r
hyderabad,maruti suzuki,xl6,alpha at petrol,109816,2019,821000,petrol,1,silver,muv,automatic,2020,7,maruti suzuki_xl6
hyderabad,maruti suzuki,grand vitara,alpha smart hybrid at,32187,2022,1443193,petrol,1,white,suv,automatic,2023,4,maruti suzuki_grand vitara
hyderabad,hyundai,new i20,asta (o) 1.5 mt diesel,83795,2022,867000,diesel,1,blue,hatchback,manual,2022,4,hyundai_new i20
hyderabad,hyundai,i10,sportz 1.2 kappa2,22485,2013,320000,petrol,1,grey,hatchback,manual,2013,13,hyundai_i10
hyderabad,maruti suzuki,swift,vxi (o),63878,2017,450000,petrol,2,red,hatchback,manual,2017,9,maruti suzuki_swift
hyderabad,toyota,urban cruiser hyryder,g neodrive,46193,2022,1280583,petrol,1,black,suv,manual,2022,4,toyota_urban cruiser hyryder
hyderabad,hyundai,elite i20,asta 1.2,88172,2015,514000,petrol,1,red,hatchback,manual,2015,11,hyundai_elite i20
hyderabad,bmw,2 series gran coupe,220i m sport,27625,2021,3130858,petrol,1,blue,sedan,automatic,2022,5,bmw_2 series gran coupe
hyderabad,mercedes-benz,e-class,e 250 cdi edition e,35848,2016,1898658,diesel,2,black,sedan,automatic,2017,10,mercedes-benz_e-class
hyderabad,hyundai,venue,sx 1.5 crdi,67531,2021,915000,diesel,1,green,suv,manual,2021,5,hyundai_venue
hyderabad,tata,harrier,xza,96890,2020,1263413,diesel,1,white,suv,automatic,2020,6,tata_harrier
hyderabad,maruti suzuki,wagon r 1.2,zxi 1.2 amt,36923,2020,527000,petrol,1,brown,hatchback,automatic,2020,6,maruti suzuki_wagon r 1.2
hyderabad,maruti suzuki,alto 800,vxi,33123,2022,393000,petrol,1,silver,hatchback,manual,2022,4,maruti suzuki_alto 800
hyderabad,honda,amaze,vx 1.2 petrol cvt,3937,2023,933000,petrol,1,brown,sedan,automatic,2023,3,honda_amaze
hyderabad,tata,nexon,xza plus amt petrol,116303,2018,709000,petrol,1,white,suv,automatic,2018,8,tata_nexon
hyderabad,maruti suzuki,alto 800,vxi,18258,2022,339000,petrol,3,white,hatchback,manual,2022,4,maruti suzuki_alto 800
hyderabad,renault,kwid,climber amt,14115,2023,574000,petrol,1,white,hatchback,automatic,2023,3,renault_kwid
hyderabad,maruti suzuki,alto 800,lxi,49182,2017,288000,petrol,1,grey,hatchback,manual,2017,9,maruti suzuki_alto 800
hyderabad,honda,city,vx cvt,95909,2015,565000,petrol,2,brown,sedan,automatic,2015,11,honda_city
hyderabad,hyundai,i20 active,1.2 s,91384,2015,563000,petrol,1,white,crossover,manual,2015,11,hyundai_i20 active
hyderabad,hyundai,new santro 1.1,asta mt,25663,2022,569000,petrol,1,grey,hatchback,manual,2022,4,hyundai_new santro 1.1
hyderabad,maruti suzuki,baleno,zeta,19132,2022,735000,petrol,1,blue,hatchback,manual,2022,4,maruti suzuki_baleno
hyderabad,datsun,redi-go,t(o) 1.0,48363,2017,246000,petrol,2,grey,hatchback,manual,2017,9,datsun_redi-go
hyderabad,maruti suzuki,wagon r,vxi,29124,2017,398000,petrol,1,grey,hatchback,manual,2017,9,maruti suzuki_wagon r
hyderabad,renault,kwid,rxt 1.0 sce edition,42049,2016,287000,petrol,2,bronze,hatchback,manual,2016,10,renault_kwid
hyderabad,hyundai,i10,sportz 1.2 kappa2,67649,2012,270000,petrol,2,red,hatchback,manual,2012,14,hyundai_i10
hyderabad,maruti suzuki,wagon r 1.2,vxi 1.2,35429,2021,523000,petrol,1,grey,hatchback,manual,2021,5,maruti suzuki_wagon r 1.2
hyderabad,maruti suzuki,s-cross,alpha 1.6,99821,2016,630000,diesel,2,white,suv,manual,2016,10,maruti suzuki_s-cross
hyderabad,kia,sonet,htx 1.0 imt,33693,2021,902000,petrol,1,grey,suv,manual,2021,5,kia_sonet
hyderabad,maruti suzuki,alto 800,vxi,20871,2021,381000,petrol,1,white,hatchback,manual,2021,5,maruti suzuki_alto 800
hyderabad,maruti suzuki,swift,zxi amt,36278,2022,735000,petrol,1,white,hatchback,automatic,2022,4,maruti suzuki_swift
hyderabad,maruti suzuki,alto 800,lxi,50241,2012,204000,petrol,2,grey,hatchback,manual,2013,14,maruti suzuki_alto 800
hyderabad,honda,brio,s mt,79041,2014,298000,petrol,2,black,hatchback,manual,2014,12,honda_brio
hyderabad,maruti suzuki,baleno,alpha 1.2,34486,2018,654000,petrol,1,orange,hatchback,manual,2018,8,maruti suzuki_baleno
hyderabad,hyundai,xcent,s 1.2,93611,2016,387000,petrol,1,blue,sedan,manual,2016,10,hyundai_xcent
hyderabad,maruti suzuki,xl6,alpha mt petrol,34483,2024,1189638,petrol,1,grey,muv,manual,2024,2,maruti suzuki_xl6
hyderabad,ford,figo aspire,titanium plus 1.2 ti-vct,55609,2021,653000,petrol,1,golden,sedan,manual,2021,5,ford_figo aspire
hyderabad,renault,kwid,climber amt,5220,2023,592000,petrol,1,white,hatchback,automatic,2023,3,renault_kwid
hyderabad,maruti suzuki,ritz,vxi bs-iv,65529,2012,283000,petrol,1,white,hatchback,manual,2012,14,maruti suzuki_ritz
hyderabad,ford,figo,titanium1.5 tdci,63952,2019,548000,diesel,2,white,hatchback,manual,2019,7,ford_figo
hyderabad,maruti suzuki,swift,vxi,93526,2013,336000,petrol,2,white,hatchback,manual,2014,13,maruti suzuki_swift
hyderabad,nissan,sunny,xv premium pack (safety),96636,2016,419000,diesel,2,silver,sedan,manual,2016,10,nissan_sunny
hyderabad,maruti suzuki,swift dzire,vxi,68692,2016,440000,petrol,2,white,sedan,manual,2016,10,maruti suzuki_swift dzire
hyderabad,maruti suzuki,xl6,alpha plus mt petrol dual tone,62081,2023,1155343,petrol,1,red,muv,manual,2023,3,maruti suzuki_xl6
hyderabad,honda,city,vx cvt,75096,2015,584000,petrol,2,red,sedan,automatic,2015,11,honda_city
hyderabad,tata,altroz,xma plus petrol,28680,2023,757000,petrol,1,white,hatchback,automatic,2023,3,tata_altroz
hyderabad,mahindra,xuv700,ax 7 diesel at awd luxury pack 7 str,39277,2022,2372393,diesel,1,silver,suv,automatic,2022,4,mahindra_xuv700
hyderabad,tata,nexon,xma plus (s),16151,2022,948000,petrol,1,white,suv,automatic,2022,4,tata_nexon
hyderabad,maruti suzuki,brezza,zxi plus dual tone,39603,2023,1181558,petrol,1,red,suv,manual,2023,3,maruti suzuki_brezza
hyderabad,renault,kwid,1.0 rxt amt,38704,2017,342000,petrol,2,grey,hatchback,automatic,2017,9,renault_kwid
hyderabad,hyundai,verna,sx (o) 1.5 turbo petrol dct,25880,2023,1595658,petrol,1,black,sedan,automatic,2023,3,hyundai_verna
hyderabad,renault,triber,rxz easy-r amt,36897,2022,627000,petrol,2,white,muv,automatic,2024,4,renault_triber
hyderabad,maruti suzuki,brezza,zxi dual tone,14165,2023,1088638,petrol,1,red,suv,manual,2023,3,maruti suzuki_brezza
hyderabad,ford,figo,duratorq diesel exi 1.4,134712,2013,238000,diesel,2,grey,hatchback,manual,2013,13,ford_figo
hyderabad,renault,triber,rxz,43935,2020,591000,petrol,1,white,muv,manual,2020,6,renault_triber
hyderabad,kia,sonet,gtx plus 1.5 at,113205,2021,999000,diesel,1,black,suv,automatic,2021,5,kia_sonet
hyderabad,hyundai,elite i20,sportz 1.2,94972,2018,522000,petrol,1,red,hatchback,manual,2018,8,hyundai_elite i20
hyderabad,maruti suzuki,swift,vxi 1.2 bs-iv,93105,2011,279000,petrol,1,red,hatchback,manual,2011,15,maruti suzuki_swift
hyderabad,datsun,go,t,76752,2016,223000,petrol,3,grey,hatchback,manual,2017,10,datsun_go
hyderabad,honda,city,vx,80827,2014,532000,petrol,1,silver,sedan,manual,2014,12,honda_city
hyderabad,tata,altroz,xz plus turbo,23438,2022,828000,petrol,1,red,hatchback,manual,2022,4,tata_altroz
hyderabad,honda,jazz,v petrol,138678,2016,453000,petrol,1,brown,hatchback,manual,2016,10,honda_jazz
hyderabad,maruti suzuki,swift dzire,vxi,97356,2013,339000,petrol,2,grey,sedan,manual,2013,13,maruti suzuki_swift dzire
hyderabad,honda,amaze,1.2 vx cvt i-vtec,28091,2022,831000,petrol,1,grey,sedan,automatic,2022,4,honda_amaze
hyderabad,maruti suzuki,alto 800,vxi plus,35594,2021,385000,petrol,1,grey,hatchback,manual,2022,5,maruti suzuki_alto 800
hyderabad,volkswagen,virtus,topline 1.0 tsi mt,31463,2023,1297753,petrol,1,yellow,sedan,manual,2023,3,volkswagen_virtus
hyderabad,maruti suzuki,swift dzire,vxi,50794,2014,404000,petrol,2,black,sedan,manual,2014,12,maruti suzuki_swift dzire
hyderabad,kia,sonet,gtx plus 1.0 turbo petrol imt,8582,2023,1172513,petrol,2,black,suv,manual,2023,3,kia_sonet
hyderabad,hyundai,new santro 1.1,asta mt,17952,2021,543000,petrol,1,beige,hatchback,manual,2021,5,hyundai_new santro 1.1
hyderabad,renault,triber,rxz,14586,2022,655000,petrol,1,blue,muv,manual,2022,4,renault_triber
hyderabad,skoda,slavia,style 1.0l tsi at,61230,2022,1280583,petrol,1,white,sedan,automatic,2022,4,skoda_slavia
hyderabad,renault,kwid,rxt 1.0 opt,63537,2021,386000,petrol,1,bronze,hatchback,manual,2021,5,renault_kwid
hyderabad,skoda,kushaq,style 1.0l tsi at,56450,2021,1297724,petrol,1,grey,suv,automatic,2021,5,skoda_kushaq
hyderabad,hyundai,grand i10,sportz 1.2 kappa vtvt,57012,2020,533000,petrol,2,red,hatchback,manual,2020,6,hyundai_grand i10
hyderabad,hyundai,grand i10,sportz 1.2 kappa vtvt,96240,2016,397000,petrol,1,white,hatchback,manual,2017,10,hyundai_grand i10
hyderabad,hyundai,venue,sx 1.2 petrol,35009,2022,913000,petrol,2,grey,suv,manual,2022,4,hyundai_venue
hyderabad,hyundai,new santro 1.1,magna,39200,2019,417000,petrol,1,beige,hatchback,manual,2019,7,hyundai_new santro 1.1
hyderabad,maruti suzuki,wagon r,vxi+ amt,81120,2017,394000,petrol,1,grey,hatchback,automatic,2017,9,maruti suzuki_wagon r
hyderabad,maruti suzuki,alto k10,vxi,70657,2019,332000,petrol,2,silver,hatchback,manual,2019,7,maruti suzuki_alto k10
hyderabad,hyundai,grand i10 nios,sportz 1.2 kappa vtvt cng,31036,2022,697000,cng,2,blue,hatchback,manual,2022,4,hyundai_grand i10 nios
hyderabad,maruti suzuki,brezza,zxi plus,14699,2022,1152268,petrol,1,blue,suv,manual,2022,4,maruti suzuki_brezza
hyderabad,maruti suzuki,xl6,alpha plus mt petrol dual tone,32301,2023,1253268,petrol,1,brown,muv,manual,2023,3,maruti suzuki_xl6
hyderabad,maruti suzuki,vitara brezza,zxi at shvs,73755,2020,834000,petrol,1,silver,suv,automatic,2020,6,maruti suzuki_vitara brezza
hyderabad,honda,brio,s mt,64394,2012,258000,petrol,2,brown,hatchback,manual,2012,14,honda_brio
hyderabad,hyundai,venue,sx 1.0 turbo imt,23369,2022,912000,petrol,2,white,suv,manual,2022,4,hyundai_venue
hyderabad,hyundai,i10,sportz 1.2 at kappa2,24004,2011,310000,petrol,1,red,hatchback,automatic,2011,15,hyundai_i10
hyderabad,renault,kwid,climber 1.0,50110,2019,374000,petrol,1,blue,hatchback,manual,2019,7,renault_kwid
hyderabad,hyundai,eon,magna +,89266,2017,270000,petrol,2,grey,hatchback,manual,2017,9,hyundai_eon
hyderabad,datsun,redi-go,t (o),44284,2017,224000,petrol,2,grey,hatchback,manual,2017,9,datsun_redi-go
hyderabad,maruti suzuki,wagon r,vxi,42983,2016,356000,petrol,1,grey,hatchback,manual,2016,10,maruti suzuki_wagon r
hyderabad,hyundai,new santro 1.1,asta mt,61263,2018,404000,petrol,2,beige,hatchback,manual,2018,8,hyundai_new santro 1.1
hyderabad,maruti suzuki,wagon r,zxi 1.2,38898,2022,518000,petrol,1,white,hatchback,manual,2022,4,maruti suzuki_wagon r
hyderabad,maruti suzuki,alto k10,vxi,119496,2016,250000,petrol,2,grey,hatchback,manual,2016,10,maruti suzuki_alto k10
hyderabad,hyundai,new i20,asta (o) 1.2 ivt,9980,2023,994000,petrol,1,white,hatchback,automatic,2023,3,hyundai_new i20
hyderabad,honda,elevate,zx mt,8724,2023,1465368,petrol,1,white,suv,manual,2023,3,honda_elevate
hyderabad,maruti suzuki,s-presso,vxi plus,17803,2021,453000,petrol,1,red,hatchback,manual,2021,5,maruti suzuki_s-presso
hyderabad,mahindra,thar,lx hard top petrol mt 4wd,33568,2022,1307755,petrol,1,black,suv,manual,2022,4,mahindra_thar
hyderabad,hyundai,grand i10,sportz 1.2 kappa vtvt,39128,2018,502000,petrol,1,red,hatchback,manual,2018,8,hyundai_grand i10
hyderabad,maruti suzuki,ritz,vxi bs-iv,109455,2014,298000,petrol,1,white,hatchback,manual,2014,12,maruti suzuki_ritz
hyderabad,renault,kiger,rxz turbo cvt dual tone,21403,2022,899000,petrol,1,silver,suv,automatic,2022,4,renault_kiger
hyderabad,maruti suzuki,swift dzire,vdi,135723,2013,397000,diesel,1,black,sedan,manual,2013,13,maruti suzuki_swift dzire
hyderabad,hyundai,venue,sx (o) 1.0 turbo imt,7971,2023,1117973,petrol,2,red,suv,manual,2023,3,hyundai_venue
hyderabad,maruti suzuki,swift dzire,automatic,63860,2013,409000,petrol,2,white,sedan,automatic,2013,13,maruti suzuki_swift dzire
hyderabad,kia,sonet,gtx plus 1.0 dct dual tone,81639,2020,941000,petrol,1,red,suv,automatic,2020,6,kia_sonet
hyderabad,maruti suzuki,wagon r,vxi (abs-airbag),61314,2013,291000,petrol,1,red,hatchback,manual,2014,13,maruti suzuki_wagon r
hyderabad,maruti suzuki,wagon r 1.0,lxi cng,72166,2012,284000,cng,2,red,hatchback,manual,2012,14,maruti suzuki_wagon r 1.0
hyderabad,maruti suzuki,dzire,zxi plus ags,37906,2023,845000,petrol,1,white,sedan,automatic,2023,3,maruti suzuki_dzire
hyderabad,mahindra,xuv500,w6,75177,2018,895000,diesel,1,black,suv,manual,2018,8,mahindra_xuv500
hyderabad,maruti suzuki,celerio,zxi plus,115528,2022,488000,petrol,1,white,hatchback,manual,2022,4,maruti suzuki_celerio
hyderabad,hyundai,alcazar,signature (o) 6 str 1.5 diesel at,43507,2021,1667368,diesel,1,grey,suv,automatic,2021,5,hyundai_alcazar
hyderabad,renault,kwid,1.0 rxt amt opt,102804,2018,314000,petrol,1,red,hatchback,automatic,2018,8,renault_kwid
hyderabad,maruti suzuki,ciaz,alpha petrol,54534,2022,834000,petrol,2,grey,sedan,manual,2022,4,maruti suzuki_ciaz
hyderabad,honda,city,zx petrol,24241,2022,1233113,petrol,1,white,sedan,manual,2022,4,honda_city
hyderabad,maruti suzuki,ritz,vxi bs-iv,100406,2014,317000,petrol,1,silver,hatchback,manual,2014,12,maruti suzuki_ritz
hyderabad,maruti suzuki,brezza,zxi plus,61001,2022,1054298,petrol,1,grey,suv,manual,2022,4,maruti suzuki_brezza
hyderabad,tata,tiago,revotron xza plus,113879,2019,501000,petrol,1,white,hatchback,automatic,2019,7,tata_tiago
hyderabad,maruti suzuki,alto 800,vxi plus,32622,2022,403000,petrol,1,silver,hatchback,manual,2022,4,maruti suzuki_alto 800
hyderabad,maruti suzuki,xl6,alpha at petrol,31346,2022,1223013,petrol,2,grey,muv,automatic,2022,4,maruti suzuki_xl6
hyderabad,hyundai,i20 n line,n8 1.0 turbo dct,34607,2022,999000,petrol,1,white,hatchback,automatic,2022,4,hyundai_i20 n line
hyderabad,maruti suzuki,wagon r 1.0,vxi amt,65357,2017,411000,petrol,1,white,hatchback,automatic,2017,9,maruti suzuki_wagon r 1.0
hyderabad,kia,seltos,gtx plus at d,122051,2021,1327955,diesel,1,grey,suv,automatic,2021,5,kia_seltos
hyderabad,maruti suzuki,ritz,vxi bs-iv,139275,2015,306000,petrol,2,white,hatchback,manual,2016,11,maruti suzuki_ritz
hyderabad,maruti suzuki,alto 800,vxi plus,14127,2021,399000,petrol,1,grey,hatchback,manual,2022,5,maruti suzuki_alto 800
hyderabad,maruti suzuki,brezza,zxi plus,42971,2022,1054000,petrol,1,blue,suv,manual,2022,4,maruti suzuki_brezza
hyderabad,maruti suzuki,swift,zxi plus amt,62437,2022,723000,petrol,1,silver,hatchback,automatic,2022,4,maruti suzuki_swift
hyderabad,chevrolet,beat,lt petrol,52965,2013,229000,petrol,2,beige,hatchback,manual,2013,13,chevrolet_beat
hyderabad,renault,kwid,climber 1.0 amt (o),45404,2021,435000,petrol,2,bronze,hatchback,automatic,2021,5,renault_kwid
hyderabad,hyundai,elite i20,asta 1.4 crdi,101690,2015,562000,diesel,1,red,hatchback,manual,2015,11,hyundai_elite i20
hyderabad,maruti suzuki,swift,zxi,23689,2023,719000,petrol,2,blue,hatchback,manual,2023,3,maruti suzuki_swift
hyderabad,hyundai,i20 active,1.2 sx,49505,2019,701000,petrol,1,red,crossover,manual,2020,7,hyundai_i20 active
hyderabad,hyundai,creta,1.6 sx plus petrol,62935,2017,855000,petrol,1,red,suv,manual,2017,9,hyundai_creta
hyderabad,maruti suzuki,alto k10,vxi,58986,2017,320000,petrol,1,red,hatchback,manual,2017,9,maruti suzuki_alto k10
hyderabad,kia,sonet,gtx plus 1.0 imt,44523,2021,972000,petrol,1,red,suv,manual,2021,5,kia_sonet
hyderabad,maruti suzuki,alto 800,vxi (o),98555,2019,302000,petrol,1,black,hatchback,manual,2019,7,maruti suzuki_alto 800
hyderabad,maruti suzuki,alto 800,vxi,93810,2015,237000,petrol,3,red,hatchback,manual,2015,11,maruti suzuki_alto 800
hyderabad,hyundai,new santro 1.1,magna,77533,2021,438000,petrol,1,white,hatchback,manual,2022,5,hyundai_new santro 1.1
hyderabad,hyundai,elite i20,asta 1.2 at,52526,2018,659000,petrol,1,white,hatchback,automatic,2018,8,hyundai_elite i20
hyderabad,volkswagen,virtus,highline 1.0 tsi mt,31281,2023,1198744,petrol,1,red,sedan,manual,2023,3,volkswagen_virtus
hyderabad,maruti suzuki,alto 800,lxi,49487,2012,201000,petrol,2,silver,hatchback,manual,2013,14,maruti suzuki_alto 800
hyderabad,renault,kwid,rxt opt,69884,2019,334000,petrol,1,bronze,hatchback,manual,2019,7,renault_kwid
hyderabad,maruti suzuki,alto 800,vxi,83687,2015,250000,petrol,1,silver,hatchback,manual,2015,11,maruti suzuki_alto 800
hyderabad,hyundai,verna,sx (o) 1.5 turbo petrol dct,69824,2023,1490000,petrol,1,white,sedan,automatic,2023,3,hyundai_verna
hyderabad,maruti suzuki,s-cross,alpha,42061,2022,982000,petrol,1,grey,suv,manual,2022,4,maruti suzuki_s-cross
hyderabad,maruti suzuki,wagon r 1.0,vxi amt,118688,2017,376000,petrol,1,silver,hatchback,automatic,2017,9,maruti suzuki_wagon r 1.0
hyderabad,maruti suzuki,eeco,5 str ac,11327,2023,583000,petrol,1,white,muv,manual,2023,3,maruti suzuki_eeco
hyderabad,tata,nexon,xza plus dualtone roof (o) amt,38380,2021,948000,petrol,2,red,suv,automatic,2021,5,tata_nexon
hyderabad,maruti suzuki,swift,zxi,75732,2013,409000,petrol,1,grey,hatchback,manual,2013,13,maruti suzuki_swift
hyderabad,maruti suzuki,brezza,zxi plus dual tone,35671,2023,1200748,petrol,1,silver,suv,manual,2023,3,maruti suzuki_brezza
hyderabad,hyundai,creta,1.6 sx at vtvt,73827,2018,1043233,petrol,1,red,suv,automatic,2018,8,hyundai_creta
hyderabad,maruti suzuki,ritz,vxi bs-iv,97174,2014,295000,petrol,2,white,hatchback,manual,2014,12,maruti suzuki_ritz
hyderabad,skoda,kushaq,ambition 1.0l tsi mt,24953,2023,1204804,petrol,2,grey,suv,manual,2023,3,skoda_kushaq
hyderabad,maruti suzuki,dzire,zxi amt,65901,2019,625000,petrol,2,white,sedan,automatic,2019,7,maruti suzuki_dzire
hyderabad,maruti suzuki,alto 800,lxi,29845,2021,348000,petrol,2,grey,hatchback,manual,2021,5,maruti suzuki_alto 800
hyderabad,skoda,kushaq,style 1.0l tsi at (6 airbags),33810,2022,1463364,petrol,1,orange,suv,automatic,2022,4,skoda_kushaq
hyderabad,tata,altroz,xza plus petrol,18491,2023,892000,petrol,1,white,hatchback,automatic,2023,3,tata_altroz
hyderabad,tata,zest,xt petrol,76818,2015,354000,petrol,1,red,sedan,manual,2015,11,tata_zest
hyderabad,skoda,slavia,style 1.5l tsi mt,71695,2022,1198728,petrol,2,white,sedan,manual,2022,4,skoda_slavia
hyderabad,hyundai,elite i20,asta 1.4 crdi,144762,2016,538000,diesel,1,blue,hatchback,manual,2016,10,hyundai_elite i20
hyderabad,maruti suzuki,alto 800,lxi (o),31892,2016,272000,petrol,1,silver,hatchback,manual,2016,10,maruti suzuki_alto 800
hyderabad,hyundai,elite i20,asta 1.2,60469,2015,532000,petrol,1,white,hatchback,manual,2016,11,hyundai_elite i20
hyderabad,maruti suzuki,brezza,zxi dual tone,36520,2023,1050258,petrol,1,red,suv,manual,2023,3,maruti suzuki_brezza
hyderabad,maruti suzuki,alto 800,lxi cng,108988,2013,226000,cng,1,blue,hatchback,manual,2014,13,maruti suzuki_alto 800
hyderabad,maruti suzuki,ciaz,zeta 1.4 at,95904,2018,642000,petrol,1,red,sedan,automatic,2018,8,maruti suzuki_ciaz
hyderabad,maruti suzuki,dzire,zxi plus ags,73068,2023,797000,petrol,1,blue,sedan,automatic,2023,3,maruti suzuki_dzire
hyderabad,kia,sonet,htx 1.5 diesel imt,28230,2023,1191703,diesel,1,black,suv,manual,2023,3,kia_sonet
hyderabad,maruti suzuki,dzire,zxi amt,39589,2017,621000,petrol,1,red,sedan,automatic,2017,9,maruti suzuki_dzire
hyderabad,maruti suzuki,dzire,zxi plus ags,60814,2021,674000,petrol,1,red,sedan,automatic,2021,5,maruti suzuki_dzire
hyderabad,kia,sonet,htx 1.5 at,57982,2021,995000,diesel,1,silver,suv,automatic,2021,5,kia_sonet
hyderabad,mahindra,xuv500,w6 at,85433,2017,879000,diesel,2,grey,suv,automatic,2018,9,mahindra_xuv500
hyderabad,renault,kwid,1.0 rxt amt opt,60811,2018,344000,petrol,2,silver,hatchback,automatic,2018,8,renault_kwid
hyderabad,maruti suzuki,wagon r 1.0,vxi amt,116373,2016,349000,petrol,2,red,hatchback,automatic,2016,10,maruti suzuki_wagon r 1.0
hyderabad,maruti suzuki,s-cross,zeta 1.3,79503,2018,792000,diesel,1,grey,suv,manual,2018,8,maruti suzuki_s-cross
hyderabad,maruti suzuki,alto 800,vxi,94721,2015,255000,petrol,1,silver,hatchback,manual,2015,11,maruti suzuki_alto 800
hyderabad,hyundai,eon,magna +,92261,2016,279000,petrol,1,grey,hatchback,manual,2016,10,hyundai_eon
hyderabad,renault,triber,rxz easy-r amt,43853,2020,619000,petrol,1,red,muv,automatic,2020,6,renault_triber
hyderabad,honda,brio,ex mt,60809,2013,266000,petrol,2,red,hatchback,manual,2013,13,honda_brio
hyderabad,maruti suzuki,baleno,zeta,45482,2021,628000,petrol,2,blue,hatchback,manual,2021,5,maruti suzuki_baleno
hyderabad,maruti suzuki,alto 800,vxi plus,37451,2021,359000,petrol,2,red,hatchback,manual,2021,5,maruti suzuki_alto 800
hyderabad,maruti suzuki,celerio,zxi plus,28079,2023,602000,petrol,1,black,hatchback,manual,2023,3,maruti suzuki_celerio
hyderabad,maruti suzuki,ciaz,alpha 1.5 at,51666,2021,920000,petrol,1,silver,sedan,automatic,2021,5,maruti suzuki_ciaz
hyderabad,ford,figo,titanium1.5 tdci,112662,2016,400000,diesel,1,white,hatchback,manual,2016,10,ford_figo
hyderabad,hyundai,verna,sx (o) 1.0 turbo dct,33037,2022,1338124,petrol,1,black,sedan,automatic,2022,4,hyundai_verna
hyderabad,maruti suzuki,baleno,zeta 1.2,85001,2016,520000,petrol,1,orange,hatchback,manual,2016,10,maruti suzuki_baleno
hyderabad,kia,seltos,htx g,71422,2021,1138128,petrol,1,red,suv,manual,2021,5,kia_seltos
hyderabad,maruti suzuki,baleno,alpha at petrol,116888,2018,593000,petrol,2,silver,hatchback,automatic,2018,8,maruti suzuki_baleno
hyderabad,ford,figo aspire,titanium plus 1.2 ti-vct,37995,2020,638000,petrol,1,red,sedan,manual,2020,6,ford_figo aspire
hyderabad,hyundai,alcazar,signature (o) 6 str 1.5 petrol dct,29238,2023,1892643,petrol,1,white,suv,automatic,2023,3,hyundai_alcazar
hyderabad,nissan,magnite,xv premium turbo cvt dual tone,6558,2022,961000,petrol,1,blue,suv,automatic,2022,4,nissan_magnite
hyderabad,hyundai,aura,sx plus 1.2 amt petrol,52122,2020,649000,petrol,1,grey,sedan,automatic,2020,6,hyundai_aura
hyderabad,hyundai,i10,sportz 1.2 kappa2,90139,2011,254000,petrol,1,red,hatchback,manual,2011,15,hyundai_i10
hyderabad,ford,figo,duratorq diesel exi 1.4,133883,2012,241000,diesel,1,grey,hatchback,manual,2012,14,ford_figo
hyderabad,maruti suzuki,celerio,zxi plus,36587,2022,557000,petrol,1,blue,hatchback,manual,2022,4,maruti suzuki_celerio
hyderabad,honda,city,vx,105618,2014,499000,petrol,1,white,sedan,manual,2014,12,honda_city
hyderabad,renault,triber,rxt,41434,2022,611000,petrol,1,silver,muv,manual,2022,4,renault_triber
hyderabad,maruti suzuki,alto 800,lxi,77907,2014,207000,petrol,3,red,hatchback,manual,2014,12,maruti suzuki_alto 800
hyderabad,honda,amaze,1.2 vx i-vtec,93943,2015,413000,petrol,2,brown,sedan,manual,2015,11,honda_amaze
hyderabad,hyundai,venue,sx 1.2 petrol,26264,2023,999000,petrol,1,grey,suv,manual,2023,3,hyundai_venue
hyderabad,hyundai,creta,1.6 sx plus auto petrol,83776,2017,876000,petrol,1,black,suv,automatic,2018,9,hyundai_creta
hyderabad,skoda,karoq,style at,48656,2020,1847148,petrol,1,blue,suv,automatic,2020,6,skoda_karoq
hyderabad,maruti suzuki,baleno,alpha mt,15227,2024,919000,petrol,1,red,hatchback,manual,2024,2,maruti suzuki_baleno
hyderabad,mahindra,thar,lx hard top petrol at 4wd,56276,2021,1241095,petrol,1,red,suv,automatic,2021,5,mahindra_thar
hyderabad,hyundai,verna,fluidic 1.6 vtvt sx,113669,2011,338000,petrol,2,silver,sedan,manual,2011,15,hyundai_verna
hyderabad,skoda,kushaq,style 1.0l tsi at,36494,2022,1362393,petrol,2,orange,suv,automatic,2022,4,skoda_kushaq
hyderabad,maruti suzuki,s-presso,vxi plus,39693,2021,435000,petrol,1,grey,hatchback,manual,2022,5,maruti suzuki_s-presso
hyderabad,hyundai,venue,sx (o) 1.0 turbo imt,23077,2023,1152313,petrol,1,blue,suv,manual,2023,3,hyundai_venue
hyderabad,tata,nexon,xz plus,97856,2021,789000,petrol,1,green,suv,manual,2021,5,tata_nexon
hyderabad,datsun,redi-go,t (o),32012,2018,235000,petrol,2,red,hatchback,manual,2019,8,datsun_redi-go
hyderabad,maruti suzuki,baleno,zeta 1.2 at,120998,2018,580000,petrol,1,white,hatchback,automatic,2018,8,maruti suzuki_baleno
hyderabad,kia,seltos,htx plus d,29818,2023,1690643,diesel,1,black,suv,manual,2023,3,kia_seltos
hyderabad,skoda,rapid,style,91720,2021,786000,petrol,1,white,sedan,manual,2021,5,skoda_rapid
hyderabad,hyundai,verna,fluidic 1.6 vtvt sx,101345,2013,410000,petrol,1,white,sedan,manual,2013,13,hyundai_verna
hyderabad,hyundai,i10,sportz 1.2 at kappa2,99109,2013,326000,petrol,1,red,hatchback,automatic,2013,13,hyundai_i10
hyderabad,maruti suzuki,alto 800,lxi,25539,2021,365000,petrol,1,grey,hatchback,manual,2021,5,maruti suzuki_alto 800
hyderabad,renault,kwid,1.0 rxt amt,49900,2017,350000,petrol,1,grey,hatchback,automatic,2017,9,renault_kwid
hyderabad,maruti suzuki,xl6,zeta mt petrol,73602,2021,849000,petrol,1,red,muv,manual,2021,5,maruti suzuki_xl6
hyderabad,maruti suzuki,alto 800,vxi,45009,2018,321000,petrol,1,grey,hatchback,manual,2018,8,maruti suzuki_alto 800
hyderabad,maruti suzuki,alto k10,vxi amt,81654,2015,240000,petrol,3,blue,hatchback,automatic,2015,11,maruti suzuki_alto k10
hyderabad,maruti suzuki,s-presso,vxi,24690,2022,422000,petrol,1,white,hatchback,manual,2022,4,maruti suzuki_s-presso
hyderabad,renault,triber,rxz,113460,2020,539000,petrol,1,orange,muv,manual,2020,6,renault_triber
hyderabad,skoda,kushaq,style 1.0l tsi at (6 airbags),17073,2022,1498714,petrol,1,grey,suv,automatic,2023,4,skoda_kushaq
hyderabad,honda,amaze,1.2 vx at i-vtec,93535,2013,420000,petrol,1,red,sedan,automatic,2013,13,honda_amaze
hyderabad,tata,nexon,xza plus dual tone roof amt petrol,47813,2019,848000,petrol,1,blue,suv,automatic,2019,7,tata_nexon
hyderabad,maruti suzuki,ritz,zxi bs-iv,70107,2014,303000,petrol,3,white,hatchback,manual,2014,12,maruti suzuki_ritz
hyderabad,maruti suzuki,s-cross,zeta,42527,2022,875000,petrol,1,blue,suv,manual,2022,4,maruti suzuki_s-cross
hyderabad,honda,jazz,v at petrol,104270,2016,492000,petrol,1,red,hatchback,automatic,2016,10,honda_jazz
hyderabad,maruti suzuki,brezza,zxi plus,36226,2023,1179538,petrol,1,grey,suv,manual,2023,3,maruti suzuki_brezza
hyderabad,hyundai,i10,sportz 1.2 kappa2,65534,2012,270000,petrol,2,red,hatchback,manual,2012,14,hyundai_i10
hyderabad,hyundai,i10,sportz 1.2 kappa2,66373,2011,271000,petrol,1,red,hatchback,manual,2011,15,hyundai_i10
hyderabad,hyundai,i20 active,1.2 s,80849,2016,534000,petrol,1,brown,crossover,manual,2016,10,hyundai_i20 active
hyderabad,renault,kwid,rxt opt,58651,2019,350000,petrol,1,red,hatchback,manual,2019,7,renault_kwid
hyderabad,maruti suzuki,swift,vxi,62618,2012,359000,petrol,1,red,hatchback,manual,2012,14,maruti suzuki_swift
hyderabad,tata,tigor,xz plus,8607,2024,773000,petrol,1,grey,sedan,manual,2024,2,tata_tigor
hyderabad,hyundai,tucson,2wd at gls diesel,94705,2017,1290585,diesel,1,white,suv,automatic,2017,9,hyundai_tucson
hyderabad,tata,nexon,xza plus (o),32753,2021,979000,petrol,1,green,suv,automatic,2021,5,tata_nexon
hyderabad,hyundai,grand i10,asta 1.2 kappa vtvt,99113,2019,511000,petrol,1,grey,hatchback,manual,2020,7,hyundai_grand i10
hyderabad,hyundai,i10,sportz 1.1 irde2,75525,2014,293000,petrol,2,grey,hatchback,manual,2014,12,hyundai_i10
hyderabad,hyundai,grand i10,asta at 1.2 kappa vtvt,52445,2016,498000,petrol,1,grey,hatchback,automatic,2016,10,hyundai_grand i10
hyderabad,renault,kwid,rxl(o) 1.0l amt,7991,2024,566000,petrol,1,silver,hatchback,automatic,2025,2,renault_kwid
hyderabad,kia,seltos,htx g,59373,2021,1114943,petrol,1,white,suv,manual,2021,5,kia_seltos
hyderabad,honda,amaze,vx cvt 1.2 petrol,37715,2022,827000,petrol,1,silver,sedan,automatic,2022,4,honda_amaze
hyderabad,honda,city,vx (o) mt bl,70506,2016,622000,petrol,1,white,sedan,manual,2017,10,honda_city
hyderabad,tata,nexon,xz plus s,25623,2020,894000,petrol,1,blue,suv,manual,2020,6,tata_nexon
hyderabad,maruti suzuki,baleno,alpha mt,29345,2022,770000,petrol,2,blue,hatchback,manual,2022,4,maruti suzuki_baleno
hyderabad,maruti suzuki,vitara brezza,zdi plus,89868,2016,639000,diesel,2,blue,suv,manual,2016,10,maruti suzuki_vitara brezza
hyderabad,maruti suzuki,swift,vxi,94236,2016,439000,petrol,1,grey,hatchback,manual,2016,10,maruti suzuki_swift
hyderabad,maruti suzuki,alto 800,vxi,103737,2013,214000,petrol,1,white,hatchback,manual,2014,13,maruti suzuki_alto 800
hyderabad,maruti suzuki,swift,zxi plus dual tone,36498,2022,741000,petrol,1,blue,hatchback,manual,2022,4,maruti suzuki_swift
hyderabad,skoda,kushaq,ambition 1.0l tsi at,111641,2021,1083000,petrol,1,grey,suv,automatic,2021,5,skoda_kushaq
hyderabad,hyundai,venue,sx 1.0 turbo imt,24077,2022,964000,petrol,1,white,suv,manual,2022,4,hyundai_venue
hyderabad,hyundai,grand i10,sportz 1.2 kappa vtvt,118915,2019,452000,petrol,2,grey,hatchback,manual,2019,7,hyundai_grand i10
hyderabad,maruti suzuki,ciaz,zeta 1.5,45850,2022,834000,petrol,1,grey,sedan,manual,2022,4,maruti suzuki_ciaz
hyderabad,mg motors,hector,sharp 2.0 diesel,78056,2019,1271395,diesel,1,red,suv,manual,2019,7,mg motors_hector
hyderabad,renault,kwid,rxl,55048,2015,217000,petrol,3,silver,hatchback,manual,2016,11,renault_kwid
hyderabad,skoda,slavia,style 1.5l tsi dsg,38169,2022,1498698,petrol,1,white,sedan,automatic,2023,4,skoda_slavia
hyderabad,hyundai,new santro 1.1,sportz executive cng,46722,2021,547000,petrol+cng,1,grey,hatchback,manual,2021,5,hyundai_new santro 1.1
hyderabad,mahindra,thar,lx hard top petrol at 4wd,27818,2022,1395625,petrol,1,grey,suv,automatic,2022,4,mahindra_thar
hyderabad,maruti suzuki,ciaz,alpha 1.4 at,110838,2018,627000,petrol,1,silver,sedan,automatic,2018,8,maruti suzuki_ciaz
hyderabad,maruti suzuki,dzire,vdi amt,91292,2017,591000,diesel,2,white,sedan,automatic,2017,9,maruti suzuki_dzire
hyderabad,hyundai,elite i20,asta 1.2,148472,2016,518000,petrol,1,red,hatchback,manual,2016,10,hyundai_elite i20
hyderabad,tata,nexon,xza plus amt s,24159,2023,1102778,petrol,1,red,suv,automatic,2023,3,tata_nexon
hyderabad,maruti suzuki,baleno,delta 1.2,64993,2018,551000,petrol,1,grey,hatchback,manual,2018,8,maruti suzuki_baleno
hyderabad,toyota,etios,g,38585,2011,331000,petrol,1,white,sedan,manual,2011,15,toyota_etios
hyderabad,hyundai,verna,sx (o) 1.0 turbo dct,51076,2022,1280554,petrol,1,white,sedan,automatic,2023,4,hyundai_verna
hyderabad,ford,figo aspire,titanium 1.2 ti-vct,56988,2016,443000,petrol,2,white,sedan,manual,2016,10,ford_figo aspire
hyderabad,toyota,urban cruiser hyryder,g hybrid,51637,2023,1736093,hybrid,1,silver,suv,automatic,2023,3,toyota_urban cruiser hyryder
hyderabad,hyundai,venue,sx 1.0 turbo,60482,2021,819000,petrol,1,blue,suv,manual,2021,5,hyundai_venue
hyderabad,maruti suzuki,swift,vxi,62157,2012,361000,petrol,1,grey,hatchback,manual,2012,14,maruti suzuki_swift
hyderabad,kia,carens,premium 1.4 petrol 7 str,44642,2022,1062378,petrol,1,silver,muv,manual,2022,4,kia_carens
hyderabad,maruti suzuki,eeco,5 str with a/c+htr,14532,2014,379000,petrol,1,grey,muv,manual,2015,12,maruti suzuki_eeco
hyderabad,maruti suzuki,alto 800,lxi,89620,2016,245000,petrol,2,grey,hatchback,manual,2016,10,maruti suzuki_alto 800
hyderabad,maruti suzuki,xl6,alpha at petrol,27434,2024,1449000,petrol,1,black,muv,automatic,2024,2,maruti suzuki_xl6
hyderabad,volkswagen,virtus,highline 1.0 tsi at,45586,2022,1189683,petrol,1,red,sedan,automatic,2022,4,volkswagen_virtus
hyderabad,renault,duster,rxs turbo,47474,2021,821000,petrol,1,silver,suv,manual,2022,5,renault_duster
hyderabad,maruti suzuki,alto 800,vxi,112557,2019,282000,petrol,1,white,hatchback,manual,2019,7,maruti suzuki_alto 800
hyderabad,hyundai,grand i10,asta 1.2 kappa vtvt,50938,2018,486000,petrol,2,white,hatchback,manual,2018,8,hyundai_grand i10
hyderabad,hyundai,tucson,platinum 2.0 at petrol,29222,2022,2465313,petrol,1,white,suv,automatic,2022,4,hyundai_tucson
hyderabad,maruti suzuki,baleno,alpha 1.2,77754,2018,569000,petrol,1,blue,hatchback,manual,2018,8,maruti suzuki_baleno
hyderabad,honda,city,1.5 v at,123846,2013,409000,petrol,1,silver,sedan,automatic,2013,13,honda_city
hyderabad,toyota,glanza,v cvt,40251,2021,738000,petrol,2,red,hatchback,automatic,2021,5,toyota_glanza
hyderabad,honda,wr-v,vx mt petrol,97314,2021,667000,petrol,1,red,suv,manual,2021,5,honda_wr-v
hyderabad,maruti suzuki,dzire,zxi plus amt,67614,2017,635000,petrol,1,blue,sedan,automatic,2017,9,maruti suzuki_dzire
hyderabad,maruti suzuki,alto 800,lxi,75269,2012,199000,petrol,1,white,hatchback,manual,2013,14,maruti suzuki_alto 800
hyderabad,hyundai,elite i20,asta 1.2,41746,2016,561000,petrol,2,grey,hatchback,manual,2017,10,hyundai_elite i20
hyderabad,maruti suzuki,alto 800,lxi,56815,2018,282000,petrol,2,white,hatchback,manual,2018,8,maruti suzuki_alto 800
hyderabad,hyundai,creta,1.6 s plus auto,90189,2017,896000,diesel,1,brown,suv,automatic,2017,9,hyundai_creta
hyderabad,toyota,urban cruiser hyryder,v at neodrive,49617,2023,1896683,petrol,1,white,suv,automatic,2024,3,toyota_urban cruiser hyryder
hyderabad,kia,sonet,htx plus 1.0 imt,71047,2021,937000,petrol,1,white,suv,manual,2021,5,kia_sonet
hyderabad,renault,kiger,rxz turbo cvt,75557,2021,769000,petrol,1,white,suv,automatic,2021,5,renault_kiger
hyderabad,maruti suzuki,vitara brezza,zxi plus at dual tone,45265,2020,931000,petrol,1,red,suv,automatic,2020,6,maruti suzuki_vitara brezza
hyderabad,skoda,slavia,style 1.5l tsi mt,62355,2022,1299773,petrol,1,grey,sedan,manual,2022,4,skoda_slavia
hyderabad,maruti suzuki,baleno,alpha 1.2,51437,2018,637000,petrol,1,blue,hatchback,manual,2018,8,maruti suzuki_baleno
hyderabad,renault,triber,rxz,32164,2023,712000,petrol,1,brown,muv,manual,2023,3,renault_triber
hyderabad,hyundai,venue,sx plus 1.0 turbo dct,49433,2021,921000,petrol,2,green,suv,automatic,2021,5,hyundai_venue
hyderabad,maruti suzuki,swift,zxi,113112,2019,562000,petrol,1,red,hatchback,manual,2019,7,maruti suzuki_swift
hyderabad,hyundai,elite i20,asta 1.2,59751,2017,571000,petrol,2,grey,hatchback,manual,2017,9,hyundai_elite i20
hyderabad,hyundai,new santro 1.1,sportz cng,108359,2018,414000,petrol+cng,1,grey,hatchback,manual,2018,8,hyundai_new santro 1.1
hyderabad,kia,seltos,gtx plus dct,106939,2020,1247000,petrol,1,black,suv,automatic,2020,6,kia_seltos
hyderabad,hyundai,new santro 1.1,asta mt,31653,2020,493000,petrol,1,red,hatchback,manual,2020,6,hyundai_new santro 1.1
hyderabad,skoda,slavia,style 1.0l tsi at,40500,2022,1253313,petrol,2,silver,sedan,automatic,2022,4,skoda_slavia
hyderabad,ford,figo aspire,titanium 1.2 ti-vct,84120,2017,462000,petrol,1,red,sedan,manual,2018,9,ford_figo aspire
hyderabad,maruti suzuki,ritz,zdi bs-iv,142380,2013,292000,diesel,1,white,hatchback,manual,2013,13,maruti suzuki_ritz
hyderabad,hyundai,elite i20,asta 1.2,128578,2016,500000,petrol,1,grey,hatchback,manual,2016,10,hyundai_elite i20
hyderabad,hyundai,i20 n line,n8 1.0 turbo dct dual tone,65751,2022,970000,petrol,1,white,hatchback,automatic,2022,4,hyundai_i20 n line
hyderabad,maruti suzuki,swift,zxi plus dual tone,31823,2022,751000,petrol,1,blue,hatchback,manual,2022,4,maruti suzuki_swift
hyderabad,maruti suzuki,alto 800,vxi,34164,2021,367000,petrol,1,silver,hatchback,manual,2021,5,maruti suzuki_alto 800
hyderabad,tata,zest,xe petrol,45966,2014,313000,petrol,1,white,sedan,manual,2015,12,tata_zest
hyderabad,maruti suzuki,swift,vxi,23846,2023,684000,petrol,1,white,hatchback,manual,2023,3,maruti suzuki_swift
hyderabad,maruti suzuki,swift dzire,vxi,57894,2012,361000,petrol,1,white,sedan,manual,2012,14,maruti suzuki_swift dzire
hyderabad,skoda,kushaq,ambition 1.0l tsi at,36515,2022,1289644,petrol,1,grey,suv,automatic,2022,4,skoda_kushaq
hyderabad,hyundai,elite i20,asta 1.4 crdi,104812,2015,511000,diesel,2,red,hatchback,manual,2015,11,hyundai_elite i20
hyderabad,volkswagen,polo,highline1.2l (p),149382,2016,437000,petrol,1,red,hatchback,manual,2017,10,volkswagen_polo
hyderabad,maruti suzuki,alto 800,lxi,86095,2013,205000,petrol,2,grey,hatchback,manual,2013,13,maruti suzuki_alto 800
hyderabad,mahindra,thar,ax convertible petrol mt 4wd,46649,2021,1160295,petrol,1,black,suv,manual,2021,5,mahindra_thar
hyderabad,hyundai,venue,sx plus 1.0 turbo dct,31290,2019,875000,petrol,1,silver,suv,automatic,2019,7,hyundai_venue
hyderabad,hyundai,grand i10,sportz 1.2 kappa vtvt,72684,2019,485000,petrol,2,grey,hatchback,manual,2019,7,hyundai_grand i10
hyderabad,honda,jazz,v at petrol,92363,2018,550000,petrol,2,red,hatchback,automatic,2018,8,honda_jazz
hyderabad,maruti suzuki,alto,lxi bs-iv,68431,2012,184000,petrol,1,white,hatchback,manual,2012,14,maruti suzuki_alto
hyderabad,skoda,kushaq,monte carlo 1.0 tsi mt,33204,2022,1333103,petrol,1,white,suv,manual,2022,4,skoda_kushaq
hyderabad,maruti suzuki,alto k10,vxi amt,26491,2016,343000,petrol,1,grey,hatchback,automatic,2016,10,maruti suzuki_alto k10
hyderabad,maruti suzuki,swift,vdi,76260,2016,495000,diesel,1,silver,hatchback,manual,2016,10,maruti suzuki_swift
hyderabad,maruti suzuki,swift,vxi (o),73076,2017,469000,petrol,1,grey,hatchback,manual,2017,9,maruti suzuki_swift
hyderabad,maruti suzuki,alto k10,vxi,128483,2016,248000,petrol,1,grey,hatchback,manual,2016,10,maruti suzuki_alto k10
hyderabad,hyundai,new santro 1.1,asta mt,36181,2022,504000,petrol,2,white,hatchback,manual,2022,4,hyundai_new santro 1.1
hyderabad,ford,figo,duratorq diesel zxi 1.4,121439,2012,235000,diesel,2,red,hatchback,manual,2012,14,ford_figo
hyderabad,honda,city,vx petrol cvt,17160,2024,1484603,petrol,1,white,sedan,automatic,2024,2,honda_city
hyderabad,volkswagen,virtus,highline 1.0 tsi at,26459,2023,1293713,petrol,1,red,sedan,automatic,2024,3,volkswagen_virtus
hyderabad,maruti suzuki,grand vitara,delta smart hybrid,16952,2023,1152268,petrol,1,white,suv,manual,2023,3,maruti suzuki_grand vitara
hyderabad,mg motors,hector plus,sharp 2.0 diesel turbo mt 6-str,25552,2022,1677513,diesel,1,silver,suv,manual,2022,4,mg motors_hector plus
hyderabad,honda,brio,s mt,68695,2017,374000,petrol,1,red,hatchback,manual,2017,9,honda_brio
hyderabad,tata,nexon,xza plus dual tone roof amt petrol,28859,2018,830000,petrol,1,blue,suv,automatic,2019,8,tata_nexon
hyderabad,maruti suzuki,alto 800,lxi,76461,2014,202000,petrol,3,blue,hatchback,manual,2015,12,maruti suzuki_alto 800
hyderabad,hyundai,elite i20,asta 1.2 dual tone,67422,2018,612000,petrol,1,white,hatchback,manual,2018,8,hyundai_elite i20
hyderabad,honda,city,zx cvt petrol,80302,2020,1051313,petrol,1,white,sedan,automatic,2021,6,honda_city
hyderabad,hyundai,creta,1.6l sx vtvt,31053,2020,1152215,petrol,1,white,suv,manual,2020,6,hyundai_creta
hyderabad,hyundai,creta,1.6 sx plus petrol,40848,2017,834000,petrol,1,white,suv,manual,2017,9,hyundai_creta
hyderabad,hyundai,creta,1.6 sx plus auto petrol,109062,2016,818000,petrol,1,white,suv,automatic,2017,10,hyundai_creta
hyderabad,hyundai,aura,sx plus 1.2 amt petrol,23241,2021,733000,petrol,1,brown,sedan,automatic,2021,5,hyundai_aura
hyderabad,tata,tiago,xz plus,55308,2020,529000,petrol,1,blue,hatchback,manual,2020,6,tata_tiago
hyderabad,maruti suzuki,alto k10,vxi,82310,2013,207000,petrol,2,silver,hatchback,manual,2013,13,maruti suzuki_alto k10
hyderabad,hyundai,grand i10 nios,sportz 1.2 kappa amt,9361,2024,778000,petrol,1,grey,hatchback,automatic,2024,2,hyundai_grand i10 nios
hyderabad,renault,triber,rxz,38726,2020,575000,petrol,1,white,muv,manual,2020,6,renault_triber
hyderabad,renault,kwid,1.0l rxt (o) amt sce,100938,2019,353000,petrol,1,red,hatchback,automatic,2020,7,renault_kwid
hyderabad,hyundai,grand i10,sportz 1.2 kappa vtvt,29284,2019,545000,petrol,1,grey,hatchback,manual,2019,7,hyundai_grand i10
hyderabad,maruti suzuki,baleno,zeta 1.2,98899,2017,509000,petrol,1,red,hatchback,manual,2017,9,maruti suzuki_baleno
hyderabad,hyundai,verna,ex 1.6 vtvt at,103503,2018,721000,petrol,1,black,sedan,automatic,2018,8,hyundai_verna
hyderabad,renault,triber,rxz,69802,2021,551000,petrol,2,silver,muv,manual,2021,5,renault_triber
hyderabad,maruti suzuki,dzire,zxi plus amt,47740,2019,721000,petrol,1,grey,sedan,automatic,2019,7,maruti suzuki_dzire
hyderabad,mahindra,xuv500,w7,100673,2020,1058383,diesel,1,maroon,suv,manual,2020,6,mahindra_xuv500
hyderabad,hyundai,elite i20,asta 1.4 crdi,132138,2015,497000,diesel,2,white,hatchback,manual,2015,11,hyundai_elite i20
hyderabad,hyundai,creta,1.6 sx (o),105725,2018,901000,diesel,2,silver,suv,manual,2018,8,hyundai_creta
hyderabad,hyundai,creta,sx opt turbo dct petrol,32714,2023,1730998,petrol,1,black,suv,automatic,2023,3,hyundai_creta
hyderabad,maruti suzuki,ciaz,zdi+ shvs,90255,2016,630000,diesel,1,brown,sedan,manual,2016,10,maruti suzuki_ciaz
hyderabad,maruti suzuki,brezza,vxi at,29671,2022,1004000,petrol,1,red,suv,automatic,2022,4,maruti suzuki_brezza
hyderabad,toyota,urban cruiser hyryder,v hybrid,63276,2022,1799723,hybrid,1,white,suv,automatic,2023,4,toyota_urban cruiser hyryder
hyderabad,maruti suzuki,alto 800,vxi,91977,2019,290000,petrol,1,white,hatchback,manual,2019,7,maruti suzuki_alto 800
hyderabad,maruti suzuki,alto k10,vxi,86479,2013,205000,petrol,2,black,hatchback,manual,2013,13,maruti suzuki_alto k10
hyderabad,maruti suzuki,xl6,alpha at petrol,115937,2020,894000,petrol,1,grey,muv,automatic,2020,6,maruti suzuki_xl6
hyderabad,maruti suzuki,s-presso,vxi cng,98389,2021,423000,petrol+cng,1,silver,hatchback,manual,2021,5,maruti suzuki_s-presso
hyderabad,hyundai,i20,magna 1.4 crdi,93679,2012,344000,diesel,1,white,hatchback,manual,2013,14,hyundai_i20
hyderabad,kia,sonet,htx 1.5 diesel imt,27394,2023,1198728,diesel,1,black,suv,manual,2023,3,kia_sonet
hyderabad,maruti suzuki,xl6,alpha at petrol,91817,2020,926000,petrol,1,grey,muv,automatic,2020,6,maruti suzuki_xl6
hyderabad,datsun,redi-go,t(o) 1.0,49992,2018,251000,petrol,1,red,hatchback,manual,2019,8,datsun_redi-go
hyderabad,maruti suzuki,ciaz,alpha petrol,26174,2022,921000,petrol,1,silver,sedan,manual,2023,4,maruti suzuki_ciaz
hyderabad,honda,city,v petrol,41371,2021,970000,petrol,1,white,sedan,manual,2022,5,honda_city
hyderabad,renault,kiger,rxz mt,20201,2023,757000,petrol,1,red,suv,manual,2023,3,renault_kiger
hyderabad,honda,wr-v,vx i-vtec petrol+cng(outside fitted),46437,2019,730000,cng,1,grey,suv,manual,2019,7,honda_wr-v
hyderabad,ford,figo,duratorq diesel exi 1.4,102836,2012,222000,diesel,2,black,hatchback,manual,2012,14,ford_figo
hyderabad,kia,seltos,gtx plus at dual tone diesel,83459,2020,1340045,diesel,1,white,suv,automatic,2021,6,kia_seltos
hyderabad,skoda,slavia,style 1.5l tsi at,78373,2022,1401000,petrol,1,blue,sedan,automatic,2022,4,skoda_slavia
hyderabad,maruti suzuki,swift,vxi,105727,2015,402000,petrol,1,grey,hatchback,manual,2016,11,maruti suzuki_swift
hyderabad,hyundai,grand i10,sportz 1.2 kappa vtvt,66427,2019,489000,petrol,1,red,hatchback,manual,2019,7,hyundai_grand i10
hyderabad,maruti suzuki,s-cross,alpha,22001,2022,967000,petrol,2,white,suv,manual,2022,4,maruti suzuki_s-cross
hyderabad,kia,seltos,htx ivt g,102934,2021,1149000,petrol,1,red,suv,automatic,2021,5,kia_seltos
hyderabad,maruti suzuki,vitara brezza,zxi,90727,2021,768000,petrol,1,grey,suv,manual,2021,5,maruti suzuki_vitara brezza
hyderabad,tata,punch,creative dual tone amt sunroof,27100,2024,946000,petrol,1,green,suv,automatic,2024,2,tata_punch
hyderabad,hyundai,creta,1.4 s,63725,2019,1076563,diesel,1,orange,suv,manual,2019,7,hyundai_creta
hyderabad,renault,triber,rxz easy-r amt,23675,2020,621000,petrol,1,orange,muv,automatic,2022,6,renault_triber
hyderabad,datsun,go,t,130031,2016,221000,petrol,1,blue,hatchback,manual,2016,10,datsun_go
hyderabad,maruti suzuki,dzire,zxi plus amt,34171,2019,745000,petrol,1,white,sedan,automatic,2019,7,maruti suzuki_dzire
hyderabad,ford,figo,duratorq diesel exi 1.4,79928,2012,224000,diesel,2,black,hatchback,manual,2012,14,ford_figo
hyderabad,renault,triber,rxz,25463,2022,680000,petrol,1,silver,muv,manual,2022,4,renault_triber
hyderabad,renault,duster,rxs 1.5 petrol mt,25152,2021,819000,petrol,1,brown,suv,manual,2022,5,renault_duster
hyderabad,ford,figo,duratorq diesel titanium 1.4,102074,2012,232000,diesel,1,grey,hatchback,manual,2012,14,ford_figo
hyderabad,kia,seltos,gtx plus,65275,2020,1272458,petrol,1,red,suv,manual,2020,6,kia_seltos
hyderabad,maruti suzuki,baleno,alpha mt,28377,2022,789000,petrol,1,blue,hatchback,manual,2022,4,maruti suzuki_baleno
hyderabad,maruti suzuki,grand vitara,zeta smart hybrid,45961,2023,1238000,petrol,1,blue,suv,manual,2023,3,maruti suzuki_grand vitara
hyderabad,maruti suzuki,swift,zxi,21726,2022,690000,petrol,1,blue,hatchback,manual,2023,4,maruti suzuki_swift
hyderabad,honda,elevate,zx 1.5 petrol mt,9599,2023,1460000,petrol,1,orange,suv,manual,2023,3,honda_elevate
hyderabad,maruti suzuki,alto k10,vxi,80616,2011,178000,petrol,1,white,hatchback,manual,2011,15,maruti suzuki_alto k10
hyderabad,maruti suzuki,swift,vxi,82537,2016,440000,petrol,1,grey,hatchback,manual,2016,10,maruti suzuki_swift
hyderabad,ford,ecosport,titanium 1.5l ti-vct,111540,2016,525000,petrol,1,orange,suv,manual,2016,10,ford_ecosport
hyderabad,datsun,redi-go,s 1.0,67982,2019,271000,petrol,1,grey,hatchback,manual,2020,7,datsun_redi-go
hyderabad,maruti suzuki,swift,zxi plus dual tone,42006,2022,744000,petrol,1,red,hatchback,manual,2022,4,maruti suzuki_swift
hyderabad,renault,triber,rxt amt,45895,2020,532000,petrol,2,red,muv,automatic,2021,6,renault_triber
hyderabad,volkswagen,polo,highline 1.5 (d),118516,2015,415000,diesel,3,grey,hatchback,manual,2015,11,volkswagen_polo
hyderabad,maruti suzuki,dzire,zxi plus,95813,2023,730000,petrol,1,white,sedan,manual,2023,3,maruti suzuki_dzire
hyderabad,maruti suzuki,brezza,zxi plus dual tone,30455,2023,1191703,petrol,1,red,suv,manual,2023,3,maruti suzuki_brezza
hyderabad,mg motors,hector,sharp 1.5 dct petrol,66788,2020,1169438,petrol,1,silver,suv,automatic,2024,6,mg motors_hector
hyderabad,hyundai,i10,magna 1.2 petrol,25755,2011,258000,petrol,2,black,hatchback,manual,2011,15,hyundai_i10
hyderabad,hyundai,elite i20,asta 1.4 crdi,114630,2015,529000,diesel,1,white,hatchback,manual,2015,11,hyundai_elite i20
hyderabad,maruti suzuki,wagon r 1.2,zxi,17737,2022,559000,petrol,1,silver,hatchback,manual,2022,4,maruti suzuki_wagon r 1.2
hyderabad,maruti suzuki,swift dzire,zdi amt,67970,2016,584000,diesel,1,black,sedan,automatic,2016,10,maruti suzuki_swift dzire
hyderabad,skoda,slavia,ambition 1.0l tsi mt,25446,2022,1131103,petrol,1,grey,sedan,manual,2022,4,skoda_slavia
hyderabad,tata,nexon,xza plus,18004,2022,986000,petrol,1,white,suv,automatic,2022,4,tata_nexon
hyderabad,datsun,redi-go,s 1.0,71528,2019,253000,petrol,1,grey,hatchback,manual,2020,7,datsun_redi-go
hyderabad,maruti suzuki,grand vitara,alpha smart hybrid,33118,2023,1417000,petrol,1,white,suv,manual,2023,3,maruti suzuki_grand vitara
hyderabad,maruti suzuki,eeco,5 str with a/c+htr,30864,2014,365000,petrol,1,silver,muv,manual,2014,12,maruti suzuki_eeco
hyderabad,mahindra,thar,lx hard top petrol at rwd,41250,2023,1266345,petrol,1,grey,suv,automatic,2023,3,mahindra_thar
hyderabad,maruti suzuki,baleno,delta 1.2 at,72649,2016,507000,petrol,1,blue,hatchback,automatic,2016,10,maruti suzuki_baleno
hyderabad,toyota,innova crysta,2.4 g,101106,2016,1381000,diesel,1,brown,muv,manual,2016,10,toyota_innova crysta
hyderabad,maruti suzuki,alto k10,vxi amt (o),28611,2019,380000,petrol,1,red,hatchback,automatic,2019,7,maruti suzuki_alto k10
hyderabad,tata,hexa,xt,98515,2017,890000,diesel,1,blue,suv,manual,2017,9,tata_hexa
hyderabad,hyundai,xcent,sx at 1.2 (o),84767,2014,378000,petrol,3,red,sedan,automatic,2014,12,hyundai_xcent
hyderabad,maruti suzuki,vitara brezza,vxi,87415,2020,619000,petrol,1,white,suv,manual,2020,6,maruti suzuki_vitara brezza
hyderabad,maruti suzuki,wagon r,lxi,52121,2011,201000,petrol,3,red,hatchback,manual,2011,15,maruti suzuki_wagon r
hyderabad,maruti suzuki,new ertiga,zxi plus,122535,2019,697000,petrol,1,silver,muv,manual,2019,7,maruti suzuki_new ertiga
hyderabad,skoda,octavia,1.8 tsi at l k,65982,2019,1290585,petrol,3,grey,sedan,automatic,2019,7,skoda_octavia
hyderabad,maruti suzuki,baleno,zeta 1.2,35244,2018,630000,petrol,1,grey,hatchback,manual,2018,8,maruti suzuki_baleno
hyderabad,volkswagen,taigun,topline 1.0 tsi mt,44813,2022,1264000,petrol,1,white,suv,manual,2022,4,volkswagen_taigun
hyderabad,maruti suzuki,alto 800,lxi,19563,2021,366000,petrol,1,silver,hatchback,manual,2021,5,maruti suzuki_alto 800
hyderabad,maruti suzuki,swift,zxi plus dual tone,19922,2021,744000,petrol,1,white,hatchback,manual,2022,5,maruti suzuki_swift
hyderabad,hyundai,venue,sx 1.0 (o) turbo imt,27876,2020,858000,petrol,2,grey,suv,manual,2020,6,hyundai_venue
hyderabad,ford,figo aspire,titanium 1.2 ti-vct,65546,2019,562000,petrol,1,grey,sedan,manual,2019,7,ford_figo aspire
hyderabad,tata,nexon,xza plus dual tone roof amt petrol,24784,2019,850000,petrol,1,white,suv,automatic,2019,7,tata_nexon
hyderabad,hyundai,grand i10 nios,asta 1.2 kappa vtvt,49728,2020,606000,petrol,1,red,hatchback,manual,2020,6,hyundai_grand i10 nios
hyderabad,tata,tigor,revotron xz+,54834,2021,598000,petrol,1,red,sedan,manual,2021,5,tata_tigor
hyderabad,mahindra,thar,lx hard top petrol mt 4wd,29642,2022,1246145,petrol,2,black,suv,manual,2023,4,mahindra_thar
hyderabad,maruti suzuki,celerio,zxi,123435,2014,288000,petrol,1,silver,hatchback,manual,2014,12,maruti suzuki_celerio
hyderabad,maruti suzuki,vitara brezza,zdi ags,57488,2019,797000,diesel,2,grey,suv,automatic,2019,7,maruti suzuki_vitara brezza
hyderabad,tata,tiago,revotron xta,24090,2017,436000,petrol,2,red,hatchback,automatic,2017,9,tata_tiago
hyderabad,honda,city,1.5 v mt,136376,2011,273000,petrol,2,white,sedan,manual,2011,15,honda_city
hyderabad,maruti suzuki,ciaz,delta 1.5,45688,2022,712000,petrol,2,white,sedan,manual,2023,4,maruti suzuki_ciaz
hyderabad,hyundai,grand i10,magna 1.2 kappa vtvt,124805,2016,307000,petrol,3,red,hatchback,manual,2017,10,hyundai_grand i10
hyderabad,maruti suzuki,alto 800,vxi,45575,2017,278000,petrol,2,grey,hatchback,manual,2017,9,maruti suzuki_alto 800
hyderabad,nissan,magnite,xv premium turbo cvt (o) dual tone,47876,2021,853000,petrol,1,red,suv,automatic,2021,5,nissan_magnite
hyderabad,tata,altroz,xza plus petrol dark edtion,17389,2022,861000,petrol,1,black,hatchback,automatic,2022,4,tata_altroz
hyderabad,skoda,kushaq,style 1.0l tsi mt,78690,2021,1106971,petrol,1,white,suv,manual,2021,5,skoda_kushaq
hyderabad,nissan,magnite,xv premium,19780,2022,739000,petrol,1,white,suv,manual,2023,4,nissan_magnite
hyderabad,hyundai,creta,1.6 sx plus petrol,66098,2015,718000,petrol,2,white,suv,manual,2015,11,hyundai_creta
hyderabad,mahindra,tuv300,t8 mhawk100,76610,2017,670000,diesel,2,black,suv,manual,2017,9,mahindra_tuv300
hyderabad,toyota,urban cruiser hyryder,g e-cng,8581,2023,1446000,petrol+cng,1,red,suv,manual,2023,3,toyota_urban cruiser hyryder
hyderabad,renault,duster,rxs turbo,24449,2021,896000,petrol,1,brown,suv,manual,2022,5,renault_duster
hyderabad,maruti suzuki,alto 800,vxi,88250,2014,239000,petrol,1,grey,hatchback,manual,2014,12,maruti suzuki_alto 800
hyderabad,hyundai,i10,sportz 1.1 irde2,110016,2013,235000,petrol,3,grey,hatchback,manual,2014,13,hyundai_i10
hyderabad,maruti suzuki,wagon r 1.0,lxi cng,45968,2013,303000,cng,1,silver,hatchback,manual,2013,13,maruti suzuki_wagon r 1.0
hyderabad,maruti suzuki,ignis,zeta 1.2 mt,67349,2017,397000,petrol,2,silver,hatchback,manual,2018,9,maruti suzuki_ignis
hyderabad,mg motors,hector,sharp 2.0 diesel,100513,2021,1299675,diesel,1,white,suv,manual,2021,5,mg motors_hector
hyderabad,maruti suzuki,alto 800,lxi,6571,2015,226000,petrol,3,white,hatchback,manual,2015,11,maruti suzuki_alto 800
hyderabad,renault,kwid,climber 1.0,68760,2018,317000,petrol,2,grey,hatchback,manual,2018,8,renault_kwid
hyderabad,maruti suzuki,swift,vdi,92549,2020,639000,diesel,1,white,hatchback,manual,2020,6,maruti suzuki_swift
hyderabad,maruti suzuki,alto k10,vxi (o),90542,2018,305000,petrol,1,grey,hatchback,manual,2018,8,maruti suzuki_alto k10
hyderabad,tata,nexon,xza plus diesel kaziranga,37439,2022,1133000,diesel,1,beige,suv,automatic,2022,4,tata_nexon
hyderabad,tata,nexon,xma plus (s),32174,2023,965000,petrol,1,red,suv,automatic,2023,3,tata_nexon
hyderabad,renault,kwid,1.0 rxt amt sce,23663,2022,502000,petrol,1,red,hatchback,automatic,2023,4,renault_kwid
hyderabad,maruti suzuki,ignis,alpha mt petrol,16549,2023,651000,petrol,2,grey,hatchback,manual,2023,3,maruti suzuki_ignis
hyderabad,maruti suzuki,baleno,delta 1.2,41367,2017,544000,petrol,1,blue,hatchback,manual,2017,9,maruti suzuki_baleno
hyderabad,tata,nexon,xza plus amt s,32408,2021,955000,petrol,1,red,suv,automatic,2021,5,tata_nexon
hyderabad,maruti suzuki,brezza,zxi plus at dual tone,19390,2023,1401045,petrol,1,red,suv,automatic,2023,3,maruti suzuki_brezza
hyderabad,mahindra,scorpio n,z8 l 4wd diesel at 7 str,69163,2022,2251193,diesel,1,black,suv,automatic,2023,4,mahindra_scorpio n
hyderabad,hyundai,venue,sx (o) 1.0 turbo dct,27470,2023,1189683,petrol,1,white,suv,automatic,2023,3,hyundai_venue
hyderabad,honda,brio,vx mt,64921,2014,330000,petrol,2,silver,hatchback,manual,2017,12,honda_brio
hyderabad,hyundai,verna,fluidic 1.6 vtvt sx,44321,2013,461000,petrol,1,grey,sedan,manual,2013,13,hyundai_verna
hyderabad,renault,kwid,1.0 rxt amt opt,56954,2017,296000,petrol,3,silver,hatchback,automatic,2017,9,renault_kwid
hyderabad,maruti suzuki,celerio,vxi,51462,2015,318000,petrol,2,white,hatchback,manual,2016,11,maruti suzuki_celerio
hyderabad,hyundai,grand i10,sportz 1.2 kappa vtvt,72355,2016,390000,petrol,2,red,hatchback,manual,2016,10,hyundai_grand i10
hyderabad,ford,ecosport,titanium 1.5 tdci,76081,2014,438000,diesel,2,white,suv,manual,2014,12,ford_ecosport
hyderabad,hyundai,alcazar,platinum (o) 6 str 2.0 petrol at,45435,2021,1397743,petrol,2,brown,suv,automatic,2021,5,hyundai_alcazar
hyderabad,hyundai,eon,magna +,113166,2012,172000,petrol,3,red,hatchback,manual,2012,14,hyundai_eon
hyderabad,maruti suzuki,swift,vxi (o),68460,2017,465000,petrol,1,grey,hatchback,manual,2017,9,maruti suzuki_swift
hyderabad,hyundai,verna,sx (o) 1.5 crdi,65696,2022,1221955,diesel,1,black,sedan,manual,2022,4,hyundai_verna
hyderabad,tata,nexon,xz plus dual tone roof optional diesel,68710,2021,951000,diesel,1,white,suv,manual,2021,5,tata_nexon
hyderabad,maruti suzuki,brezza,zxi plus,40523,2023,1143000,petrol,1,white,suv,manual,2023,3,maruti suzuki_brezza
hyderabad,maruti suzuki,ciaz,alpha at petrol,32325,2021,903000,petrol,1,white,sedan,automatic,2021,5,maruti suzuki_ciaz
hyderabad,hyundai,grand i10,asta at 1.2 kappa vtvt,40827,2015,492000,petrol,1,red,hatchback,automatic,2015,11,hyundai_grand i10
hyderabad,maruti suzuki,s-cross,delta,49999,2021,785000,petrol,1,silver,suv,manual,2022,5,maruti suzuki_s-cross
hyderabad,hyundai,grand i10,asta at 1.2 kappa vtvt,35855,2016,523000,petrol,1,red,hatchback,automatic,2016,10,hyundai_grand i10
hyderabad,maruti suzuki,celerio,zxi plus,21477,2023,598000,petrol,1,white,hatchback,manual,2023,3,maruti suzuki_celerio
hyderabad,honda,wr-v,vx mt diesel,103689,2021,819000,diesel,1,white,suv,manual,2021,5,honda_wr-v
hyderabad,volkswagen,ameo,highline1.2l (p),105820,2017,451000,petrol,1,grey,sedan,manual,2018,9,volkswagen_ameo
hyderabad,honda,city,sv cvt,75394,2014,473000,petrol,2,brown,sedan,automatic,2014,12,honda_city
hyderabad,skoda,kushaq,style 1.5l tsi dsg (6 airbags),34270,2022,1498698,petrol,2,grey,suv,automatic,2023,4,skoda_kushaq
hyderabad,honda,city,vx diesel,122604,2015,559000,diesel,2,brown,sedan,manual,2015,11,honda_city
hyderabad,nissan,micra,xl cvt,90731,2016,316000,petrol,3,red,hatchback,automatic,2017,10,nissan_micra
hyderabad,maruti suzuki,dzire,vxi,54578,2018,520000,petrol,2,red,sedan,manual,2018,8,maruti suzuki_dzire
hyderabad,ford,figo,titanium 1.5 ti-vct at,44605,2016,437000,petrol,1,golden,hatchback,automatic,2016,10,ford_figo
hyderabad,mahindra,thar,lx 4 str hard top petrol mt 4wd,25908,2022,1345223,petrol,1,red,suv,manual,2022,4,mahindra_thar
hyderabad,maruti suzuki,swift,vdi,56382,2016,519000,diesel,1,grey,hatchback,manual,2016,10,maruti suzuki_swift
hyderabad,maruti suzuki,dzire,vdi,75050,2018,668000,diesel,1,grey,sedan,manual,2018,8,maruti suzuki_dzire
hyderabad,maruti suzuki,wagon r 1.2,zxi plus,14904,2024,673000,petrol,1,white,hatchback,manual,2024,2,maruti suzuki_wagon r 1.2
hyderabad,maruti suzuki,dzire,zxi plus,38528,2019,684000,petrol,1,blue,sedan,manual,2019,7,maruti suzuki_dzire
hyderabad,mg motors,astor,savvy cvt s red,21842,2022,1390000,petrol,1,white,suv,automatic,2022,4,mg motors_astor
hyderabad,nissan,magnite,xv turbo cvt,45838,2021,740000,petrol,1,white,suv,automatic,2021,5,nissan_magnite
hyderabad,hyundai,creta,1.4 s,63548,2019,1066000,diesel,1,black,suv,manual,2019,7,hyundai_creta
hyderabad,maruti suzuki,alto 800,lxi,24926,2019,329000,petrol,1,silver,hatchback,manual,2019,7,maruti suzuki_alto 800
hyderabad,honda,city,vx cvt,103067,2014,551000,petrol,1,white,sedan,automatic,2014,12,honda_city
hyderabad,hyundai,grand i10,magna 1.2 kappa vtvt,54527,2019,486000,petrol,1,grey,hatchback,manual,2019,7,hyundai_grand i10
hyderabad,hyundai,elite i20,asta 1.4 crdi,132674,2015,501000,diesel,2,red,hatchback,manual,2015,11,hyundai_elite i20
hyderabad,volkswagen,ameo,highline1.5l (d),135564,2016,402000,diesel,1,brown,sedan,manual,2017,10,volkswagen_ameo
hyderabad,honda,amaze,1.2 vx cvt petrol,31582,2019,635000,petrol,2,brown,sedan,automatic,2019,7,honda_amaze
hyderabad,honda,amaze,1.2 vx at i-vtec,53806,2013,434000,petrol,2,brown,sedan,automatic,2013,13,honda_amaze
hyderabad,hyundai,elite i20,asta 1.2,98872,2017,557000,petrol,1,red,hatchback,manual,2017,9,hyundai_elite i20
hyderabad,honda,city,v,126745,2016,486000,petrol,2,white,sedan,manual,2016,10,honda_city
hyderabad,hyundai,venue,sx 1.0  turbo imt,67780,2021,795000,petrol,1,blue,suv,manual,2021,5,hyundai_venue
hyderabad,ford,ecosport,trend 1.5 tdci,100345,2014,435000,diesel,2,grey,suv,manual,2014,12,ford_ecosport
hyderabad,ford,freestyle,titanium plus 1.5 tdci,110689,2020,575000,diesel,1,brown,crossover,manual,2021,6,ford_freestyle
hyderabad,hyundai,fluidic verna 4s,1.6 vtvt s,85541,2016,439000,petrol,1,grey,sedan,manual,2017,10,hyundai_fluidic verna 4s
hyderabad,kia,seltos,gtx plus at 1.5 diesel,68142,2020,1390628,diesel,1,white,suv,automatic,2020,6,kia_seltos
hyderabad,mahindra,scorpio n,z8 l diesel at 2wd 7 str,33734,2023,2271393,diesel,1,black,suv,automatic,2023,3,mahindra_scorpio n
hyderabad,maruti suzuki,vitara brezza,vdi ags,69249,2018,742000,diesel,1,grey,suv,automatic,2018,8,maruti suzuki_vitara brezza
hyderabad,volkswagen,polo,1.0 gt tsi,23757,2020,793000,petrol,1,white,hatchback,automatic,2021,6,volkswagen_polo
hyderabad,ford,figo,trend 1.2 ti-vct,65806,2016,333000,petrol,3,blue,hatchback,manual,2016,10,ford_figo
hyderabad,mahindra,thar,lx hard top diesel at 4wd,35752,2022,1407000,diesel,2,grey,suv,automatic,2022,4,mahindra_thar
hyderabad,hyundai,elite i20,sportz 1.2,66288,2017,517000,petrol,2,white,hatchback,manual,2017,9,hyundai_elite i20
hyderabad,tata,altroz,xt petrol,49463,2021,621000,petrol,1,grey,hatchback,manual,2022,5,tata_altroz
hyderabad,hyundai,elite i20,asta 1.2,119894,2017,547000,petrol,1,white,hatchback,manual,2017,9,hyundai_elite i20
hyderabad,honda,city,v,43609,2016,586000,petrol,1,brown,sedan,manual,2016,10,honda_city
hyderabad,tata,hexa,xt 4x2 7 str,100341,2018,911000,diesel,1,silver,suv,manual,2018,8,tata_hexa
hyderabad,kia,seltos,gtx plus 1.5 diesel at,30634,2023,1859268,diesel,1,white,suv,automatic,2024,3,kia_seltos
hyderabad,hyundai,elite i20,sportz 1.2,100944,2018,514000,petrol,1,red,hatchback,manual,2018,8,hyundai_elite i20
hyderabad,maruti suzuki,swift,zxi plus amt dual tone,19730,2022,797000,petrol,1,red,hatchback,automatic,2022,4,maruti suzuki_swift
hyderabad,maruti suzuki,dzire,zdi,28096,2019,731000,diesel,2,grey,sedan,manual,2020,7,maruti suzuki_dzire
hyderabad,hyundai,elite i20,asta (o) cvt,43779,2019,682000,petrol,2,blue,hatchback,automatic,2019,7,hyundai_elite i20
hyderabad,maruti suzuki,baleno,zeta at petrol,123822,2018,504000,petrol,2,white,hatchback,automatic,2018,8,maruti suzuki_baleno
hyderabad,hyundai,elite i20,sportz plus 1.2,33019,2020,623000,petrol,2,grey,hatchback,manual,2020,6,hyundai_elite i20
hyderabad,maruti suzuki,wagon r 1.0,vxi 1.0 amt,28235,2021,538000,petrol,1,grey,hatchback,automatic,2021,5,maruti suzuki_wagon r 1.0
hyderabad,maruti suzuki,vitara brezza,zdi plus  dual tone,68200,2019,834000,diesel,2,red,suv,manual,2019,7,maruti suzuki_vitara brezza
hyderabad,maruti suzuki,eeco,5 str ac,7183,2023,585000,petrol,1,silver,muv,manual,2023,3,maruti suzuki_eeco
hyderabad,maruti suzuki,s-cross,zeta 1.3,106256,2018,722000,diesel,1,blue,suv,manual,2018,8,maruti suzuki_s-cross
hyderabad,kia,carens,premium (o) 1.5 petrol 7 str,4004,2024,1189683,petrol,1,white,muv,manual,2024,2,kia_carens
hyderabad,hyundai,elite i20,asta 1.4 crdi,49908,2016,594000,diesel,2,red,hatchback,manual,2016,10,hyundai_elite i20
hyderabad,honda,city,vx,30944,2016,548000,petrol,3,brown,sedan,manual,2016,10,honda_city
hyderabad,kia,sonet,htk plus 1.5 at,110754,2021,854000,diesel,1,red,suv,automatic,2021,5,kia_sonet
hyderabad,nissan,micra active,xv safety pack,64515,2015,307000,petrol,2,white,hatchback,manual,2017,11,nissan_micra active
hyderabad,maruti suzuki,s-cross,alpha 1.3,84020,2018,795000,diesel,1,grey,suv,manual,2018,8,maruti suzuki_s-cross
hyderabad,maruti suzuki,swift,vdi,99864,2013,362000,diesel,2,red,hatchback,manual,2013,13,maruti suzuki_swift
hyderabad,maruti suzuki,eeco,5 str with a/c+htr cng,21082,2021,541000,cng,2,grey,muv,manual,2021,5,maruti suzuki_eeco
hyderabad,maruti suzuki,ciaz,alpha 1.5,23560,2021,893000,petrol,1,blue,sedan,manual,2022,5,maruti suzuki_ciaz
hyderabad,maruti suzuki,s-cross,zeta 1.3,85613,2019,780000,diesel,1,grey,suv,manual,2020,7,maruti suzuki_s-cross
hyderabad,maruti suzuki,alto k10,vxi amt (o),31542,2016,318000,petrol,1,red,hatchback,automatic,2017,10,maruti suzuki_alto k10
hyderabad,mg motors,hector plus,savvy pro 1.5 turbo petrol cvt 7 str,27886,2023,1960268,petrol,1,white,suv,automatic,2023,3,mg motors_hector plus
hyderabad,honda,amaze,1.2 v cvt petrol,51997,2018,612000,petrol,1,brown,sedan,automatic,2018,8,honda_amaze
hyderabad,maruti suzuki,brezza,vxi,30107,2022,832000,petrol,1,white,suv,manual,2023,4,maruti suzuki_brezza
hyderabad,maruti suzuki,celerio,vxi amt,89877,2016,356000,petrol,1,grey,hatchback,automatic,2016,10,maruti suzuki_celerio
hyderabad,honda,amaze,1.2 vx i-vtec,137766,2015,392000,petrol,1,brown,sedan,manual,2015,11,honda_amaze
hyderabad,maruti suzuki,wagon r,zxi plus 1.2 ags,24921,2024,697000,petrol,1,silver,hatchback,automatic,2024,2,maruti suzuki_wagon r
hyderabad,hyundai,venue,sx plus 1.0 turbo dct,47745,2021,972000,petrol,1,white,suv,automatic,2021,5,hyundai_venue
hyderabad,ford,figo aspire,trend 1.5 tdci,100022,2015,317000,diesel,3,red,sedan,manual,2016,11,ford_figo aspire
hyderabad,volkswagen,taigun,topline 1.0 tsi mt,22390,2022,1273513,petrol,1,red,suv,manual,2023,4,volkswagen_taigun
hyderabad,maruti suzuki,alto 800,lxi,38693,2016,280000,petrol,1,grey,hatchback,manual,2016,10,maruti suzuki_alto 800
hyderabad,maruti suzuki,baleno,alpha ags,11896,2023,897000,petrol,1,blue,hatchback,automatic,2023,3,maruti suzuki_baleno
hyderabad,kia,seltos,gtx plus 1.4 dct,29693,2022,1657313,petrol,1,white,suv,automatic,2022,4,kia_seltos
hyderabad,ford,ecosport,trend 1.5 tdci,86127,2014,448000,diesel,2,grey,suv,manual,2014,12,ford_ecosport
hyderabad,maruti suzuki,new ertiga,zxi,44603,2020,794000,petrol,1,blue,muv,manual,2020,6,maruti suzuki_new ertiga
hyderabad,hyundai,alcazar,platinum (o) 7 seater 2.0 petrol at,23002,2022,1696605,petrol,1,blue,suv,automatic,2022,4,hyundai_alcazar
hyderabad,renault,kwid,1.0 rxt amt,77652,2017,311000,petrol,2,grey,hatchback,automatic,2018,9,renault_kwid
hyderabad,hyundai,elite i20,asta 1.2 (o),43628,2019,670000,petrol,1,blue,hatchback,manual,2019,7,hyundai_elite i20
hyderabad,hyundai,exter,sx 1.2 mt hy-cng duo,10139,2024,878000,cng,1,green,suv,manual,2025,2,hyundai_exter
hyderabad,maruti suzuki,baleno,zeta ags,18872,2023,819000,petrol,1,red,hatchback,automatic,2023,3,maruti suzuki_baleno
hyderabad,maruti suzuki,wagon r,vxi,34339,2014,334000,petrol,1,silver,hatchback,manual,2015,12,maruti suzuki_wagon r
hyderabad,maruti suzuki,alto 800,lxi (o),15624,2022,362000,petrol,2,red,hatchback,manual,2023,4,maruti suzuki_alto 800
hyderabad,hyundai,creta,sx (o) at diesel,54140,2020,1498000,diesel,1,blue,suv,automatic,2020,6,hyundai_creta
hyderabad,hyundai,elite i20,sportz 1.2,27308,2016,563000,petrol,1,red,hatchback,manual,2016,10,hyundai_elite i20
hyderabad,hyundai,venue,s plus 1.5 crdi,41865,2022,947000,diesel,1,white,suv,manual,2022,4,hyundai_venue
hyderabad,maruti suzuki,baleno,alpha,24281,2020,713000,petrol,1,red,hatchback,manual,2020,6,maruti suzuki_baleno
hyderabad,volkswagen,polo,comfortline 1.0l (p),40298,2019,542000,petrol,2,white,hatchback,manual,2019,7,volkswagen_polo
hyderabad,maruti suzuki,baleno,delta 1.2,17372,2017,538000,petrol,1,white,hatchback,manual,2017,9,maruti suzuki_baleno
hyderabad,tata,harrier,xz plus dark edition,64762,2020,1435015,diesel,1,black,suv,manual,2021,6,tata_harrier
hyderabad,hyundai,venue,sx 1.0 turbo imt,22619,2022,908000,petrol,2,blue,suv,manual,2022,4,hyundai_venue
hyderabad,hyundai,new i20,asta (o) 1.2 mt,69402,2022,759000,petrol,1,red,hatchback,manual,2022,4,hyundai_new i20
hyderabad,renault,kiger,rxt amt,15553,2022,634000,petrol,2,white,suv,automatic,2022,4,renault_kiger
hyderabad,honda,amaze,1.2 vx mt petrol,46485,2019,623000,petrol,1,white,sedan,manual,2019,7,honda_amaze
hyderabad,kia,seltos,x line 1.4 dct,71323,2022,1545000,petrol,1,grey,suv,automatic,2022,4,kia_seltos
hyderabad,kia,seltos,htx ivt g,37053,2021,1294723,petrol,1,black,suv,automatic,2021,5,kia_seltos
hyderabad,tata,nexon,xza plus (hs),7087,2022,1043188,petrol,1,white,suv,automatic,2023,4,tata_nexon
hyderabad,renault,kwid,1.0 rxt amt opt,26953,2018,376000,petrol,1,white,hatchback,automatic,2018,8,renault_kwid
hyderabad,maruti suzuki,baleno,alpha 1.3,68573,2018,638000,diesel,1,grey,hatchback,manual,2018,8,maruti suzuki_baleno
hyderabad,maruti suzuki,s-presso,vxi (o),18836,2022,447000,petrol,1,grey,hatchback,manual,2022,4,maruti suzuki_s-presso
hyderabad,maruti suzuki,swift,zdi amt,52926,2018,678000,diesel,1,white,hatchback,automatic,2018,8,maruti suzuki_swift
hyderabad,hyundai,aura,sx plus 1.2 amt crdi,47981,2021,719000,diesel,1,white,sedan,automatic,2021,5,hyundai_aura
hyderabad,tata,punch,kaziranga creative mt,29263,2022,737000,petrol,1,beige,suv,manual,2022,4,tata_punch
hyderabad,renault,kwid,1.0 rxt amt,36842,2017,366000,petrol,1,bronze,hatchback,automatic,2017,9,renault_kwid
hyderabad,maruti suzuki,swift,zxi plus amt dual tone,38364,2023,791000,petrol,1,red,hatchback,automatic,2024,3,maruti suzuki_swift
hyderabad,maruti suzuki,wagon r,vxi,36580,2015,356000,petrol,1,grey,hatchback,manual,2016,11,maruti suzuki_wagon r
hyderabad,hyundai,grand i10,asta 1.2 kappa vtvt,69718,2014,376000,petrol,2,grey,hatchback,manual,2014,12,hyundai_grand i10
hyderabad,nissan,magnite,xv dual tone,25481,2022,663000,petrol,1,blue,suv,manual,2022,4,nissan_magnite
hyderabad,tata,punch,accomplished mt sunroof,8261,2024,864000,petrol,1,bronze,suv,manual,2024,2,tata_punch
hyderabad,hyundai,new santro 1.1,magna,26190,2022,512000,petrol,1,red,hatchback,manual,2022,4,hyundai_new santro 1.1
hyderabad,hyundai,alcazar,signature (o) 7 seater 1.5 diesel at,24477,2022,1849213,diesel,1,white,suv,automatic,2022,4,hyundai_alcazar
hyderabad,honda,city,vx (o) diesel,86003,2016,693000,diesel,1,silver,sedan,manual,2016,10,honda_city
hyderabad,maruti suzuki,ertiga,zxi,10501,2022,997000,petrol,1,silver,muv,manual,2022,4,maruti suzuki_ertiga
hyderabad,honda,city,vx (o) mt diesel,78874,2016,702000,diesel,1,white,sedan,manual,2017,10,honda_city
hyderabad,maruti suzuki,baleno,delta 1.2,68117,2018,538000,petrol,1,grey,hatchback,manual,2018,8,maruti suzuki_baleno
hyderabad,maruti suzuki,alto 800,vxi,23433,2021,376000,petrol,1,silver,hatchback,manual,2021,5,maruti suzuki_alto 800
hyderabad,maruti suzuki,baleno,zeta ags,23911,2022,729000,petrol,2,grey,hatchback,automatic,2022,4,maruti suzuki_baleno
hyderabad,hyundai,venue,sx 1.2 petrol,28788,2023,999000,petrol,1,white,suv,manual,2024,3,hyundai_venue
hyderabad,maruti suzuki,grand vitara,zeta plus intelligent hybrid ecvt,52032,2022,1583583,hybrid,1,blue,suv,automatic,2023,4,maruti suzuki_grand vitara
hyderabad,honda,mobilio,s diesel,65073,2015,454000,diesel,1,red,muv,manual,2015,11,honda_mobilio
hyderabad,tata,tigor,xza,1069,2025,789000,petrol,2,white,sedan,automatic,2025,1,tata_tigor
hyderabad,hyundai,aura,s 1.2 amt petrol,70574,2021,573000,petrol,1,grey,sedan,automatic,2021,5,hyundai_aura
hyderabad,mahindra,xuv700,ax 7 diesel at 7 str,32961,2023,2180493,diesel,1,blue,suv,automatic,2024,3,mahindra_xuv700
hyderabad,renault,kwid,rxt 1.0 amt,20996,2022,482000,petrol,1,bronze,hatchback,automatic,2022,4,renault_kwid
hyderabad,honda,brio,vx mt,30108,2016,444000,petrol,1,red,hatchback,manual,2016,10,honda_brio
hyderabad,hyundai,elite i20,asta 1.2 (o),78181,2018,602000,petrol,1,red,hatchback,manual,2018,8,hyundai_elite i20
hyderabad,maruti suzuki,ciaz,zeta 1.4 mt,49830,2017,603000,petrol,1,red,sedan,manual,2017,9,maruti suzuki_ciaz
hyderabad,maruti suzuki,eeco,5 str ac,5053,2022,530000,petrol,2,grey,muv,manual,2023,4,maruti suzuki_eeco
hyderabad,renault,kwid,rxt 1.0 amt opt,36703,2020,407000,petrol,1,blue,hatchback,automatic,2020,6,renault_kwid
hyderabad,kia,sonet,gtx plus 1.5,39465,2022,1187663,diesel,1,red,suv,manual,2022,4,kia_sonet
hyderabad,maruti suzuki,vitara brezza,vdi ags,80452,2018,689000,diesel,1,silver,suv,automatic,2019,8,maruti suzuki_vitara brezza
hyderabad,volkswagen,taigun,highline 1.0 tsi at,40299,2022,1189683,petrol,1,white,suv,automatic,2022,4,volkswagen_taigun
hyderabad,maruti suzuki,vitara brezza,zxi plus at dual tone,51533,2022,1068438,petrol,1,red,suv,automatic,2022,4,maruti suzuki_vitara brezza
hyderabad,kia,sonet,htx 1.0 imt,23384,2022,984000,petrol,1,black,suv,manual,2022,4,kia_sonet
hyderabad,maruti suzuki,baleno,zeta mt cng,15798,2024,951000,cng,1,blue,hatchback,manual,2024,2,maruti suzuki_baleno
hyderabad,hyundai,verna,sx 1.5 turbo petrol mt,14396,2023,1391638,petrol,1,black,sedan,manual,2023,3,hyundai_verna
hyderabad,maruti suzuki,swift,zxi,32673,2021,630000,petrol,1,white,hatchback,manual,2021,5,maruti suzuki_swift
hyderabad,maruti suzuki,xl6,zeta mt petrol,22555,2023,1115953,petrol,1,white,muv,manual,2024,3,maruti suzuki_xl6
hyderabad,hyundai,elite i20,asta 1.2 (o) cvt,35238,2019,656000,petrol,2,white,hatchback,automatic,2019,7,hyundai_elite i20
hyderabad,tata,nano,twist xt petrol,54980,2016,190000,petrol,1,purple,hatchback,manual,2016,10,tata_nano
hyderabad,maruti suzuki,celerio,vxi,24512,2023,521000,petrol,1,grey,hatchback,manual,2023,3,maruti suzuki_celerio
hyderabad,maruti suzuki,new ertiga,zxi at,16594,2021,998000,petrol,2,blue,muv,automatic,2021,5,maruti suzuki_new ertiga
hyderabad,ford,figo aspire,titanium 1.2 ti-vct,69887,2017,478000,petrol,1,red,sedan,manual,2017,9,ford_figo aspire
hyderabad,hyundai,i20 n line,n8 1.0 turbo dct,17030,2022,1064414,petrol,1,blue,hatchback,automatic,2022,4,hyundai_i20 n line
hyderabad,renault,kwid,climber 1.0 amt,59104,2017,351000,petrol,1,blue,hatchback,automatic,2017,9,renault_kwid
hyderabad,maruti suzuki,vitara brezza,vxi at shvs,46783,2021,850000,petrol,1,silver,suv,automatic,2021,5,maruti suzuki_vitara brezza
hyderabad,maruti suzuki,s-presso,vxi plus,2630,2023,497000,petrol,1,grey,hatchback,manual,2023,3,maruti suzuki_s-presso
hyderabad,hyundai,creta,sx opt turbo dct petrol,38490,2020,1427998,petrol,1,black,suv,automatic,2020,6,hyundai_creta
hyderabad,tata,altroz,xza plus petrol dark edtion,9128,2023,859000,petrol,2,black,hatchback,automatic,2023,3,tata_altroz
hyderabad,tata,nexon,xz plus (o),36952,2021,938000,petrol,1,red,suv,manual,2021,5,tata_nexon
hyderabad,honda,city,v cvt petrol,60056,2018,711000,petrol,2,brown,sedan,automatic,2018,8,honda_city
hyderabad,honda,jazz,v at petrol,51814,2017,596000,petrol,1,brown,hatchback,automatic,2017,9,honda_jazz
hyderabad,hyundai,new santro 1.1,sportz mt,36843,2019,441000,petrol,1,white,hatchback,manual,2019,7,hyundai_new santro 1.1
hyderabad,maruti suzuki,alto 800,vxi,22902,2022,395000,petrol,1,white,hatchback,manual,2023,4,maruti suzuki_alto 800
hyderabad,mahindra,thar,lx convertible diesel at 4wd,55803,2022,1290585,diesel,1,black,suv,automatic,2023,4,mahindra_thar
hyderabad,maruti suzuki,swift dzire,vxi,30993,2014,409000,petrol,1,red,sedan,manual,2015,12,maruti suzuki_swift dzire
hyderabad,tata,nexon,xz plus,59180,2019,767000,petrol,1,white,suv,manual,2019,7,tata_nexon
hyderabad,kia,seltos,gtx plus,24045,2022,1566413,petrol,1,black,suv,manual,2022,4,kia_seltos
hyderabad,maruti suzuki,dzire,zxi plus amt,55675,2017,639000,petrol,1,blue,sedan,automatic,2017,9,maruti suzuki_dzire
hyderabad,maruti suzuki,vitara brezza,vdi,63436,2019,769000,diesel,1,grey,suv,manual,2019,7,maruti suzuki_vitara brezza
hyderabad,maruti suzuki,swift,zxi,19085,2023,759000,petrol,1,grey,hatchback,manual,2023,3,maruti suzuki_swift
hyderabad,mahindra,thar,lx hard top petrol at 4wd,28114,2022,1421885,petrol,1,black,suv,automatic,2022,4,mahindra_thar
hyderabad,hyundai,venue,s 1.5 crdi,36137,2021,929000,diesel,1,white,suv,manual,2021,5,hyundai_venue
hyderabad,maruti suzuki,grand vitara,zeta plus intelligent hybrid ecvt,69160,2022,1531000,hybrid,1,white,suv,automatic,2022,4,maruti suzuki_grand vitara
hyderabad,toyota,etios liva,vx,39863,2018,465000,petrol,2,white,hatchback,manual,2018,8,toyota_etios liva
hyderabad,honda,city,zx cvt petrol,26689,2020,1162368,petrol,1,brown,sedan,automatic,2020,6,honda_city
hyderabad,hyundai,grand i10 nios,sportz 1.2 kappa amt,50277,2023,678000,petrol,1,white,hatchback,automatic,2023,3,hyundai_grand i10 nios
hyderabad,tata,harrier,xz,76327,2019,1272503,diesel,1,silver,suv,manual,2019,7,tata_harrier
hyderabad,maruti suzuki,alto k10,vxi amt (o),24786,2019,382000,petrol,2,silver,hatchback,automatic,2019,7,maruti suzuki_alto k10
hyderabad,volkswagen,virtus,topline 1.0 tsi at,14314,2023,1453293,petrol,1,white,sedan,automatic,2024,3,volkswagen_virtus
hyderabad,mg motors,hector,1.5 sharp dct,57256,2020,1362393,petrol,1,white,suv,automatic,2020,6,mg motors_hector
hyderabad,maruti suzuki,swift,zxi amt,14619,2023,829000,petrol,1,red,hatchback,automatic,2023,3,maruti suzuki_swift
hyderabad,renault,duster,110 ps rxl 4x2 amt,71732,2016,649000,diesel,1,orange,suv,automatic,2017,10,renault_duster
hyderabad,maruti suzuki,baleno,alpha,87165,2021,672000,petrol,1,blue,hatchback,manual,2021,5,maruti suzuki_baleno
hyderabad,maruti suzuki,eeco,5 str with a/c+htr,19172,2019,453000,petrol,2,white,muv,manual,2019,7,maruti suzuki_eeco
hyderabad,maruti suzuki,ertiga,zxi plus,33042,2022,1069493,petrol,1,red,muv,manual,2023,4,maruti suzuki_ertiga
hyderabad,tata,punch,creative dual tone amt sunroof,13019,2023,938000,petrol,1,bronze,suv,automatic,2023,3,tata_punch
hyderabad,maruti suzuki,ritz,zxi bs-iv,78984,2014,341000,petrol,1,silver,hatchback,manual,2015,12,maruti suzuki_ritz
hyderabad,maruti suzuki,baleno,zeta automatic,34106,2021,741000,petrol,1,blue,hatchback,automatic,2021,5,maruti suzuki_baleno
hyderabad,hyundai,i20 active,1.2 sx,80654,2017,596000,petrol,1,red,crossover,manual,2017,9,hyundai_i20 active
hyderabad,volkswagen,ameo,trendline 1.5l (d),50410,2019,531000,diesel,2,silver,sedan,manual,2019,7,volkswagen_ameo
hyderabad,maruti suzuki,ciaz,alpha at petrol,57700,2018,710000,petrol,1,grey,sedan,automatic,2018,8,maruti suzuki_ciaz
hyderabad,mahindra,xuv500,w5,41914,2019,1022000,diesel,1,white,suv,manual,2019,7,mahindra_xuv500
hyderabad,maruti suzuki,dzire,vxi ags,20113,2022,729000,petrol,1,white,sedan,automatic,2022,4,maruti suzuki_dzire
hyderabad,maruti suzuki,ertiga,zxi plus,59763,2022,978000,petrol,1,white,muv,manual,2022,4,maruti suzuki_ertiga
hyderabad,hyundai,venue,sx 1.0  turbo imt,41764,2021,805000,petrol,1,blue,suv,manual,2021,5,hyundai_venue
hyderabad,maruti suzuki,swift,zxi,40537,2022,678000,petrol,1,blue,hatchback,manual,2022,4,maruti suzuki_swift
noida,jeep,compass,model s (o) 2.0 diesel,56613,2021,1615858,diesel,1,white,suv,manual,2022,5,jeep_compass
noida,tata,punch,adventure rhythm pack mt,49590,2021,528000,petrol,1,blue,suv,manual,2022,5,tata_punch
noida,tata,tigor,revotron xz+,41659,2019,464000,petrol,1,blue,sedan,manual,2019,7,tata_tigor
noida,hyundai,grand i10,asta 1.2 kappa vtvt,20726,2017,462000,petrol,1,white,hatchback,manual,2017,9,hyundai_grand i10
noida,nissan,magnite,xv premium turbo,39591,2022,744000,petrol,1,brown,suv,manual,2022,4,nissan_magnite
noida,maruti suzuki,swift,lxi,17909,2023,566000,petrol,1,white,hatchback,manual,2023,3,maruti suzuki_swift
noida,datsun,redi-go,t,43941,2016,182000,petrol,2,grey,hatchback,manual,2018,10,datsun_redi-go
noida,tata,altroz,xz petrol,64430,2020,493000,petrol,2,grey,hatchback,manual,2020,6,tata_altroz
noida,jeep,compass,limited 1.4 petrol at,47358,2018,950000,petrol,2,black,suv,automatic,2018,8,jeep_compass
noida,audi,a3,40 tfsi premium,33576,2015,1211858,petrol,1,blue,sedan,automatic,2015,11,audi_a3
noida,maruti suzuki,wagon r 1.0,lxi cng (outside fitted),93109,2014,215000,cng,2,white,hatchback,manual,2014,12,maruti suzuki_wagon r 1.0
noida,maruti suzuki,ciaz,delta 1.4 mt,41137,2018,599000,petrol,1,grey,sedan,manual,2018,8,maruti suzuki_ciaz
noida,mercedes-benz,gla,200,53446,2022,3484358,petrol,1,blue,suv,automatic,2022,4,mercedes-benz_gla
noida,maruti suzuki,ignis,delta 1.2 amt,28147,2018,418000,petrol,2,grey,hatchback,automatic,2019,8,maruti suzuki_ignis
noida,honda,amaze,1.2 e mt petrol,26744,2019,461000,petrol,1,white,sedan,manual,2019,7,honda_amaze
noida,maruti suzuki,wagon r,zxi plus 1.2 ags,24290,2022,584000,petrol,1,grey,hatchback,automatic,2022,4,maruti suzuki_wagon r
noida,maruti suzuki,vitara brezza,vxi,41189,2021,630000,petrol,2,red,suv,manual,2021,5,maruti suzuki_vitara brezza
noida,maruti suzuki,wagon r,lxi cng,102528,2016,312000,cng,1,white,hatchback,manual,2016,10,maruti suzuki_wagon r
noida,maruti suzuki,swift,vxi amt,52223,2022,549000,petrol,2,grey,hatchback,automatic,2023,4,maruti suzuki_swift
noida,toyota,innova crysta,zx 2.7 at 7 str,26219,2022,2052125,petrol,1,black,muv,automatic,2022,4,toyota_innova crysta
noida,audi,a6,45 tfsi premium plus,36555,2021,4029758,petrol,1,black,sedan,automatic,2021,5,audi_a6
noida,maruti suzuki,baleno,zeta ags,29956,2022,723000,petrol,1,silver,hatchback,automatic,2022,4,maruti suzuki_baleno
noida,tata,nexon,xma amt petrol,104710,2018,516000,petrol,1,white,suv,automatic,2018,8,tata_nexon
noida,toyota,corolla altis,vl cvt petrol,120431,2018,902000,petrol,1,silver,sedan,automatic,2018,8,toyota_corolla altis
noida,hyundai,creta,s 1.5 petrol imt,51411,2022,1047228,petrol,1,white,suv,manual,2022,4,hyundai_creta
noida,maruti suzuki,ciaz,zeta 1.4 at,67603,2017,580000,petrol,2,blue,sedan,automatic,2017,9,maruti suzuki_ciaz
noida,maruti suzuki,wagon r,lxi cng (o),32261,2019,428000,cng,1,grey,hatchback,manual,2019,7,maruti suzuki_wagon r
noida,jeep,compass,model s (o) diesel 4x4 at,52944,2021,1706758,diesel,1,grey,suv,automatic,2021,5,jeep_compass
noida,audi,a4,premium plus 40 tfsi,2472,2024,4039858,petrol,1,black,sedan,automatic,2024,2,audi_a4
noida,mercedes-benz,glc,300 progressive,68560,2018,2928858,petrol,2,blue,wagon,automatic,2018,8,mercedes-benz_glc
noida,maruti suzuki,baleno,sigma mt,46070,2022,552000,petrol,1,blue,hatchback,manual,2022,4,maruti suzuki_baleno
noida,jeep,compass,model s (o) diesel 4x4 at,46666,2021,1681508,diesel,1,black,suv,automatic,2021,5,jeep_compass
noida,tata,tiago,revotron xza plus dual tone,93329,2019,465000,petrol,1,grey,hatchback,automatic,2020,7,tata_tiago
noida,maruti suzuki,swift,vxi,17064,2023,639000,petrol,1,silver,hatchback,manual,2023,3,maruti suzuki_swift
noida,volkswagen,polo,comfortline 1.2l (p),78462,2015,378000,petrol,1,white,hatchback,manual,2015,11,volkswagen_polo
noida,hyundai,grand i10,sportz (o) 1.2 kappa vtvt,44911,2018,419000,petrol,2,red,hatchback,manual,2018,8,hyundai_grand i10
noida,volkswagen,polo,highline plus 1.0 (p) 16 alloy,41048,2018,577000,petrol,1,red,hatchback,manual,2018,8,volkswagen_polo
noida,hyundai,grand i10,sportz 1.2 kappa vtvt,8596,2019,503000,petrol,1,silver,hatchback,manual,2019,7,hyundai_grand i10
noida,kia,seltos,gtx plus at d,100645,2021,1243213,diesel,1,grey,suv,automatic,2021,5,kia_seltos
noida,audi,q3,technology,21088,2023,4039858,petrol,1,white,suv,automatic,2023,3,audi_q3
noida,kia,seltos,htk plus at d,45374,2020,978000,diesel,2,white,suv,automatic,2020,6,kia_seltos
noida,maruti suzuki,wagon r,lxi 1.0 cng,79754,2021,452000,cng,1,white,hatchback,manual,2021,5,maruti suzuki_wagon r
noida,tata,altroz,xz petrol,65182,2020,540000,petrol,1,silver,hatchback,manual,2020,6,tata_altroz
noida,hyundai,xcent,s 1.2 (o),64493,2014,339000,petrol,1,white,sedan,manual,2014,12,hyundai_xcent
noida,honda,city,zx cvt petrol,53201,2017,786000,petrol,1,silver,sedan,automatic,2017,9,honda_city
noida,hyundai,creta,1.6 sx plus petrol,87058,2016,670000,petrol,1,silver,suv,manual,2016,10,hyundai_creta
noida,honda,amaze,1.2 v cvt petrol,52435,2019,619000,petrol,1,white,sedan,automatic,2019,7,honda_amaze
noida,mercedes-benz,c-class,c 200 avantgarde,41783,2016,1817858,petrol,2,white,sedan,automatic,2016,10,mercedes-benz_c-class
noida,mahindra,xuv 300,w8 (o) petrol,20159,2022,979000,petrol,1,blue,suv,manual,2022,4,mahindra_xuv 300
noida,tata,tigor,xz plus cng,65015,2022,641000,cng,1,white,sedan,manual,2023,4,tata_tigor
noida,jeep,compass,sport 1.4 petrol,25533,2021,1262358,petrol,1,white,suv,manual,2021,5,jeep_compass
noida,hyundai,creta,1.6 sx plus petrol,75160,2015,617000,petrol,2,grey,suv,manual,2015,11,hyundai_creta
noida,maruti suzuki,s-cross,zeta,20096,2022,879000,petrol,1,silver,suv,manual,2022,4,maruti suzuki_s-cross
noida,hyundai,creta,1.6 sx plus auto petrol,82960,2016,706000,petrol,1,silver,suv,automatic,2016,10,hyundai_creta
noida,maruti suzuki,xl6,zeta mt petrol,17067,2022,976000,petrol,1,blue,muv,manual,2022,4,maruti suzuki_xl6
noida,tata,nexon,xm plus (s),49076,2022,736000,petrol,1,grey,suv,manual,2022,4,tata_nexon
noida,maruti suzuki,ciaz,delta 1.4 mt,80190,2018,552000,petrol,1,silver,sedan,manual,2018,8,maruti suzuki_ciaz
noida,mercedes-benz,e-class,e200 cgi,62827,2015,1666358,petrol,2,black,sedan,automatic,2016,11,mercedes-benz_e-class
noida,toyota,fortuner,2.7 2wd at petrol,81108,2018,2211758,petrol,1,silver,suv,automatic,2018,8,toyota_fortuner
noida,bmw,3 series,gran limousine 330li luxury line,26502,2021,3736858,petrol,2,white,sedan,automatic,2022,5,bmw_3 series
noida,hyundai,verna,sx (o) 1.6 vtvt at,66827,2017,813000,petrol,1,grey,sedan,automatic,2018,9,hyundai_verna
noida,tata,altroz,xt petrol,88465,2021,544000,petrol,1,grey,hatchback,manual,2021,5,tata_altroz
noida,maruti suzuki,s-cross,zeta,60557,2021,733000,petrol,1,blue,suv,manual,2021,5,maruti suzuki_s-cross
noida,tata,altroz,xe 1.5,46309,2021,595000,diesel,1,white,hatchback,manual,2021,5,tata_altroz
noida,maruti suzuki,swift,zxi,94065,2014,342000,petrol,1,grey,hatchback,manual,2014,12,maruti suzuki_swift
noida,mahindra,xuv 300,w8 amt (o) diesel,64871,2020,829000,diesel,1,white,suv,automatic,2020,6,mahindra_xuv 300
noida,honda,jazz,v at petrol,69773,2015,424000,petrol,1,red,hatchback,automatic,2015,11,honda_jazz
noida,renault,kiger,rxz amt,28133,2022,624000,petrol,2,brown,suv,automatic,2022,4,renault_kiger
noida,tata,nexon,xz plus (o),65854,2021,791000,petrol,1,green,suv,manual,2021,5,tata_nexon
noida,renault,kwid,rxl,16724,2019,316000,petrol,1,bronze,hatchback,manual,2020,7,renault_kwid
noida,honda,city,v,76671,2015,441000,petrol,2,brown,sedan,manual,2015,11,honda_city
noida,hyundai,grand i10,sportz 1.2 kappa vtvt,50612,2017,426000,petrol,1,grey,hatchback,manual,2017,9,hyundai_grand i10
noida,ford,ecosport,titanium 1.5l ti-vct at,106391,2016,512000,petrol,1,grey,suv,automatic,2016,10,ford_ecosport
noida,hyundai,venue,sx plus 1.0 turbo dct,38698,2020,879000,petrol,1,blue,suv,automatic,2020,6,hyundai_venue
noida,kia,seltos,htx 1.5,38101,2021,1056363,petrol,2,black,suv,manual,2021,5,kia_seltos
noida,toyota,fortuner,2.7 2wd mt petrol,41409,2016,1908758,petrol,2,white,suv,manual,2016,10,toyota_fortuner
noida,honda,amaze,1.2 vx i-vtec,63935,2015,374000,petrol,1,red,sedan,manual,2015,11,honda_amaze
noida,kia,sonet,htx plus 1.0 imt,28654,2022,1051284,petrol,1,red,suv,manual,2022,4,kia_sonet
noida,maruti suzuki,baleno,zeta 1.2,41000,2015,446000,petrol,1,silver,hatchback,manual,2015,11,maruti suzuki_baleno
noida,tata,punch,creative dual tone,30940,2022,714000,petrol,1,green,suv,manual,2022,4,tata_punch
noida,kia,seltos,gtx plus,69263,2019,1165398,petrol,1,white,suv,manual,2019,7,kia_seltos
noida,hyundai,new santro 1.1,sportz mt,73230,2019,398000,petrol,1,grey,hatchback,manual,2019,7,hyundai_new santro 1.1
noida,kia,seltos,htk 1.5,20901,2021,936000,petrol,1,red,suv,manual,2021,5,kia_seltos
noida,hyundai,grand i10,asta 1.2 kappa vtvt,63968,2017,434000,petrol,1,white,hatchback,manual,2017,9,hyundai_grand i10
noida,hyundai,grand i10,sportz 1.2 kappa vtvt,63993,2017,381000,petrol,2,silver,hatchback,manual,2017,9,hyundai_grand i10
noida,maruti suzuki,celerio,zxi amt,66241,2018,411000,petrol,1,grey,hatchback,automatic,2018,8,maruti suzuki_celerio
noida,hyundai,creta,1.6 sx plus auto petrol,98020,2017,780000,petrol,1,grey,suv,automatic,2017,9,hyundai_creta
noida,maruti suzuki,brezza,zxi at,14512,2022,1115908,petrol,1,white,suv,automatic,2022,4,maruti suzuki_brezza
noida,mahindra,thar,lx hard top petrol at 4wd,46922,2021,1243115,petrol,1,red,suv,automatic,2021,5,mahindra_thar
noida,maruti suzuki,ciaz,zxi,55865,2015,445000,petrol,2,white,sedan,manual,2015,11,maruti suzuki_ciaz
noida,honda,amaze,1.2 vx i-vtec,83765,2015,343000,petrol,2,silver,sedan,manual,2015,11,honda_amaze
noida,volkswagen,polo,allstar 1.2 (p),90376,2016,353000,petrol,3,red,hatchback,manual,2016,10,volkswagen_polo
noida,maruti suzuki,ciaz,vxi+,44222,2016,464000,petrol,1,brown,sedan,manual,2016,10,maruti suzuki_ciaz
noida,hyundai,creta,1.6 sx plus auto petrol,90948,2017,743000,petrol,1,grey,suv,automatic,2017,9,hyundai_creta
noida,maruti suzuki,vitara brezza,zxi plus,45625,2022,878000,petrol,1,white,suv,manual,2022,4,maruti suzuki_vitara brezza
noida,maruti suzuki,grand vitara,alpha plus intelligent hybrid ecvt,32196,2023,1645148,hybrid,1,black,suv,automatic,2023,3,maruti suzuki_grand vitara
noida,hyundai,grand i10,sportz 1.2 kappa vtvt,20378,2014,347000,petrol,1,silver,hatchback,manual,2014,12,hyundai_grand i10
noida,hyundai,grand i10,sportz 1.2 kappa vtvt,84265,2017,354000,petrol,2,grey,hatchback,manual,2017,9,hyundai_grand i10
noida,honda,city,zx cvt petrol,72312,2017,751000,petrol,1,silver,sedan,automatic,2017,9,honda_city
noida,tata,tigor,xz plus,20979,2023,675000,petrol,1,grey,sedan,manual,2023,3,tata_tigor
noida,hyundai,grand i10 nios,sportz 1.2 kappa vtvt,48666,2020,520000,petrol,1,blue,hatchback,manual,2020,6,hyundai_grand i10 nios
noida,honda,city,zx cvt petrol,51109,2017,794000,petrol,1,grey,sedan,automatic,2017,9,honda_city
noida,honda,jazz,v petrol,66979,2016,417000,petrol,1,brown,hatchback,manual,2016,10,honda_jazz
noida,hyundai,grand i10,asta at 1.2 kappa vtvt,72699,2014,369000,petrol,1,silver,hatchback,automatic,2014,12,hyundai_grand i10
noida,renault,duster,rxs cvt,58769,2019,623000,petrol,1,bronze,suv,automatic,2019,7,renault_duster
noida,nissan,magnite,xl,23860,2022,573000,petrol,1,black,suv,manual,2022,4,nissan_magnite
noida,maruti suzuki,s-presso,vxi (o) amt,1175,2025,548000,petrol,1,silver,hatchback,automatic,2025,1,maruti suzuki_s-presso
noida,hyundai,xcent,s 1.2,75401,2014,319000,petrol,1,silver,sedan,manual,2014,12,hyundai_xcent
noida,hyundai,grand i10,sportz 1.2 kappa vtvt dual tone,49998,2018,450000,petrol,1,red,hatchback,manual,2018,8,hyundai_grand i10
noida,renault,kwid,rxl,36394,2021,351000,petrol,1,red,hatchback,manual,2021,5,renault_kwid
noida,ford,ecosport,titanium 1.0 ecoboost,67477,2014,405000,petrol,1,grey,suv,manual,2014,12,ford_ecosport
noida,hyundai,creta,1.6l sx vtvt,57727,2019,856000,petrol,1,white,suv,manual,2019,7,hyundai_creta
noida,kia,sonet,gtx plus 1.0 dct,70559,2022,1063404,petrol,1,black,suv,automatic,2022,4,kia_sonet
noida,honda,city,vx cvt,87929,2015,583000,petrol,1,maroon,sedan,automatic,2015,11,honda_city
noida,renault,kwid,rxt 1.0 sce edition,45108,2016,270000,petrol,1,grey,hatchback,manual,2016,10,renault_kwid
noida,hyundai,xcent,sx  petrol+cng (outside fitted),45351,2020,578000,cng,1,grey,sedan,manual,2020,6,hyundai_xcent
noida,maruti suzuki,ciaz,zxi+,89024,2015,458000,petrol,1,brown,sedan,manual,2015,11,maruti suzuki_ciaz
noida,maruti suzuki,ciaz,zxi,64304,2015,442000,petrol,2,brown,sedan,manual,2015,11,maruti suzuki_ciaz
noida,tata,tiago,xz plus cng,21344,2023,697000,cng,1,grey,hatchback,manual,2024,3,tata_tiago
noida,hyundai,elite i20,sportz 1.2,45750,2017,471000,petrol,2,white,hatchback,manual,2017,9,hyundai_elite i20
noida,honda,city,sv,112883,2015,392000,petrol,2,brown,sedan,manual,2015,11,honda_city
noida,honda,wr-v,vx mt petrol,17264,2018,650000,petrol,1,white,suv,manual,2018,8,honda_wr-v
noida,hyundai,verna,fluidic 1.6 vtvt sx opt,40576,2012,349000,petrol,1,violet,sedan,manual,2012,14,hyundai_verna
noida,renault,duster,rxz 1.5 petrol mt,61167,2021,713000,petrol,1,grey,suv,manual,2021,5,renault_duster
noida,hyundai,grand i10,sportz 1.2 kappa vtvt,22771,2014,349000,petrol,1,silver,hatchback,manual,2014,12,hyundai_grand i10
noida,ford,ecosport,s petrol,65176,2019,707000,petrol,1,white,suv,manual,2019,7,ford_ecosport
noida,maruti suzuki,baleno,zeta 1.2 at,69858,2017,477000,petrol,2,silver,hatchback,automatic,2017,9,maruti suzuki_baleno
noida,hyundai,new santro 1.1,sportz executive cng,84628,2022,490000,petrol+cng,1,grey,hatchback,manual,2022,4,hyundai_new santro 1.1
noida,maruti suzuki,new ertiga,zxi at,50444,2020,921000,petrol,1,white,muv,automatic,2020,6,maruti suzuki_new ertiga
noida,kia,seltos,gtx dct,60978,2019,1150248,petrol,1,silver,suv,automatic,2019,7,kia_seltos
noida,honda,amaze,1.2 vx i-vtec,89233,2015,326000,petrol,2,brown,sedan,manual,2015,11,honda_amaze
noida,ford,ecosport,titanium 1.5l ti-vct,94601,2019,571000,petrol,2,grey,suv,manual,2019,7,ford_ecosport
noida,hyundai,elite i20,sportz 1.2,47583,2015,412000,petrol,2,silver,hatchback,manual,2015,11,hyundai_elite i20
noida,maruti suzuki,wagon r,lxi,19381,2018,351000,petrol,1,silver,hatchback,manual,2018,8,maruti suzuki_wagon r
noida,nissan,micra,xv cvt,41970,2016,384000,petrol,1,silver,hatchback,automatic,2016,10,nissan_micra
noida,hyundai,creta n-line,n10 1.5 turbo mt,6368,2024,1839113,petrol,1,black,suv,manual,2024,2,hyundai_creta n-line
noida,maruti suzuki,baleno,zeta mt,18805,2024,778000,petrol,1,blue,hatchback,manual,2024,2,maruti suzuki_baleno
noida,hyundai,aura,sx 1.2 cng,15197,2023,785000,cng,1,white,sedan,manual,2023,3,hyundai_aura
noida,volkswagen,polo,highline1.2l (p),61037,2015,379000,petrol,2,red,hatchback,manual,2015,11,volkswagen_polo
noida,maruti suzuki,baleno,delta,49137,2021,571000,petrol,1,white,hatchback,manual,2021,5,maruti suzuki_baleno
noida,hyundai,i20 active,1.2 sx,51352,2016,461000,petrol,2,brown,crossover,manual,2016,10,hyundai_i20 active
noida,hyundai,creta,1.6 sx plus auto petrol,91869,2017,759000,petrol,1,silver,suv,automatic,2017,9,hyundai_creta
noida,honda,city,sv cvt,71629,2014,419000,petrol,2,grey,sedan,automatic,2014,12,honda_city
noida,maruti suzuki,swift,vxi amt,83504,2019,521000,petrol,1,grey,hatchback,automatic,2019,7,maruti suzuki_swift
noida,honda,wr-v,vx mt petrol,29300,2018,641000,petrol,1,brown,suv,manual,2018,8,honda_wr-v
noida,maruti suzuki,ciaz,delta 1.4 mt,33258,2018,589000,petrol,1,silver,sedan,manual,2018,8,maruti suzuki_ciaz
noida,honda,city,zx cvt petrol,64098,2018,827000,petrol,1,grey,sedan,automatic,2018,8,honda_city
noida,maruti suzuki,swift,vxi amt,34414,2020,573000,petrol,1,white,hatchback,automatic,2020,6,maruti suzuki_swift
noida,hyundai,grand i10,magna 1.2 kappa vtvt,60662,2014,317000,petrol,1,silver,hatchback,manual,2014,12,hyundai_grand i10
noida,renault,kwid,rxt 1.0 (o),57828,2022,389000,petrol,1,red,hatchback,manual,2022,4,renault_kwid
noida,nissan,magnite,xl,36089,2021,522000,petrol,1,brown,suv,manual,2021,5,nissan_magnite
noida,tata,altroz,xz plus petrol,19298,2022,719000,petrol,1,grey,hatchback,manual,2022,4,tata_altroz
noida,honda,amaze,s cvt 1.2 petrol,25525,2023,729000,petrol,1,red,sedan,automatic,2023,3,honda_amaze
noida,hyundai,creta,sx (o) at diesel,83347,2021,1273468,diesel,1,black,suv,automatic,2021,5,hyundai_creta
noida,renault,kwid,rxt (o) 1.0 sce edition,59081,2019,286000,petrol,2,white,hatchback,manual,2019,7,renault_kwid
noida,tata,safari,xz plus dark edition,99841,2022,1536015,diesel,1,black,suv,manual,2022,4,tata_safari
noida,renault,kwid,climber,22012,2023,475000,petrol,1,silver,hatchback,manual,2023,3,renault_kwid
noida,honda,amaze,1.2 sx i-vtec,23447,2015,356000,petrol,1,brown,sedan,manual,2015,11,honda_amaze
noida,tata,altroz,xz 1.2,91680,2021,551000,petrol,1,white,hatchback,manual,2021,5,tata_altroz
noida,maruti suzuki,xl6,alpha mt petrol,27630,2023,1137118,petrol,1,white,muv,manual,2023,3,maruti suzuki_xl6
noida,hyundai,verna,sx (o) 1.6 vtvt at,54548,2018,874000,petrol,1,grey,sedan,automatic,2018,8,hyundai_verna
noida,hyundai,grand i10,asta 1.2 kappa vtvt,40495,2017,464000,petrol,1,white,hatchback,manual,2017,9,hyundai_grand i10
noida,renault,kwid,rxl,10988,2020,347000,petrol,1,blue,hatchback,manual,2020,6,renault_kwid
noida,honda,city,v,45642,2015,494000,petrol,1,brown,sedan,manual,2015,11,honda_city
noida,hyundai,venue,sx 1.0 turbo imt,24123,2020,780000,petrol,1,white,suv,manual,2020,6,hyundai_venue
noida,maruti suzuki,wagon r 1.0,vxi amt,33547,2017,360000,petrol,2,grey,hatchback,automatic,2017,9,maruti suzuki_wagon r 1.0
noida,maruti suzuki,baleno,alpha 1.2,53728,2017,500000,petrol,1,red,hatchback,manual,2017,9,maruti suzuki_baleno
noida,maruti suzuki,dzire,vxi,19396,2022,642000,petrol,1,grey,sedan,manual,2022,4,maruti suzuki_dzire
noida,honda,city,v,107735,2015,440000,petrol,1,brown,sedan,manual,2015,11,honda_city
noida,hyundai,aura,sx 1.2 petrol,20452,2022,665000,petrol,1,silver,sedan,manual,2023,4,hyundai_aura
noida,hyundai,creta,sx (o) diesel,34985,2022,1460000,diesel,1,black,suv,manual,2022,4,hyundai_creta
noida,maruti suzuki,s-presso,vxi plus (o),7704,2024,488000,petrol,1,white,hatchback,manual,2025,2,maruti suzuki_s-presso
noida,honda,jazz,zx,52014,2022,710000,petrol,1,brown,hatchback,manual,2022,4,honda_jazz
noida,nissan,magnite,xv premium turbo cvt,19218,2022,762000,petrol,2,silver,suv,automatic,2022,4,nissan_magnite
noida,hyundai,elite i20,sportz 1.2,63293,2016,428000,petrol,2,grey,hatchback,manual,2017,10,hyundai_elite i20
noida,maruti suzuki,ciaz,zxi+,22693,2016,562000,petrol,1,brown,sedan,manual,2016,10,maruti suzuki_ciaz
noida,hyundai,creta,sx+ se,47912,2017,771000,petrol,1,white,suv,manual,2017,9,hyundai_creta
noida,hyundai,creta,1.6 sx plus petrol,88791,2017,668000,petrol,2,white,suv,manual,2017,9,hyundai_creta
noida,tata,nexon,xz plus,28515,2020,769000,petrol,1,grey,suv,manual,2020,6,tata_nexon
noida,tata,punch,accomplished icng,30478,2024,791000,cng,1,white,suv,manual,2024,2,tata_punch
noida,maruti suzuki,swift,zxi,63332,2013,310000,petrol,1,silver,hatchback,manual,2013,13,maruti suzuki_swift
noida,maruti suzuki,ignis,zeta 1.2 mt,19637,2022,517000,petrol,2,white,hatchback,manual,2023,4,maruti suzuki_ignis
noida,hyundai,aura,sx 1.2 cng,39199,2023,732000,cng,1,silver,sedan,manual,2023,3,hyundai_aura
noida,mahindra,xuv 300,w8 (o) petrol,19391,2022,951000,petrol,1,silver,suv,manual,2022,4,mahindra_xuv 300
noida,hyundai,verna,sx 1.5 mpi,69872,2021,791000,petrol,2,white,sedan,manual,2021,5,hyundai_verna
noida,volkswagen,vento,1.2l highline petrol at,71981,2015,481000,petrol,2,grey,sedan,automatic,2015,11,volkswagen_vento
noida,kia,seltos,gtx plus,55826,2020,1234000,petrol,1,red,suv,manual,2020,6,kia_seltos
noida,ford,ecosport,titanium + 1.5l ti-vct,67256,2019,695000,petrol,1,white,suv,manual,2019,7,ford_ecosport
noida,hyundai,elite i20,sportz 1.2,41597,2014,405000,petrol,1,blue,hatchback,manual,2014,12,hyundai_elite i20
noida,toyota,corolla altis,vl cvt petrol,81524,2019,1095655,petrol,1,golden,sedan,automatic,2019,7,toyota_corolla altis
noida,maruti suzuki,brezza,zxi dual tone,43527,2023,976000,petrol,1,red,suv,manual,2023,3,maruti suzuki_brezza
noida,maruti suzuki,swift,zxi,48482,2014,376000,petrol,1,grey,hatchback,manual,2014,12,maruti suzuki_swift
noida,tata,punch,accomplished dazzle pack amt,22874,2023,751000,petrol,1,white,suv,automatic,2023,3,tata_punch
noida,maruti suzuki,baleno,zeta,121748,2021,579000,petrol,1,silver,hatchback,manual,2021,5,maruti suzuki_baleno
noida,honda,city,v,81835,2016,482000,petrol,2,brown,sedan,manual,2016,10,honda_city
noida,maruti suzuki,baleno,sigma 1.2,40186,2017,401000,petrol,1,blue,hatchback,manual,2017,9,maruti suzuki_baleno
noida,renault,kiger,rxz 1.0 turbo mt dual tone,49451,2021,600000,petrol,2,blue,suv,manual,2021,5,renault_kiger
noida,hyundai,grand i10,sportz 1.2 kappa vtvt,33738,2019,490000,petrol,1,grey,hatchback,manual,2019,7,hyundai_grand i10
noida,hyundai,new santro 1.1,magna cng,61381,2019,428000,petrol+cng,1,beige,hatchback,manual,2019,7,hyundai_new santro 1.1
noida,maruti suzuki,s-cross,alpha at,96101,2021,819000,petrol,1,white,suv,automatic,2021,5,maruti suzuki_s-cross
noida,maruti suzuki,swift,vxi amt,43021,2019,549000,petrol,1,white,hatchback,automatic,2019,7,maruti suzuki_swift
noida,honda,city,zx cvt petrol,64636,2021,970000,petrol,2,silver,sedan,automatic,2021,5,honda_city
noida,maruti suzuki,dzire,zxi amt,28784,2017,561000,petrol,1,blue,sedan,automatic,2017,9,maruti suzuki_dzire
noida,maruti suzuki,swift,vxi,59335,2013,296000,petrol,1,grey,hatchback,manual,2013,13,maruti suzuki_swift
noida,honda,amaze,1.2 vx i-vtec,39653,2014,370000,petrol,1,silver,sedan,manual,2014,12,honda_amaze
noida,maruti suzuki,grand vitara,alpha plus intelligent hybrid ecvt,48993,2023,1622000,hybrid,1,blue,suv,automatic,2023,3,maruti suzuki_grand vitara
noida,honda,city,vx cvt,121994,2016,565000,petrol,1,grey,sedan,automatic,2016,10,honda_city
noida,hyundai,i10,sportz 1.1 irde2,29917,2014,282000,petrol,1,silver,hatchback,manual,2014,12,hyundai_i10
noida,maruti suzuki,baleno,zeta mt,8912,2024,799000,petrol,1,grey,hatchback,manual,2024,2,maruti suzuki_baleno
noida,tata,tiago,revotron xza,50821,2018,447000,petrol,1,white,hatchback,automatic,2018,8,tata_tiago
noida,honda,amaze,1.2 s i-vtec,42765,2013,274000,petrol,2,silver,sedan,manual,2013,13,honda_amaze
noida,hyundai,verna,sx 1.5 crdi at,102741,2021,926000,diesel,1,white,sedan,automatic,2021,5,hyundai_verna
noida,ford,ecosport,trend 1.5l ti-vct,61383,2018,550000,petrol,1,grey,suv,manual,2018,8,ford_ecosport
noida,maruti suzuki,baleno,alpha 1.2,39663,2016,481000,petrol,1,silver,hatchback,manual,2016,10,maruti suzuki_baleno
noida,tata,tigor,revotron xt,72091,2018,406000,petrol,1,grey,sedan,manual,2018,8,tata_tigor
noida,kia,sonet,htx 1.0 imt,41729,2021,864000,petrol,1,black,suv,manual,2021,5,kia_sonet
noida,hyundai,creta,sx opt turbo dct petrol,72130,2022,1468398,petrol,1,black,suv,automatic,2022,4,hyundai_creta
noida,honda,brio,s mt,69764,2013,249000,petrol,1,brown,hatchback,manual,2013,13,honda_brio
noida,honda,amaze,1.2 vx i-vtec,41202,2016,427000,petrol,2,red,sedan,manual,2016,10,honda_amaze
noida,volkswagen,ameo,1.0 highline plus petrol,15524,2019,526000,petrol,1,grey,sedan,manual,2019,7,volkswagen_ameo
noida,hyundai,xcent,s 1.2,56217,2016,362000,petrol,1,blue,sedan,manual,2016,10,hyundai_xcent
noida,renault,duster,rxz 1.5 petrol mt,23330,2021,778000,petrol,1,bronze,suv,manual,2021,5,renault_duster
noida,honda,amaze,1.2 vx mt petrol,48600,2020,626000,petrol,1,white,sedan,manual,2020,6,honda_amaze
noida,tata,punch,accomplished amt,60084,2022,623000,petrol,1,grey,suv,automatic,2022,4,tata_punch
noida,hyundai,xcent,s 1.2,27807,2014,315000,petrol,2,silver,sedan,manual,2014,12,hyundai_xcent
noida,ford,ecosport,titanium + 1.5l ti-vct at,45707,2018,590000,petrol,3,silver,suv,automatic,2018,8,ford_ecosport
noida,hyundai,grand i10,asta 1.2 kappa vtvt,53418,2015,376000,petrol,1,silver,hatchback,manual,2015,11,hyundai_grand i10
noida,renault,kiger,rxz mt,58839,2021,576000,petrol,1,silver,suv,manual,2021,5,renault_kiger
noida,kia,sonet,gtx plus 1.5 at,51793,2020,966000,diesel,1,maroon,suv,automatic,2020,6,kia_sonet
noida,maruti suzuki,baleno,alpha 1.2,89955,2017,479000,petrol,1,grey,hatchback,manual,2017,9,maruti suzuki_baleno
noida,honda,amaze,vx cvt 1.2 petrol,20402,2023,839000,petrol,1,white,sedan,automatic,2023,3,honda_amaze
noida,renault,kwid,rxt 1.0,22830,2023,433000,petrol,1,white,hatchback,manual,2023,3,renault_kwid
noida,maruti suzuki,baleno,delta 1.2,27740,2018,518000,petrol,1,red,hatchback,manual,2018,8,maruti suzuki_baleno
noida,mahindra,thar,lx hard top petrol at 4wd,48885,2023,1362393,petrol,1,black,suv,automatic,2023,3,mahindra_thar
noida,honda,city,1.5 v mt,80394,2012,270000,petrol,2,golden,sedan,manual,2012,14,honda_city
noida,maruti suzuki,ciaz,zxi,39249,2016,534000,petrol,1,brown,sedan,manual,2016,10,maruti suzuki_ciaz
noida,tata,nexon,xza plus amt s,33236,2020,841000,petrol,1,grey,suv,automatic,2020,6,tata_nexon
noida,mg motors,hector,sharp 2.0 diesel turbo mt,46161,2021,1455215,diesel,1,black,suv,manual,2021,5,mg motors_hector
noida,hyundai,fluidic verna 4s,1.6 vtvt sx,50067,2016,528000,petrol,2,grey,sedan,manual,2016,10,hyundai_fluidic verna 4s
noida,hyundai,creta,1.6 sx at vtvt,58017,2019,974000,petrol,1,black,suv,automatic,2019,7,hyundai_creta
noida,honda,city,vx cvt,84840,2016,593000,petrol,1,grey,sedan,automatic,2016,10,honda_city
noida,tata,tigor,revotron xz+ cng,52529,2022,636000,petrol+cng,1,grey,sedan,manual,2022,4,tata_tigor
noida,maruti suzuki,new ertiga,vxi at,59824,2019,787000,petrol,1,red,muv,automatic,2019,7,maruti suzuki_new ertiga
noida,tata,tiago,revotron xz,54377,2019,435000,petrol,1,white,hatchback,manual,2020,7,tata_tiago
noida,renault,kiger,rxt (o) amt,4888,2024,758000,petrol,1,black,suv,automatic,2024,2,renault_kiger
noida,honda,city,zx cvt,121907,2017,709000,petrol,1,brown,sedan,automatic,2017,9,honda_city
noida,honda,city,vx petrol,66738,2022,975000,petrol,1,grey,sedan,manual,2022,4,honda_city
noida,honda,city,1.5 v mt,74131,2012,322000,petrol,1,silver,sedan,manual,2012,14,honda_city
noida,honda,amaze,1.2 s at i-vtec,75685,2013,316000,petrol,1,silver,sedan,automatic,2013,13,honda_amaze
noida,honda,wr-v,vx mt petrol,43458,2018,629000,petrol,1,grey,suv,manual,2018,8,honda_wr-v
noida,maruti suzuki,baleno,alpha 1.2,63063,2016,471000,petrol,1,blue,hatchback,manual,2016,10,maruti suzuki_baleno
noida,renault,kwid,rxl (o) 0.8,22987,2022,394000,petrol,1,white,hatchback,manual,2022,4,renault_kwid
noida,honda,city,v petrol,44701,2017,660000,petrol,1,white,sedan,manual,2017,9,honda_city
noida,honda,city,vx cvt,80090,2017,729000,petrol,1,grey,sedan,automatic,2017,9,honda_city
noida,volkswagen,ameo,comfortline 1.2l (p),38414,2016,370000,petrol,1,brown,sedan,manual,2016,10,volkswagen_ameo
noida,tata,tiago,xz plus dual tone roof,64829,2019,467000,petrol,1,orange,hatchback,manual,2019,7,tata_tiago
noida,hyundai,eon,sportz,81199,2014,234000,petrol,1,red,hatchback,manual,2015,12,hyundai_eon
noida,honda,city,vx petrol,20453,2022,1090703,petrol,1,white,sedan,manual,2022,4,honda_city
noida,hyundai,grand i10,asta 1.2 kappa vtvt,89715,2013,275000,petrol,1,red,hatchback,manual,2013,13,hyundai_grand i10
noida,maruti suzuki,dzire,vxi amt,87094,2018,512000,petrol,1,red,sedan,automatic,2018,8,maruti suzuki_dzire
noida,hyundai,grand i10,magna 1.2 kappa vtvt,27991,2016,368000,petrol,1,grey,hatchback,manual,2016,10,hyundai_grand i10
noida,hyundai,venue,sx 1.0 (o) petrol,98897,2019,702000,petrol,1,white,suv,manual,2019,7,hyundai_venue
noida,mahindra,thar,lx hard top petrol at 4wd,31269,2022,1366433,petrol,1,beige,suv,automatic,2022,4,mahindra_thar
noida,honda,amaze,1.2 s i-vtec,42993,2013,290000,petrol,1,white,sedan,manual,2013,13,honda_amaze
noida,tata,nexon,xz plus s,29182,2021,859000,petrol,1,grey,suv,manual,2021,5,tata_nexon
noida,hyundai,venue,sx plus 1.0 turbo dct,64553,2019,797000,petrol,1,red,suv,automatic,2019,7,hyundai_venue
noida,hyundai,elite i20,sportz 1.2 (o),70035,2015,403000,petrol,2,white,hatchback,manual,2015,11,hyundai_elite i20
noida,maruti suzuki,fronx,alpha 1.0l turbo mt,14392,2023,1045224,petrol,1,white,suv,manual,2023,3,maruti suzuki_fronx
noida,honda,jazz,v petrol,46761,2016,430000,petrol,1,silver,hatchback,manual,2016,10,honda_jazz
noida,honda,city,zx cvt,72632,2017,780000,petrol,1,grey,sedan,automatic,2017,9,honda_city
noida,maruti suzuki,baleno,zeta 1.2,66014,2015,416000,petrol,1,white,hatchback,manual,2015,11,maruti suzuki_baleno
noida,honda,wr-v,vx mt diesel,99838,2020,770000,diesel,1,white,suv,manual,2020,6,honda_wr-v
noida,kia,sonet,gtx plus 1.5,75672,2022,984000,diesel,1,silver,suv,manual,2022,4,kia_sonet
noida,tata,punch,adventure amt,45604,2022,595000,petrol,1,orange,suv,automatic,2022,4,tata_punch
noida,mg motors,astor,sharp 1.5 cvt,57209,2022,1132113,petrol,1,black,suv,automatic,2022,4,mg motors_astor
noida,kia,seltos,gtx plus dct,76542,2021,1355278,petrol,1,black,suv,automatic,2021,5,kia_seltos
noida,honda,city,sv,62838,2014,429000,petrol,1,brown,sedan,manual,2014,12,honda_city
noida,hyundai,aura,sx 1.2 (o) crdi,121845,2020,578000,diesel,1,brown,sedan,manual,2020,6,hyundai_aura
noida,maruti suzuki,swift,zxi amt,122578,2018,494000,petrol,1,red,hatchback,automatic,2018,8,maruti suzuki_swift
noida,hyundai,aura,sx 1.2 petrol,22325,2022,670000,petrol,1,white,sedan,manual,2022,4,hyundai_aura
noida,honda,brio,s mt,58830,2013,250000,petrol,1,brown,hatchback,manual,2013,13,honda_brio
noida,hyundai,elite i20,asta 1.2,34162,2017,541000,petrol,1,red,hatchback,manual,2017,9,hyundai_elite i20
noida,kia,carens,prestige plus 1.5 turbo petrol dct 7 str,22843,2023,1420973,petrol,1,blue,muv,automatic,2023,3,kia_carens
noida,honda,amaze,1.2 vx i-vtec,73441,2013,295000,petrol,1,white,sedan,manual,2013,13,honda_amaze
noida,maruti suzuki,baleno,alpha mt,25963,2022,708000,petrol,2,blue,hatchback,manual,2022,4,maruti suzuki_baleno
noida,tata,tiago,revotron xe,124077,2017,289000,petrol,1,silver,hatchback,manual,2017,9,tata_tiago
noida,hyundai,eon,era +,47434,2016,231000,petrol,2,silver,hatchback,manual,2016,10,hyundai_eon
noida,ford,ecosport,titanium 1.5l ti-vct,63105,2019,662000,petrol,1,grey,suv,manual,2019,7,ford_ecosport
noida,hyundai,i20 active,1.2 s,63004,2015,430000,petrol,1,brown,crossover,manual,2015,11,hyundai_i20 active
noida,maruti suzuki,baleno,zeta ags,5802,2023,797000,petrol,1,white,hatchback,automatic,2023,3,maruti suzuki_baleno
noida,ford,ecosport,titanium 1.5l ti-vct,78543,2019,648000,petrol,1,red,suv,manual,2019,7,ford_ecosport
noida,mahindra,scorpio n,z8 l diesel at 7 str,31627,2022,1980513,diesel,1,brown,suv,automatic,2022,4,mahindra_scorpio n
noida,maruti suzuki,alto 800,lxi,19691,2014,205000,petrol,2,silver,hatchback,manual,2014,12,maruti suzuki_alto 800
noida,toyota,corolla altis,vl cvt petrol,117684,2018,925000,petrol,1,brown,sedan,automatic,2019,8,toyota_corolla altis
noida,mahindra,thar,lx convertible petrol at 4wd,91882,2021,1088683,petrol,1,red,suv,automatic,2021,5,mahindra_thar
noida,kia,sonet,htx 1.0 imt,78984,2021,791000,petrol,1,white,suv,manual,2021,5,kia_sonet
noida,hyundai,fluidic verna 4s,1.6 vtvt sx at,45056,2016,588000,petrol,2,black,sedan,automatic,2016,10,hyundai_fluidic verna 4s
noida,toyota,glanza,g,31079,2022,689000,petrol,1,blue,hatchback,manual,2022,4,toyota_glanza
noida,ford,ecosport,s petrol,44917,2020,719000,petrol,2,blue,suv,manual,2020,6,ford_ecosport
noida,maruti suzuki,vitara brezza,vxi,20031,2021,742000,petrol,1,red,suv,manual,2021,5,maruti suzuki_vitara brezza
noida,maruti suzuki,dzire,vxi,13760,2022,642000,petrol,1,blue,sedan,manual,2022,4,maruti suzuki_dzire
noida,datsun,redi-go,t (o),28225,2017,191000,petrol,3,red,hatchback,manual,2018,9,datsun_redi-go
noida,hyundai,creta,sx opt turbo dct petrol,57219,2022,1500000,petrol,1,black,suv,automatic,2022,4,hyundai_creta
noida,honda,amaze,1.2 sx i-vtec,41052,2016,413000,petrol,1,white,sedan,manual,2016,10,honda_amaze
noida,hyundai,verna,fluidic 1.6 vtvt sx,76633,2013,354000,petrol,2,white,sedan,manual,2013,13,hyundai_verna
noida,tata,safari,xz plus dark edition,32673,2023,1855000,diesel,1,black,suv,manual,2023,3,tata_safari
noida,kia,sonet,htx plus 1.0 imt,48799,2022,972000,petrol,1,black,suv,manual,2022,4,kia_sonet
noida,hyundai,tucson,2wd mt petrol,70677,2017,997000,petrol,1,red,suv,manual,2017,9,hyundai_tucson
noida,maruti suzuki,baleno,zeta 1.2 at,48763,2017,475000,petrol,2,silver,hatchback,automatic,2017,9,maruti suzuki_baleno
noida,hyundai,eon,era +,48628,2014,221000,petrol,1,grey,hatchback,manual,2014,12,hyundai_eon
noida,renault,kiger,rxt turbo cvt,38948,2022,745000,petrol,1,brown,suv,automatic,2022,4,renault_kiger
noida,hyundai,creta,1.6 sx plus petrol,113215,2016,595000,petrol,1,red,suv,manual,2016,10,hyundai_creta
noida,tata,tiago,xza plus dual tone,37324,2020,499000,petrol,2,blue,hatchback,automatic,2020,6,tata_tiago
noida,honda,amaze,1.2 s i-vtec,59172,2013,296000,petrol,1,maroon,sedan,manual,2014,13,honda_amaze
noida,maruti suzuki,baleno,alpha mt,45299,2022,729000,petrol,1,grey,hatchback,manual,2022,4,maruti suzuki_baleno
noida,maruti suzuki,s-cross,zeta,31363,2021,808000,petrol,1,grey,suv,manual,2021,5,maruti suzuki_s-cross
noida,maruti suzuki,vitara brezza,zxi plus at dual tone,38718,2020,819000,petrol,2,red,suv,automatic,2020,6,maruti suzuki_vitara brezza
noida,honda,amaze,1.2 s i-vtec opt,63436,2018,458000,petrol,1,white,sedan,manual,2018,8,honda_amaze
noida,mahindra,thar,lx hard top petrol at 4wd,43325,2021,1252205,petrol,1,grey,suv,automatic,2021,5,mahindra_thar
noida,maruti suzuki,swift,lxi (o),24286,2016,387000,petrol,1,white,hatchback,manual,2016,10,maruti suzuki_swift
noida,mahindra,xuv500,w9 at,86899,2020,1088585,diesel,1,black,suv,automatic,2020,6,mahindra_xuv500
noida,maruti suzuki,s-presso,vxi plus,55386,2020,364000,petrol,1,white,hatchback,manual,2020,6,maruti suzuki_s-presso
noida,kia,seltos,htx ivt g,102562,2019,977000,petrol,1,grey,suv,automatic,2019,7,kia_seltos
noida,tata,punch,creative amt dual tone,26105,2023,814000,petrol,1,grey,suv,automatic,2023,3,tata_punch
noida,tata,tigor,revotron xz+ cng,84773,2022,596000,petrol+cng,1,white,sedan,manual,2022,4,tata_tigor
noida,maruti suzuki,ciaz,zxi+ at,87237,2016,545000,petrol,1,grey,sedan,automatic,2016,10,maruti suzuki_ciaz
noida,maruti suzuki,ignis,delta 1.2 amt,6268,2023,609000,petrol,1,white,hatchback,automatic,2023,3,maruti suzuki_ignis
noida,honda,city,vx cvt petrol,55015,2022,1085608,petrol,1,grey,sedan,automatic,2022,4,honda_city
noida,renault,kwid,rxl,60718,2020,315000,petrol,1,red,hatchback,manual,2020,6,renault_kwid
noida,honda,city,v,58892,2014,422000,petrol,2,silver,sedan,manual,2014,12,honda_city
noida,maruti suzuki,baleno,rs 1.0,44312,2017,517000,petrol,1,blue,hatchback,manual,2017,9,maruti suzuki_baleno
noida,hyundai,elite i20,sportz 1.2,74094,2017,479000,petrol,1,red,hatchback,manual,2017,9,hyundai_elite i20
noida,mahindra,thar,lx hard top petrol at 4wd,74639,2021,1168375,petrol,1,grey,suv,automatic,2021,5,mahindra_thar
noida,hyundai,verna,fluidic 1.6 vtvt ex,96979,2013,297000,petrol,1,beige,sedan,manual,2013,13,hyundai_verna
noida,hyundai,eon,d-lite +,31613,2015,225000,petrol,1,silver,hatchback,manual,2015,11,hyundai_eon
noida,maruti suzuki,baleno,zeta ags,25961,2023,763000,petrol,1,silver,hatchback,automatic,2023,3,maruti suzuki_baleno
noida,volkswagen,vento,highline plus 1.0l tsi petrol at,97117,2020,744000,petrol,1,silver,sedan,automatic,2020,6,volkswagen_vento
noida,maruti suzuki,swift,vxi,28267,2014,298000,petrol,2,grey,hatchback,manual,2014,12,maruti suzuki_swift
noida,hyundai,elite i20,sportz 1.2 (o),81926,2015,423000,petrol,1,silver,hatchback,manual,2015,11,hyundai_elite i20
noida,tata,punch,accomplished mt,79603,2021,556000,petrol,1,white,suv,manual,2021,5,tata_punch
noida,hyundai,grand i10,asta 1.2 kappa vtvt,33056,2015,399000,petrol,1,white,hatchback,manual,2015,11,hyundai_grand i10
noida,honda,city,vx (o) mt,66443,2015,540000,petrol,1,grey,sedan,manual,2015,11,honda_city
noida,ford,ecosport,titanium 1.5l ti-vct,54517,2017,553000,petrol,1,silver,suv,manual,2017,9,ford_ecosport
noida,honda,wr-v,vx mt petrol,32736,2018,646000,petrol,1,white,suv,manual,2018,8,honda_wr-v
noida,tata,altroz,xza+,20224,2022,798000,petrol,1,white,hatchback,automatic,2022,4,tata_altroz
noida,honda,wr-v,vx mt petrol,31297,2018,639000,petrol,1,orange,suv,manual,2018,8,honda_wr-v
noida,hyundai,venue,sx 1.0  turbo,27035,2021,821000,petrol,1,white,suv,manual,2021,5,hyundai_venue
noida,ford,ecosport,trend 1.5l ti-vct,63562,2016,469000,petrol,1,silver,suv,manual,2016,10,ford_ecosport
noida,honda,city,zx cvt,59721,2017,789000,petrol,1,brown,sedan,automatic,2017,9,honda_city
noida,hyundai,elite i20,magna executive 1.2,48116,2017,457000,petrol,1,white,hatchback,manual,2017,9,hyundai_elite i20
noida,maruti suzuki,baleno,sigma,18023,2021,527000,petrol,1,grey,hatchback,manual,2021,5,maruti suzuki_baleno
noida,honda,city,vx,48355,2016,586000,petrol,1,white,sedan,manual,2016,10,honda_city
noida,renault,kiger,rxz turbo cvt,23471,2022,767000,petrol,2,maroon,suv,automatic,2022,4,renault_kiger
noida,tata,tigor,revotron xz+ cng,52369,2022,649000,petrol+cng,1,red,sedan,manual,2022,4,tata_tigor
noida,hyundai,verna,sx (o)1.6 vtvt,34303,2019,899000,petrol,1,white,sedan,manual,2019,7,hyundai_verna
noida,maruti suzuki,ciaz,zxi  at,42994,2015,450000,petrol,3,white,sedan,automatic,2015,11,maruti suzuki_ciaz
noida,hyundai,elite i20,asta 1.2,119647,2018,519000,petrol,1,silver,hatchback,manual,2018,8,hyundai_elite i20
noida,maruti suzuki,ciaz,zxi+,59900,2016,516000,petrol,1,brown,sedan,manual,2016,10,maruti suzuki_ciaz
noida,maruti suzuki,wagon r 1.0,lxi cng,54464,2013,265000,petrol+cng,1,grey,hatchback,manual,2013,13,maruti suzuki_wagon r 1.0
noida,maruti suzuki,dzire,vxi,34586,2018,505000,petrol,1,silver,sedan,manual,2018,8,maruti suzuki_dzire
noida,tata,nexon,xz petrol,45086,2019,613000,petrol,1,silver,suv,manual,2019,7,tata_nexon
noida,maruti suzuki,alto k10,vxi,60253,2018,308000,petrol,1,silver,hatchback,manual,2018,8,maruti suzuki_alto k10
noida,hyundai,new santro 1.1,sportz executive cng,71421,2022,504000,petrol+cng,1,grey,hatchback,manual,2022,4,hyundai_new santro 1.1
noida,hyundai,venue,sx 1.0 turbo imt,25577,2021,751000,petrol,2,white,suv,manual,2021,5,hyundai_venue
noida,maruti suzuki,swift dzire,vxi,48745,2015,397000,petrol,1,grey,sedan,manual,2015,11,maruti suzuki_swift dzire
noida,maruti suzuki,baleno,sigma mt,5397,2024,672000,petrol,1,blue,hatchback,manual,2024,2,maruti suzuki_baleno
noida,honda,amaze,1.2 v mt petrol,58245,2020,588000,petrol,1,silver,sedan,manual,2020,6,honda_amaze
noida,hyundai,creta,sx opt turbo dct petrol,49767,2023,1579000,petrol,1,white,suv,automatic,2023,3,hyundai_creta
noida,maruti suzuki,wagon r 1.0,lxi cng,50658,2013,249000,petrol+cng,1,red,hatchback,manual,2013,13,maruti suzuki_wagon r 1.0
noida,hyundai,creta,1.6 sx plus petrol,92880,2018,735000,petrol,1,white,suv,manual,2018,8,hyundai_creta
noida,renault,kwid,rxl,73425,2020,306000,petrol,1,red,hatchback,manual,2020,6,renault_kwid
noida,hyundai,alcazar,signature (o) 6 str 1.5 diesel at,67024,2022,1536113,diesel,1,white,suv,automatic,2022,4,hyundai_alcazar
noida,maruti suzuki,wagon r 1.0,lxi cng,77263,2013,240000,petrol+cng,1,silver,hatchback,manual,2013,13,maruti suzuki_wagon r 1.0
noida,hyundai,venue,sx 1.2 petrol,52956,2022,838000,petrol,1,red,suv,manual,2022,4,hyundai_venue
noida,maruti suzuki,baleno,alpha 1.2,21944,2018,587000,petrol,1,blue,hatchback,manual,2018,8,maruti suzuki_baleno
noida,maruti suzuki,swift,zxi plus,49366,2022,656000,petrol,1,silver,hatchback,manual,2022,4,maruti suzuki_swift
noida,honda,city,v,35716,2016,540000,petrol,1,bronze,sedan,manual,2016,10,honda_city
noida,kia,sonet,htx plus 1.0 imt,50122,2021,903000,petrol,1,grey,suv,manual,2021,5,kia_sonet
noida,ford,ecosport,titanium 1.5l ti-vct at,39591,2016,521000,petrol,2,white,suv,automatic,2016,10,ford_ecosport
noida,maruti suzuki,new ertiga,zxi at,93757,2019,791000,petrol,1,red,muv,automatic,2019,7,maruti suzuki_new ertiga
noida,maruti suzuki,celerio,zxi,26780,2024,566000,petrol,1,grey,hatchback,manual,2024,2,maruti suzuki_celerio
noida,maruti suzuki,s-cross,zeta at,83063,2020,730000,petrol,1,grey,suv,automatic,2020,6,maruti suzuki_s-cross
noida,tata,nexon,xza plus amt petrol,30298,2019,744000,petrol,1,red,suv,automatic,2019,7,tata_nexon
noida,hyundai,venue,sx 1.0  turbo imt,30724,2021,811000,petrol,1,white,suv,manual,2021,5,hyundai_venue
noida,volkswagen,ameo,1.0 trendline petrol,63236,2019,415000,petrol,1,white,sedan,manual,2019,7,volkswagen_ameo
noida,volkswagen,polo,comfortline 1.2l (p),90709,2016,393000,petrol,1,white,hatchback,manual,2016,10,volkswagen_polo
noida,mahindra,thar,lx hard top petrol at 4wd,87378,2022,1193625,petrol,1,black,suv,automatic,2022,4,mahindra_thar
noida,toyota,urban cruiser hyryder,v hybrid,34484,2023,1741000,hybrid,1,blue,suv,automatic,2023,3,toyota_urban cruiser hyryder
noida,mahindra,thar,lx hard top petrol at 4wd,17386,2023,1447135,petrol,1,grey,suv,automatic,2023,3,mahindra_thar
noida,honda,amaze,vx cvt 1.2 petrol,31381,2022,775000,petrol,1,brown,sedan,automatic,2022,4,honda_amaze
noida,maruti suzuki,fronx,alpha 1.0l turbo mt,23669,2023,1049000,petrol,1,white,suv,manual,2023,3,maruti suzuki_fronx
noida,hyundai,creta,1.6 sx plus auto petrol,57914,2016,737000,petrol,1,blue,suv,automatic,2016,10,hyundai_creta
noida,volkswagen,polo,highline1.2l (p),96976,2013,289000,petrol,1,white,hatchback,manual,2013,13,volkswagen_polo
noida,tata,tiago,revotron xz plus cng,40858,2022,624000,petrol+cng,1,white,hatchback,manual,2022,4,tata_tiago
noida,hyundai,venue,s+ 1.2,24701,2022,797000,petrol,1,blue,suv,manual,2022,4,hyundai_venue
noida,maruti suzuki,wagon r 1.0,lxi cng (outside fitted),72340,2016,289000,cng,1,grey,hatchback,manual,2016,10,maruti suzuki_wagon r 1.0
noida,renault,kiger,rxz turbo cvt,47435,2022,775000,petrol,1,violet,suv,automatic,2022,4,renault_kiger
noida,maruti suzuki,wagon r 1.0,lxi (o) cng,44365,2021,502000,petrol+cng,1,grey,hatchback,manual,2021,5,maruti suzuki_wagon r 1.0
noida,maruti suzuki,alto k10,vxi,65440,2016,256000,petrol,2,maroon,hatchback,manual,2016,10,maruti suzuki_alto k10
noida,hyundai,elite i20,asta 1.2,48560,2015,443000,petrol,1,red,hatchback,manual,2015,11,hyundai_elite i20
noida,hyundai,verna,sx (o) 1.5 crdi,122106,2021,978000,diesel,1,black,sedan,manual,2021,5,hyundai_verna
noida,mahindra,thar,lx hard top petrol at 4wd,45789,2022,1284525,petrol,1,black,suv,automatic,2022,4,mahindra_thar
noida,hyundai,verna,sx opt ivt petrol,79240,2022,1142213,petrol,1,black,sedan,automatic,2022,4,hyundai_verna
noida,tata,nexon,xza plus diesel,33494,2022,883000,diesel,1,white,suv,automatic,2022,4,tata_nexon
noida,tata,nexon,xz plus (o),88659,2021,756000,petrol,1,grey,suv,manual,2021,5,tata_nexon
noida,maruti suzuki,baleno,alpha 1.2,79727,2016,455000,petrol,1,silver,hatchback,manual,2016,10,maruti suzuki_baleno
noida,toyota,innova crysta,gx 2.4 at 7 str,51277,2022,1947183,diesel,1,silver,muv,automatic,2022,4,toyota_innova crysta
noida,tata,tiago,xz plus dual tone roof,50023,2019,447000,petrol,2,red,hatchback,manual,2019,7,tata_tiago
noida,hyundai,grand i10 nios,sportz 1.2 kappa vtvt,119512,2022,506000,petrol,1,blue,hatchback,manual,2022,4,hyundai_grand i10 nios
noida,maruti suzuki,xl6,alpha plus at petrol,8587,2023,1349000,petrol,1,white,muv,automatic,2023,3,maruti suzuki_xl6
noida,maruti suzuki,ertiga,vxi,79603,2016,561000,petrol,1,grey,muv,manual,2016,10,maruti suzuki_ertiga
noida,toyota,corolla altis,vl cvt petrol,58000,2018,1094000,petrol,1,silver,sedan,automatic,2018,8,toyota_corolla altis
noida,kia,seltos,htx ivt g,73037,2019,1087000,petrol,1,grey,suv,automatic,2019,7,kia_seltos
noida,maruti suzuki,swift,vxi,31672,2014,320000,petrol,1,red,hatchback,manual,2014,12,maruti suzuki_swift
noida,tata,nexon,xza plus amt petrol,71813,2019,659000,petrol,1,orange,suv,automatic,2020,7,tata_nexon
noida,tata,altroz,xz plus 1.5,24060,2023,838000,diesel,1,grey,hatchback,manual,2023,3,tata_altroz
noida,maruti suzuki,baleno,zeta,31350,2019,570000,petrol,1,blue,hatchback,manual,2019,7,maruti suzuki_baleno
noida,maruti suzuki,dzire,vxi,39613,2018,499000,petrol,1,white,sedan,manual,2018,8,maruti suzuki_dzire
noida,hyundai,creta,sx (o) at diesel,43633,2022,1557278,diesel,1,white,suv,automatic,2022,4,hyundai_creta
noida,hyundai,verna,sx 1.6 vtvt,96096,2018,683000,petrol,1,black,sedan,manual,2018,8,hyundai_verna
noida,honda,city,sv petrol,44003,2019,721000,petrol,1,silver,sedan,manual,2019,7,honda_city
noida,honda,jazz,s mt,79848,2017,382000,petrol,1,white,hatchback,manual,2017,9,honda_jazz
noida,hyundai,venue,sx 1.0  turbo imt,84672,2022,773000,petrol,1,blue,suv,manual,2022,4,hyundai_venue
noida,hyundai,new santro 1.1,asta mt,38664,2018,422000,petrol,1,golden,hatchback,manual,2018,8,hyundai_new santro 1.1
noida,tata,tiago,revotron xz plus,89349,2021,495000,petrol,1,grey,hatchback,manual,2021,5,tata_tiago
noida,tata,tigor,revotron xz cng,64155,2022,557000,petrol+cng,1,white,sedan,manual,2022,4,tata_tigor
noida,honda,city,zx cvt petrol,41736,2022,1253268,petrol,1,brown,sedan,automatic,2022,4,honda_city
noida,maruti suzuki,eeco,5 str ac (o),23912,2022,492000,petrol,1,white,muv,manual,2022,4,maruti suzuki_eeco
noida,toyota,innova crysta,2.4 gx 7 str,6208,2024,2025000,diesel,1,silver,muv,manual,2024,2,toyota_innova crysta
noida,ford,ecosport,titanium 1.5 ti-vct at,112298,2014,395000,petrol,2,white,suv,automatic,2014,12,ford_ecosport
noida,ford,ecosport,titanium 1.5 ti-vct at,72184,2014,397000,petrol,2,silver,suv,automatic,2014,12,ford_ecosport
noida,hyundai,verna,1.6 vtvt sx opt cng (outside fitted),44604,2011,270000,cng,2,purple,sedan,manual,2011,15,hyundai_verna
noida,hyundai,verna,sx 1.6 vtvt,75190,2017,676000,petrol,1,white,sedan,manual,2018,9,hyundai_verna
noida,maruti suzuki,ciaz,zeta 1.4 at,67620,2017,607000,petrol,1,grey,sedan,automatic,2017,9,maruti suzuki_ciaz
noida,hyundai,grand i10,sportz 1.2 kappa vtvt,18737,2019,508000,petrol,1,grey,hatchback,manual,2019,7,hyundai_grand i10
noida,tata,tiago,revotron xz plus,44307,2019,488000,petrol,1,grey,hatchback,manual,2019,7,tata_tiago
noida,maruti suzuki,dzire,vxi,90631,2018,465000,petrol,1,white,sedan,manual,2018,8,maruti suzuki_dzire
noida,hyundai,creta,sx diesel,65730,2022,1245000,diesel,1,black,suv,manual,2022,4,hyundai_creta
noida,skoda,slavia,ambition 1.0l tsi mt,26125,2022,1043000,petrol,1,white,sedan,manual,2022,4,skoda_slavia
noida,maruti suzuki,eeco,5 str ac (o) cng,43090,2022,519000,petrol+cng,1,white,muv,manual,2022,4,maruti suzuki_eeco
noida,maruti suzuki,new ertiga,zxi plus,62081,2019,775000,petrol,1,red,muv,manual,2019,7,maruti suzuki_new ertiga
noida,tata,nexon,xm (s),26968,2022,740000,petrol,1,grey,suv,manual,2022,4,tata_nexon
noida,maruti suzuki,ciaz,zxi+,63014,2016,513000,petrol,1,silver,sedan,manual,2016,10,maruti suzuki_ciaz
noida,hyundai,elite i20,asta 1.2,41624,2018,552000,petrol,1,white,hatchback,manual,2018,8,hyundai_elite i20
noida,honda,city,vx,45056,2019,825000,petrol,1,silver,sedan,manual,2019,7,honda_city
noida,maruti suzuki,swift dzire,vxi,100767,2012,220000,petrol,1,silver,sedan,manual,2012,14,maruti suzuki_swift dzire
noida,hyundai,fluidic verna 4s,1.6 vtvt sx opt,57275,2015,515000,petrol,1,white,sedan,manual,2015,11,hyundai_fluidic verna 4s
noida,hyundai,new i20,asta 1.0 turbo imt,39129,2021,751000,petrol,1,white,hatchback,manual,2021,5,hyundai_new i20
noida,hyundai,verna,sx 1.6 vtvt,63102,2019,783000,petrol,1,silver,sedan,manual,2019,7,hyundai_verna
noida,hyundai,elite i20,asta 1.2 (o) cvt,36867,2019,599000,petrol,2,grey,hatchback,automatic,2019,7,hyundai_elite i20
noida,tata,tiago nrg,petrol,98054,2018,379000,petrol,1,grey,hatchback,manual,2018,8,tata_tiago nrg
noida,mahindra,scorpio n,z8 l 4wd diesel 7 str,32303,2023,2081513,diesel,1,green,suv,manual,2023,3,mahindra_scorpio n
noida,mahindra,scorpio,s5,67097,2021,1070405,diesel,1,white,suv,manual,2021,5,mahindra_scorpio
noida,mahindra,scorpio,s5 2wd 7 str,50376,2020,1049195,diesel,1,white,suv,manual,2020,6,mahindra_scorpio
noida,honda,jazz,v at petrol,33935,2016,475000,petrol,1,white,hatchback,automatic,2016,10,honda_jazz
noida,toyota,corolla altis,vl at petrol,12615,2016,795000,petrol,1,white,sedan,automatic,2016,10,toyota_corolla altis
noida,maruti suzuki,vitara brezza,lxi,35187,2020,576000,petrol,1,grey,suv,manual,2020,6,maruti suzuki_vitara brezza
noida,hyundai,eon,magna +,44761,2016,250000,petrol,2,grey,hatchback,manual,2016,10,hyundai_eon
noida,hyundai,grand i10 nios,sportz 1.2 kappa vtvt,36592,2020,512000,petrol,1,blue,hatchback,manual,2020,6,hyundai_grand i10 nios
noida,honda,city,zx petrol,31824,2022,1160348,petrol,1,white,sedan,manual,2022,4,honda_city
noida,renault,kwid,1.0 rxt amt,16495,2018,308000,petrol,2,bronze,hatchback,automatic,2018,8,renault_kwid
noida,honda,jazz,v at petrol,93087,2015,334000,petrol,3,maroon,hatchback,automatic,2015,11,honda_jazz
noida,maruti suzuki,brezza,vxi,34999,2023,840000,petrol,1,grey,suv,manual,2023,3,maruti suzuki_brezza
noida,tata,tiago,revotron xz,55282,2016,349000,petrol,1,white,hatchback,manual,2016,10,tata_tiago
noida,renault,triber,rxz,4623,2024,742000,petrol,1,black,muv,manual,2024,2,renault_triber
noida,hyundai,creta,1.6l sx vtvt,100757,2019,809000,petrol,1,black,suv,manual,2019,7,hyundai_creta
noida,hyundai,elite i20,sportz 1.2,44574,2016,441000,petrol,2,silver,hatchback,manual,2017,10,hyundai_elite i20
noida,mg motors,hector plus,sharp 1.5 petrol turbo cvt 6-str,25945,2022,1352293,petrol,2,black,suv,automatic,2023,4,mg motors_hector plus
noida,honda,jazz,v at petrol,77420,2015,420000,petrol,1,orange,hatchback,automatic,2015,11,honda_jazz
noida,hyundai,grand i10,sportz (o) 1.2 kappa vtvt,61947,2017,392000,petrol,2,white,hatchback,manual,2017,9,hyundai_grand i10
noida,hyundai,grand i10,sportz 1.2 kappa vtvt,38142,2015,365000,petrol,1,grey,hatchback,manual,2015,11,hyundai_grand i10
noida,skoda,rapid new,style petrol,22833,2017,579000,petrol,1,white,sedan,manual,2017,9,skoda_rapid new
noida,honda,city,1.5 s mt,72670,2013,305000,petrol,2,white,sedan,manual,2013,13,honda_city
noida,maruti suzuki,alto 800,lxi,20665,2014,221000,petrol,1,white,hatchback,manual,2014,12,maruti suzuki_alto 800
noida,hyundai,alcazar,platinum 7 str 2.0 petrol,11832,2022,1494605,petrol,1,white,suv,manual,2022,4,hyundai_alcazar
noida,maruti suzuki,wagon r,vxi 1.0,13244,2022,486000,petrol,1,maroon,hatchback,manual,2022,4,maruti suzuki_wagon r
noida,hyundai,verna,sx 1.6 vtvt,41808,2019,716000,petrol,2,silver,sedan,manual,2019,7,hyundai_verna
noida,maruti suzuki,baleno,alpha 1.2,77959,2018,503000,petrol,1,blue,hatchback,manual,2018,8,maruti suzuki_baleno
noida,maruti suzuki,celerio,zxi,20639,2017,346000,petrol,2,silver,hatchback,manual,2017,9,maruti suzuki_celerio
noida,kia,seltos,gtx plus,28072,2019,1232103,petrol,1,grey,suv,manual,2019,7,kia_seltos
noida,honda,city,zx cvt,97530,2017,740000,petrol,1,white,sedan,automatic,2017,9,honda_city
noida,honda,amaze,s mt 1.2 petrol,11201,2023,675000,petrol,1,brown,sedan,manual,2023,3,honda_amaze
noida,maruti suzuki,ciaz,sigma 1.5,17563,2023,759000,petrol,1,blue,sedan,manual,2023,3,maruti suzuki_ciaz
noida,maruti suzuki,wagon r,lxi (o) 1.0 cng,78636,2021,441000,cng,1,grey,hatchback,manual,2021,5,maruti suzuki_wagon r
noida,tata,tiago nrg,petrol+cng(outside fitted),53434,2019,419000,cng,2,grey,hatchback,manual,2020,7,tata_tiago nrg
noida,kia,sonet,htx 1.0 imt,55921,2021,836000,petrol,1,grey,suv,manual,2021,5,kia_sonet
noida,renault,kwid,climber 1.0 amt,17146,2018,295000,petrol,3,grey,hatchback,automatic,2018,8,renault_kwid
noida,maruti suzuki,swift,vxi,42446,2018,474000,petrol,1,blue,hatchback,manual,2018,8,maruti suzuki_swift
noida,renault,kwid,rxt 1.0 sce edition,68016,2017,243000,petrol,2,red,hatchback,manual,2017,9,renault_kwid
noida,tata,altroz,xe petrol,12000,2022,527000,petrol,1,red,hatchback,manual,2022,4,tata_altroz
noida,skoda,rapid,ambition at,19246,2021,862000,petrol,1,white,sedan,automatic,2021,5,skoda_rapid
noida,honda,mobilio,v petrol,40784,2014,399000,petrol,1,white,muv,manual,2014,12,honda_mobilio
noida,maruti suzuki,wagon r 1.2,vxi (o) 1.2,16517,2019,448000,petrol,1,silver,hatchback,manual,2019,7,maruti suzuki_wagon r 1.2
noida,toyota,corolla altis,g petrol,67458,2016,610000,petrol,2,white,sedan,manual,2016,10,toyota_corolla altis
noida,maruti suzuki,alto k10,vxi cng (outside fitted),57211,2015,268000,cng,1,silver,hatchback,manual,2015,11,maruti suzuki_alto k10
noida,renault,triber,rxz,40262,2019,499000,petrol,1,orange,muv,manual,2020,7,renault_triber
noida,maruti suzuki,baleno,alpha ags,12680,2023,839000,petrol,1,grey,hatchback,automatic,2023,3,maruti suzuki_baleno
noida,hyundai,grand i10,sportz (o) at 1.2 kappa vtvt,62751,2017,435000,petrol,2,red,hatchback,automatic,2018,9,hyundai_grand i10
noida,hyundai,grand i10,asta at 1.2 kappa vtvt,27324,2015,381000,petrol,2,silver,hatchback,automatic,2015,11,hyundai_grand i10
noida,maruti suzuki,alto 800,lxi,63618,2017,256000,petrol,1,white,hatchback,manual,2017,9,maruti suzuki_alto 800
noida,tata,tiago nrg,xz amt,31814,2021,580000,petrol,1,grey,hatchback,automatic,2022,5,tata_tiago nrg
noida,mahindra,xuv700,ax 7 petrol at 7 str,7065,2024,2158273,petrol,1,red,suv,automatic,2024,2,mahindra_xuv700
noida,ford,ecosport,titanium + 1.5l ti-vct at,12875,2019,784000,petrol,1,grey,suv,automatic,2019,7,ford_ecosport
noida,maruti suzuki,swift,lxi,13638,2024,593000,petrol,1,white,hatchback,manual,2024,2,maruti suzuki_swift
noida,tata,nexon,xza plus diesel dark edition,70794,2021,761000,diesel,1,black,suv,automatic,2021,5,tata_nexon
noida,hyundai,alcazar,signature (o) 6 str 1.5 diesel at,46698,2022,1589643,diesel,1,brown,suv,automatic,2022,4,hyundai_alcazar
noida,honda,city,1.5 s mt,35025,2012,297000,petrol,1,brown,sedan,manual,2012,14,honda_city
noida,hyundai,elite i20,asta 1.2,83220,2015,436000,petrol,1,blue,hatchback,manual,2015,11,hyundai_elite i20
noida,maruti suzuki,xl6,zeta at petrol,35552,2020,905000,petrol,1,grey,muv,automatic,2020,6,maruti suzuki_xl6
noida,tata,tiago,xt,5184,2024,571000,petrol,1,white,hatchback,manual,2024,2,tata_tiago
noida,maruti suzuki,swift dzire,vxi,77836,2016,354000,petrol,2,white,sedan,manual,2016,10,maruti suzuki_swift dzire
noida,maruti suzuki,wagon r 1.0,vxi,27758,2016,322000,petrol,1,white,hatchback,manual,2016,10,maruti suzuki_wagon r 1.0
noida,hyundai,elite i20,sportz 1.2,55180,2017,455000,petrol,2,grey,hatchback,manual,2017,9,hyundai_elite i20
noida,maruti suzuki,baleno,delta automatic,13322,2019,579000,petrol,1,blue,hatchback,automatic,2019,7,maruti suzuki_baleno
noida,maruti suzuki,celerio,zxi plus,40453,2022,526000,petrol,1,white,hatchback,manual,2022,4,maruti suzuki_celerio
noida,maruti suzuki,wagon r 1.0,lxi cng (outside fitted),68466,2016,280000,cng,1,grey,hatchback,manual,2016,10,maruti suzuki_wagon r 1.0
noida,hyundai,creta,ex petrol,44005,2022,953000,petrol,1,white,suv,manual,2022,4,hyundai_creta
noida,renault,kwid,climber 1.0,46689,2017,282000,petrol,1,blue,hatchback,manual,2017,9,renault_kwid
noida,maruti suzuki,alto 800,lxi,55873,2019,295000,petrol,1,white,hatchback,manual,2019,7,maruti suzuki_alto 800
noida,hyundai,elite i20,asta 1.2,111044,2017,456000,petrol,1,red,hatchback,manual,2017,9,hyundai_elite i20
noida,honda,city,zx cvt,90800,2017,703000,petrol,1,white,sedan,automatic,2017,9,honda_city
noida,maruti suzuki,baleno,sigma mt,15839,2024,651000,petrol,1,white,hatchback,manual,2024,2,maruti suzuki_baleno
noida,maruti suzuki,ciaz,alpha hybrid 1.5 at,28430,2018,739000,petrol,1,grey,sedan,automatic,2018,8,maruti suzuki_ciaz
noida,mahindra,xuv 3xo,ax5l 1.2 petrol at,10868,2024,1292658,petrol,1,red,suv,automatic,2024,2,mahindra_xuv 3xo
noida,renault,kiger,rxz turbo cvt dual tone,21466,2022,835000,petrol,1,silver,suv,automatic,2024,4,renault_kiger
noida,maruti suzuki,alto k10,vxi,15005,2017,318000,petrol,1,grey,hatchback,manual,2018,9,maruti suzuki_alto k10
noida,mahindra,xuv 300,w6 1.2 petrol,25705,2022,773000,petrol,1,white,suv,manual,2022,4,mahindra_xuv 300
noida,maruti suzuki,wagon r 1.0,lxi 1.0,17284,2019,410000,petrol,1,silver,hatchback,manual,2019,7,maruti suzuki_wagon r 1.0
noida,maruti suzuki,alto k10,vxi plus,26354,2023,439000,petrol,1,silver,hatchback,manual,2023,3,maruti suzuki_alto k10
noida,maruti suzuki,fronx,zeta 1.0l turbo mt,30285,2023,875000,petrol,1,blue,suv,manual,2023,3,maruti suzuki_fronx
noida,maruti suzuki,dzire,zxi,87101,2018,502000,petrol,1,blue,sedan,manual,2018,8,maruti suzuki_dzire
noida,hyundai,new i20,sportz 1.0 turbo dct,41819,2022,798000,petrol,1,white,hatchback,automatic,2022,4,hyundai_new i20
noida,tata,punch,adventure rhythm pack amt,60865,2021,577000,petrol,1,grey,suv,automatic,2022,5,tata_punch
noida,maruti suzuki,ciaz,vxi+,51167,2015,461000,petrol,1,brown,sedan,manual,2015,11,maruti suzuki_ciaz
noida,maruti suzuki,alto k10,lxi,28527,2017,285000,petrol,1,white,hatchback,manual,2017,9,maruti suzuki_alto k10
noida,maruti suzuki,celerio,zxi (o) amt,9743,2020,498000,petrol,1,white,hatchback,automatic,2020,6,maruti suzuki_celerio
noida,hyundai,grand i10,magna 1.2 kappa vtvt,16650,2017,417000,petrol,1,grey,hatchback,manual,2017,9,hyundai_grand i10
noida,hyundai,creta,s diesel,104834,2020,909000,diesel,1,white,suv,manual,2021,6,hyundai_creta
noida,maruti suzuki,s-presso,vxi s-cng,39956,2022,472000,cng,1,white,hatchback,manual,2023,4,maruti suzuki_s-presso
noida,maruti suzuki,baleno,sigma mt,24073,2024,637000,petrol,1,white,hatchback,manual,2024,2,maruti suzuki_baleno
noida,maruti suzuki,swift,vxi amt,53426,2018,505000,petrol,1,white,hatchback,automatic,2018,8,maruti suzuki_swift
noida,hyundai,verna,sx (o) 1.0 turbo dct,46247,2022,1231064,petrol,1,black,sedan,automatic,2022,4,hyundai_verna
noida,hyundai,venue,sx plus 1.0 turbo dct,33106,2019,836000,petrol,1,white,suv,automatic,2019,7,hyundai_venue
noida,renault,kiger,rxz mt,20060,2024,739000,petrol,1,black,suv,manual,2024,2,renault_kiger
noida,maruti suzuki,celerio,vxi cng,50993,2014,337000,cng,1,grey,hatchback,manual,2015,12,maruti suzuki_celerio
noida,maruti suzuki,wagon r 1.2,zxi 1.2,74076,2021,459000,petrol,1,silver,hatchback,manual,2022,5,maruti suzuki_wagon r 1.2
noida,maruti suzuki,dzire,vxi ags,24203,2022,659000,petrol,1,white,sedan,automatic,2022,4,maruti suzuki_dzire
noida,maruti suzuki,grand vitara,alpha plus intelligent hybrid ecvt,8455,2024,1776493,hybrid,1,grey,suv,automatic,2024,2,maruti suzuki_grand vitara
noida,hyundai,creta,ex diesel,41780,2021,1044243,diesel,1,white,suv,manual,2021,5,hyundai_creta
noida,hyundai,grand i10 nios,magna 1.2 kappa vtvt,37786,2021,485000,petrol,1,blue,hatchback,manual,2021,5,hyundai_grand i10 nios
noida,maruti suzuki,wagon r 1.2,vxi (o) 1.2,29197,2022,533000,petrol,1,silver,hatchback,manual,2022,4,maruti suzuki_wagon r 1.2
noida,tata,harrier,xza plus dark edition at,86820,2021,1306000,diesel,1,black,suv,automatic,2021,5,tata_harrier
noida,honda,city,vx cvt petrol,47949,2020,984000,petrol,1,grey,sedan,automatic,2020,6,honda_city
noida,hyundai,aura,sx 1.2 cng,35874,2023,746000,cng,1,blue,sedan,manual,2023,3,hyundai_aura
noida,hyundai,elite i20,sportz 1.2,55028,2016,451000,petrol,1,red,hatchback,manual,2016,10,hyundai_elite i20
gurgaon,maruti suzuki,ciaz,alpha 1.5 at,50870,2021,781000,petrol,2,blue,sedan,automatic,2021,5,maruti suzuki_ciaz
gurgaon,maruti suzuki,xl6,alpha at petrol,24138,2023,1267453,petrol,1,silver,muv,automatic,2023,3,maruti suzuki_xl6
gurgaon,kia,seltos,gtx plus 1.4,30425,2022,1439153,petrol,1,white,suv,manual,2022,4,kia_seltos
gurgaon,maruti suzuki,ignis,sigma 1.2 mt,37555,2023,482000,petrol,1,grey,hatchback,manual,2023,3,maruti suzuki_ignis
gurgaon,jeep,compass,limited 1.4 petrol at,47358,2018,950000,petrol,2,black,suv,automatic,2018,8,jeep_compass
gurgaon,audi,a3,40 tfsi premium,33576,2015,1211858,petrol,1,blue,sedan,automatic,2015,11,audi_a3
gurgaon,hyundai,grand i10 nios,sportz 1.2 kappa vtvt,31203,2021,505000,petrol,2,white,hatchback,manual,2021,5,hyundai_grand i10 nios
gurgaon,mahindra,xuv 3xo,ax5 1.5 diesel autoshift plus,23109,2024,1253268,diesel,1,black,suv,automatic,2024,2,mahindra_xuv 3xo
gurgaon,hyundai,i20,asta 1.2 ivt,46763,2021,721000,petrol,1,blue,hatchback,automatic,2021,5,hyundai_i20
gurgaon,maruti suzuki,dzire,vxi amt,31215,2018,492000,petrol,2,grey,sedan,automatic,2018,8,maruti suzuki_dzire
gurgaon,skoda,rapid,ambition,35212,2020,695000,petrol,1,brown,sedan,manual,2020,6,skoda_rapid
gurgaon,audi,a6,45 tfsi premium plus,36555,2021,4029758,petrol,1,black,sedan,automatic,2021,5,audi_a6
gurgaon,mahindra,scorpio n,z8 l petrol at 7 str,10923,2023,2042123,petrol,1,golden,suv,automatic,2023,3,mahindra_scorpio n
gurgaon,hyundai,creta,1.6 sx plus auto petrol,64535,2016,725000,petrol,1,white,suv,automatic,2016,10,hyundai_creta
gurgaon,maruti suzuki,grand vitara,alpha plus intelligent hybrid ecvt,73549,2022,1492683,hybrid,1,blue,suv,automatic,2022,4,maruti suzuki_grand vitara
gurgaon,maruti suzuki,celerio,zxi (o) amt,48501,2017,370000,petrol,2,grey,hatchback,automatic,2017,9,maruti suzuki_celerio
gurgaon,skoda,rapid,onyx,69734,2021,675000,petrol,1,blue,sedan,manual,2021,5,skoda_rapid
gurgaon,renault,kwid,1.0 rxt amt opt,32764,2017,325000,petrol,1,grey,hatchback,automatic,2017,9,renault_kwid
gurgaon,jeep,compass,model s (o) 2.0 diesel,56613,2021,1615858,diesel,1,white,suv,manual,2022,5,jeep_compass
gurgaon,audi,q3,technology,21088,2023,4039858,petrol,1,white,suv,automatic,2023,3,audi_q3
gurgaon,maruti suzuki,celerio,zxi amt,77364,2017,379000,petrol,1,grey,hatchback,automatic,2017,9,maruti suzuki_celerio
gurgaon,mercedes-benz,gla,200,53446,2022,3484358,petrol,1,blue,suv,automatic,2022,4,mercedes-benz_gla
gurgaon,honda,city,zx cvt petrol,56001,2018,773000,petrol,2,grey,sedan,automatic,2018,8,honda_city
gurgaon,renault,kiger,rxz turbo cvt,35183,2023,872000,petrol,1,black,suv,automatic,2023,3,renault_kiger
gurgaon,maruti suzuki,xl6,zeta mt petrol,29154,2022,966000,petrol,1,blue,muv,manual,2022,4,maruti suzuki_xl6
gurgaon,kia,seltos,htx plus at d,123881,2020,1097773,diesel,1,silver,suv,automatic,2020,6,kia_seltos
gurgaon,jeep,compass,model s (o) diesel 4x4 at,46666,2021,1681508,diesel,1,black,suv,automatic,2021,5,jeep_compass
gurgaon,mercedes-benz,glc,300 progressive,68560,2018,2928858,petrol,2,blue,wagon,automatic,2018,8,mercedes-benz_glc
gurgaon,audi,a4,premium plus 40 tfsi,2472,2024,4039858,petrol,1,black,sedan,automatic,2024,2,audi_a4
gurgaon,volkswagen,virtus,topline 1.0 tsi mt,37939,2024,1301793,petrol,1,red,sedan,manual,2024,2,volkswagen_virtus
gurgaon,jeep,compass,sport 1.4 petrol,25533,2021,1262358,petrol,1,white,suv,manual,2021,5,jeep_compass
gurgaon,maruti suzuki,swift,lxi (o),42376,2015,354000,petrol,1,grey,hatchback,manual,2015,11,maruti suzuki_swift
gurgaon,hyundai,creta,1.6l sx vtvt,40789,2019,825000,petrol,2,white,suv,manual,2019,7,hyundai_creta
gurgaon,maruti suzuki,celerio,zxi,84740,2014,278000,petrol,1,red,hatchback,manual,2014,12,maruti suzuki_celerio
gurgaon,renault,triber,rxl,29576,2021,493000,petrol,1,silver,muv,manual,2021,5,renault_triber
gurgaon,tata,nexon,xza plus (hs),27821,2022,847000,petrol,2,white,suv,automatic,2022,4,tata_nexon
gurgaon,jeep,compass,model s (o) diesel 4x4 at,52944,2021,1706758,diesel,1,grey,suv,automatic,2021,5,jeep_compass
gurgaon,honda,city,zx petrol,51896,2020,977000,petrol,1,silver,sedan,manual,2020,6,honda_city
gurgaon,mercedes-benz,c-class,c 200 avantgarde,41783,2016,1817858,petrol,2,white,sedan,automatic,2016,10,mercedes-benz_c-class
gurgaon,skoda,kushaq,active 1.0 tsi mt,20279,2022,941000,petrol,1,orange,suv,manual,2022,4,skoda_kushaq
gurgaon,maruti suzuki,wagon r,lxi,69063,2013,208000,petrol,2,red,hatchback,manual,2013,13,maruti suzuki_wagon r
gurgaon,volkswagen,taigun,highline 1.0 tsi at,33738,2022,1166424,petrol,1,white,suv,automatic,2022,4,volkswagen_taigun
gurgaon,hyundai,xcent,e+ cng (outside fitted),46769,2018,411000,cng,1,grey,sedan,manual,2018,8,hyundai_xcent
gurgaon,tata,tiago,revotron xza,46495,2018,374000,petrol,3,bronze,hatchback,automatic,2018,8,tata_tiago
gurgaon,tata,nexon,xma (s) diesel,36951,2022,819000,diesel,1,grey,suv,automatic,2022,4,tata_nexon
gurgaon,kia,sonet,htx 1.0 imt,38441,2021,785000,petrol,2,white,suv,manual,2021,5,kia_sonet
gurgaon,honda,jazz,v petrol,115016,2017,403000,petrol,1,red,hatchback,manual,2018,9,honda_jazz
gurgaon,maruti suzuki,wagon r,vxi 1.0 ags,9799,2023,582000,petrol,1,silver,hatchback,automatic,2023,3,maruti suzuki_wagon r
gurgaon,honda,city,vx cvt,65217,2015,572000,petrol,1,silver,sedan,automatic,2015,11,honda_city
gurgaon,tata,tiago,xt,21606,2023,549000,petrol,1,grey,hatchback,manual,2023,3,tata_tiago
gurgaon,maruti suzuki,dzire,vxi,37016,2017,491000,petrol,1,brown,sedan,manual,2017,9,maruti suzuki_dzire
gurgaon,maruti suzuki,swift,zxi amt,57854,2019,550000,petrol,1,grey,hatchback,automatic,2019,7,maruti suzuki_swift
gurgaon,toyota,glanza,g amt,17615,2024,840000,petrol,1,white,hatchback,automatic,2024,2,toyota_glanza
gurgaon,kia,sonet,gtx plus 1.0 dct,48269,2020,990000,petrol,1,red,suv,automatic,2020,6,kia_sonet
gurgaon,bmw,3 series,gran limousine 330li luxury line,26502,2021,3736858,petrol,2,white,sedan,automatic,2022,5,bmw_3 series
gurgaon,mercedes-benz,e-class,e200 cgi,62827,2015,1666358,petrol,2,black,sedan,automatic,2016,11,mercedes-benz_e-class
gurgaon,toyota,fortuner,2.7 2wd mt petrol,41409,2016,1908758,petrol,2,white,suv,manual,2016,10,toyota_fortuner
gurgaon,toyota,fortuner,2.7 2wd at petrol,81108,2018,2211758,petrol,1,silver,suv,automatic,2018,8,toyota_fortuner
gurgaon,maruti suzuki,xl6,zeta mt petrol,23498,2022,979000,petrol,1,white,muv,manual,2022,4,maruti suzuki_xl6
gurgaon,honda,amaze,vx cvt 1.2 petrol,17246,2023,843000,petrol,1,grey,sedan,automatic,2023,3,honda_amaze
gurgaon,tata,tigor,xz plus cng,15016,2022,733000,cng,1,white,sedan,manual,2022,4,tata_tigor
gurgaon,honda,city,zx cvt petrol,38603,2019,883000,petrol,1,white,sedan,automatic,2019,7,honda_city
gurgaon,hyundai,venue,sx 1.0 turbo,42518,2021,751000,petrol,2,blue,suv,manual,2021,5,hyundai_venue
gurgaon,hyundai,creta,1.6 sx at vtvt,47455,2018,767000,petrol,3,white,suv,automatic,2018,8,hyundai_creta
gurgaon,kia,seltos,htx g,27802,2022,1241193,petrol,1,black,suv,manual,2022,4,kia_seltos
gurgaon,skoda,kushaq,ambition 1.0l tsi at,100305,2022,1095753,petrol,1,white,suv,automatic,2023,4,skoda_kushaq
gurgaon,honda,city,zx petrol,60236,2020,965000,petrol,1,white,sedan,manual,2020,6,honda_city
gurgaon,hyundai,elite i20,magna plus 1.2,24719,2019,555000,petrol,1,white,hatchback,manual,2019,7,hyundai_elite i20
gurgaon,hyundai,grand i10,sportz 1.2 kappa vtvt,63582,2013,300000,petrol,1,maroon,hatchback,manual,2013,13,hyundai_grand i10
gurgaon,tata,altroz,xt petrol,61761,2020,509000,petrol,1,red,hatchback,manual,2020,6,tata_altroz
gurgaon,hyundai,venue,sx (o) 1.0 turbo imt,45075,2022,972000,petrol,1,white,suv,manual,2022,4,hyundai_venue
gurgaon,maruti suzuki,ciaz,zeta 1.5,26507,2022,822000,petrol,1,blue,sedan,manual,2022,4,maruti suzuki_ciaz
gurgaon,hyundai,i10,era 1.1 irde2,26896,2014,256000,petrol,1,white,hatchback,manual,2014,12,hyundai_i10
gurgaon,tata,tiago,xz,57935,2020,444000,petrol,1,grey,hatchback,manual,2020,6,tata_tiago
gurgaon,honda,city,vx cvt,64004,2015,594000,petrol,1,green,sedan,automatic,2015,11,honda_city
gurgaon,tata,tiago,xz plus cng,24064,2022,631000,cng,1,white,hatchback,manual,2022,4,tata_tiago
gurgaon,maruti suzuki,s-cross,alpha at,61424,2022,958000,petrol,1,blue,suv,automatic,2022,4,maruti suzuki_s-cross
gurgaon,maruti suzuki,ignis,zeta 1.2 amt,52723,2020,509000,petrol,1,grey,hatchback,automatic,2020,6,maruti suzuki_ignis
gurgaon,kia,seltos,htx g,55679,2020,1058383,petrol,1,grey,suv,manual,2020,6,kia_seltos
gurgaon,tata,punch,accomplished mt,37533,2022,622000,petrol,1,white,suv,manual,2022,4,tata_punch
gurgaon,honda,amaze,vx cvt 1.2 petrol,34244,2022,761000,petrol,1,grey,sedan,automatic,2022,4,honda_amaze
gurgaon,ford,ecosport,titanium + 1.5l ti-vct at,70160,2018,671000,petrol,1,white,suv,automatic,2018,8,ford_ecosport
gurgaon,ford,ecosport,titanium 1.0 ecoboost,98724,2014,411000,petrol,1,white,suv,manual,2014,12,ford_ecosport
gurgaon,hyundai,grand i10,sportz 1.2 kappa vtvt,24411,2019,494000,petrol,1,grey,hatchback,manual,2019,7,hyundai_grand i10
gurgaon,maruti suzuki,baleno,alpha 1.2 at,36420,2018,561000,petrol,2,silver,hatchback,automatic,2018,8,maruti suzuki_baleno
gurgaon,honda,city,v,76694,2015,441000,petrol,2,silver,sedan,manual,2015,11,honda_city
gurgaon,maruti suzuki,fronx,alpha 1.0l turbo 6 at,7972,2024,1157000,petrol,2,grey,suv,automatic,2024,2,maruti suzuki_fronx
gurgaon,maruti suzuki,vitara brezza,zdi plus  dual tone,64749,2020,731000,diesel,1,red,suv,manual,2020,6,maruti suzuki_vitara brezza
gurgaon,maruti suzuki,swift dzire,vxi,41456,2016,407000,petrol,1,grey,sedan,manual,2016,10,maruti suzuki_swift dzire
gurgaon,tata,nexon,xz petrol,25341,2019,684000,petrol,1,grey,suv,manual,2019,7,tata_nexon
gurgaon,renault,triber,rxl,40851,2020,450000,petrol,1,red,muv,manual,2020,6,renault_triber
gurgaon,tata,punch,adventure amt,5360,2024,726000,petrol,1,white,suv,automatic,2024,2,tata_punch
gurgaon,tata,tiago,xt cng,44111,2022,569000,cng,1,grey,hatchback,manual,2022,4,tata_tiago
gurgaon,maruti suzuki,ciaz,alpha 1.4 at,29828,2017,646000,petrol,2,black,sedan,automatic,2017,9,maruti suzuki_ciaz
gurgaon,maruti suzuki,baleno,alpha 1.2,45884,2017,518000,petrol,1,blue,hatchback,manual,2017,9,maruti suzuki_baleno
gurgaon,kia,sonet,gtx plus 1.0 dct,15148,2021,1137134,petrol,1,black,suv,automatic,2021,5,kia_sonet
gurgaon,hyundai,elite i20,sportz 1.2,62772,2017,451000,petrol,2,red,hatchback,manual,2017,9,hyundai_elite i20
gurgaon,renault,kiger,rxz turbo cvt,40051,2022,809000,petrol,1,black,suv,automatic,2023,4,renault_kiger
gurgaon,renault,kiger,rxz turbo cvt,43374,2021,770000,petrol,1,brown,suv,automatic,2021,5,renault_kiger
gurgaon,maruti suzuki,baleno,sigma mt,17620,2024,636000,petrol,1,grey,hatchback,manual,2024,2,maruti suzuki_baleno
gurgaon,tata,nexon,xza plus (premium) dark edition,61741,2022,877000,petrol,1,black,suv,automatic,2022,4,tata_nexon
gurgaon,tata,nexon,xz plus (o),44290,2021,856000,petrol,1,grey,suv,manual,2021,5,tata_nexon
gurgaon,hyundai,elite i20,asta 1.2,27300,2015,478000,petrol,1,red,hatchback,manual,2015,11,hyundai_elite i20
gurgaon,honda,amaze,vx mt 1.2 petrol,18636,2022,720000,petrol,1,grey,sedan,manual,2022,4,honda_amaze
gurgaon,maruti suzuki,s-cross,alpha at,97067,2021,789000,petrol,2,blue,suv,automatic,2021,5,maruti suzuki_s-cross
gurgaon,maruti suzuki,xl6,zeta mt cng,23850,2024,1166453,cng,1,blue,muv,manual,2024,2,maruti suzuki_xl6
gurgaon,hyundai,venue,sx (o) 1.5 crdi,58211,2023,1106863,diesel,1,white,suv,manual,2023,3,hyundai_venue
gurgaon,hyundai,verna,fluidic 1.6 vtvt sx opt at,56930,2013,425000,petrol,1,red,sedan,automatic,2013,13,hyundai_verna
gurgaon,hyundai,grand i10 nios,sportz 1.2 kappa vtvt cng,12336,2022,670000,cng,1,grey,hatchback,manual,2022,4,hyundai_grand i10 nios
gurgaon,hyundai,creta,1.6 sx plus auto petrol,105064,2016,683000,petrol,2,silver,suv,automatic,2016,10,hyundai_creta
gurgaon,hyundai,venue,sx 1.0 (o) turbo imt,56752,2020,839000,petrol,1,blue,suv,manual,2020,6,hyundai_venue
gurgaon,honda,city,v petrol,31282,2018,626000,petrol,2,red,sedan,manual,2018,8,honda_city
gurgaon,mahindra,thar,lx hard top petrol at 4wd,47106,2021,1113835,petrol,2,black,suv,automatic,2021,5,mahindra_thar
gurgaon,maruti suzuki,s-cross,alpha at,55032,2021,959000,petrol,1,silver,suv,automatic,2021,5,maruti suzuki_s-cross
gurgaon,hyundai,verna,sx (o) 1.5 vtvt ivt,20123,2021,1053288,petrol,2,white,sedan,automatic,2021,5,hyundai_verna
gurgaon,tata,nexon,xz plus (o),50218,2021,834000,petrol,1,white,suv,manual,2021,5,tata_nexon
gurgaon,hyundai,i10,sportz 1.1 irde2,91032,2014,240000,petrol,2,silver,hatchback,manual,2014,12,hyundai_i10
gurgaon,skoda,slavia,ambition 1.0l tsi mt,29767,2022,931000,petrol,2,silver,sedan,manual,2022,4,skoda_slavia
gurgaon,nissan,magnite,xl,16471,2023,611000,petrol,1,black,suv,manual,2023,3,nissan_magnite
gurgaon,tata,tiago,xz+ petrol+cng(outside fitted),33647,2019,491000,cng,1,white,hatchback,manual,2019,7,tata_tiago
gurgaon,maruti suzuki,baleno,zeta 1.2 at,93079,2017,507000,petrol,1,blue,hatchback,automatic,2017,9,maruti suzuki_baleno
gurgaon,ford,ecosport,titanium+ 1.0l ecoboost,93620,2017,523000,petrol,2,bronze,suv,manual,2017,9,ford_ecosport
gurgaon,kia,sonet,htx 1.0 imt,44903,2021,850000,petrol,1,red,suv,manual,2021,5,kia_sonet
gurgaon,maruti suzuki,baleno,alpha ags,80894,2022,681000,petrol,1,blue,hatchback,automatic,2022,4,maruti suzuki_baleno
gurgaon,honda,city,sv cvt,63951,2014,494000,petrol,1,silver,sedan,automatic,2014,12,honda_city
gurgaon,maruti suzuki,alto k10,vxi,21975,2019,353000,petrol,1,white,hatchback,manual,2019,7,maruti suzuki_alto k10
gurgaon,maruti suzuki,s-cross,alpha,50527,2021,862000,petrol,1,grey,suv,manual,2021,5,maruti suzuki_s-cross
gurgaon,nissan,magnite,xv turbo cvt,27603,2022,807000,petrol,1,red,suv,automatic,2022,4,nissan_magnite
gurgaon,kia,carens,luxury plus 1.5 turbo petrol dct 7 str,59477,2023,1545203,petrol,1,blue,muv,automatic,2023,3,kia_carens
gurgaon,hyundai,creta,1.6 sx opt vtvt,34805,2019,965000,petrol,1,white,suv,manual,2019,7,hyundai_creta
gurgaon,kia,sonet,gtx plus 1.0 dct,36034,2022,1153323,petrol,1,red,suv,automatic,2023,4,kia_sonet
gurgaon,skoda,slavia,style 1.0l tsi mt,31339,2022,1079564,petrol,2,grey,sedan,manual,2022,4,skoda_slavia
gurgaon,maruti suzuki,ciaz,zxi  at,57397,2016,502000,petrol,2,white,sedan,automatic,2016,10,maruti suzuki_ciaz
gurgaon,hyundai,creta,1.6 sx plus petrol,72506,2018,740000,petrol,1,red,suv,manual,2018,8,hyundai_creta
gurgaon,hyundai,creta,1.6 sx plus petrol,94357,2016,682000,petrol,1,white,suv,manual,2016,10,hyundai_creta
gurgaon,volkswagen,polo,comfortline 1.2l (p),71838,2013,295000,petrol,1,white,hatchback,manual,2013,13,volkswagen_polo
gurgaon,tata,nexon,xm (s),62342,2021,654000,petrol,1,grey,suv,manual,2021,5,tata_nexon
gurgaon,tata,nexon,xz plus,25395,2021,812000,petrol,1,green,suv,manual,2021,5,tata_nexon
gurgaon,tata,tiago,revotron xz,63215,2016,348000,petrol,1,silver,hatchback,manual,2016,10,tata_tiago
gurgaon,maruti suzuki,fronx,alpha 1.0l turbo 6 at,7792,2024,1155000,petrol,2,blue,suv,automatic,2024,2,maruti suzuki_fronx
gurgaon,maruti suzuki,swift,vxi,21795,2023,617000,petrol,1,silver,hatchback,manual,2023,3,maruti suzuki_swift
gurgaon,hyundai,venue,sx 1.0 turbo imt,29278,2022,826000,petrol,2,blue,suv,manual,2022,4,hyundai_venue
gurgaon,maruti suzuki,ciaz,zxi  at,69464,2016,535000,petrol,1,brown,sedan,automatic,2016,10,maruti suzuki_ciaz
gurgaon,kia,sonet,htx plus 1.0 imt,32826,2021,946000,petrol,1,red,suv,manual,2021,5,kia_sonet
gurgaon,kia,seltos,gtx,31062,2019,1179538,petrol,1,red,suv,manual,2020,7,kia_seltos
gurgaon,tata,altroz,xz plus (s) icng,32135,2024,893000,cng,1,grey,hatchback,manual,2024,2,tata_altroz
gurgaon,honda,city,vx cvt,97115,2014,469000,petrol,2,brown,sedan,automatic,2014,12,honda_city
gurgaon,hyundai,creta,1.6l sx vtvt,33518,2019,934000,petrol,1,white,suv,manual,2019,7,hyundai_creta
gurgaon,kia,seltos,htx d,81294,2022,1213878,diesel,1,white,suv,manual,2022,4,kia_seltos
gurgaon,honda,wr-v,vx mt petrol,53153,2019,647000,petrol,1,white,suv,manual,2019,7,honda_wr-v
gurgaon,hyundai,venue,sx 1.0 turbo,82766,2022,815000,petrol,1,blue,suv,manual,2022,4,hyundai_venue
gurgaon,tata,nexon,xza plus dark edition,22866,2022,915000,petrol,1,black,suv,automatic,2022,4,tata_nexon
gurgaon,tata,tigor,revotron xm petrol+cng (outside fitted),80812,2019,393000,cng,1,blue,sedan,manual,2019,7,tata_tigor
gurgaon,maruti suzuki,swift,vxi,29857,2016,416000,petrol,1,grey,hatchback,manual,2016,10,maruti suzuki_swift
gurgaon,hyundai,creta,1.6l sx vtvt,69643,2019,876000,petrol,1,white,suv,manual,2019,7,hyundai_creta
gurgaon,hyundai,elite i20,asta 1.2,59791,2015,425000,petrol,2,silver,hatchback,manual,2015,11,hyundai_elite i20
gurgaon,hyundai,venue,sx 1.0 turbo imt,41644,2022,814000,petrol,1,white,suv,manual,2022,4,hyundai_venue
gurgaon,honda,amaze,1.2 s i-vtec opt,53393,2018,464000,petrol,1,brown,sedan,manual,2018,8,honda_amaze
gurgaon,kia,sonet,htx 1.0 imt,85675,2021,781000,petrol,1,grey,suv,manual,2021,5,kia_sonet
gurgaon,hyundai,creta,1.6 sx plus petrol,60779,2017,685000,petrol,2,white,suv,manual,2017,9,hyundai_creta
gurgaon,tata,altroz,xz plus 1.2 dark edition,20760,2023,773000,petrol,1,black,hatchback,manual,2023,3,tata_altroz
gurgaon,maruti suzuki,swift,zxi amt,51772,2020,613000,petrol,1,grey,hatchback,automatic,2020,6,maruti suzuki_swift
gurgaon,hyundai,grand i10,sportz 1.2 kappa vtvt,43833,2014,323000,petrol,1,white,hatchback,manual,2014,12,hyundai_grand i10
gurgaon,maruti suzuki,grand vitara,zeta cng,19526,2023,1362393,cng,1,blue,suv,manual,2023,3,maruti suzuki_grand vitara
gurgaon,hyundai,elite i20,sportz plus 1.2,114501,2019,526000,petrol,1,grey,hatchback,manual,2019,7,hyundai_elite i20
gurgaon,maruti suzuki,xl6,alpha plus at petrol,72960,2022,1097773,petrol,1,blue,muv,automatic,2022,4,maruti suzuki_xl6
gurgaon,renault,triber,rxt easy-r amt,54689,2021,560000,petrol,1,silver,muv,automatic,2021,5,renault_triber
gurgaon,tata,tiago,xz w/o alloy,41207,2019,433000,petrol,1,white,hatchback,manual,2019,7,tata_tiago
gurgaon,kia,seltos,htx plus d,123590,2020,1049293,diesel,1,grey,suv,manual,2020,6,kia_seltos
gurgaon,maruti suzuki,grand vitara,zeta smart hybrid,27631,2023,1251293,petrol,1,black,suv,manual,2023,3,maruti suzuki_grand vitara
gurgaon,maruti suzuki,xl6,alpha at petrol,118905,2021,855000,petrol,2,grey,muv,automatic,2021,5,maruti suzuki_xl6
gurgaon,toyota,innova crysta,2.4  vx 8 str,30264,2022,2197663,diesel,1,black,muv,manual,2022,4,toyota_innova crysta
gurgaon,maruti suzuki,swift,zxi amt,69603,2019,534000,petrol,1,grey,hatchback,automatic,2019,7,maruti suzuki_swift
gurgaon,hyundai,creta,sx petrol,38962,2022,1230083,petrol,1,silver,suv,manual,2022,4,hyundai_creta
gurgaon,tata,nexon,xm+ s diesel,32563,2022,851000,diesel,1,white,suv,manual,2022,4,tata_nexon
gurgaon,hyundai,aura,sx plus 1.2 amt petrol,16809,2022,742000,petrol,1,grey,sedan,automatic,2022,4,hyundai_aura
gurgaon,honda,city,vx,100405,2014,456000,petrol,1,red,sedan,manual,2014,12,honda_city
gurgaon,kia,sonet,gtx plus 1.0 dct,20670,2021,1124033,petrol,1,silver,suv,automatic,2021,5,kia_sonet
gurgaon,hyundai,elite i20,magna 1.2,98780,2015,379000,petrol,1,red,hatchback,manual,2015,11,hyundai_elite i20
gurgaon,hyundai,venue,sx plus 1.0 turbo dct,109636,2019,743000,petrol,1,blue,suv,automatic,2019,7,hyundai_venue
gurgaon,maruti suzuki,baleno,zeta,32753,2022,687000,petrol,1,grey,hatchback,manual,2022,4,maruti suzuki_baleno
gurgaon,renault,kiger,rxz turbo cvt,7267,2022,885000,petrol,1,white,suv,automatic,2023,4,renault_kiger
gurgaon,maruti suzuki,baleno,alpha mt,41569,2023,770000,petrol,1,white,hatchback,manual,2023,3,maruti suzuki_baleno
gurgaon,hyundai,creta,sx opt turbo dct petrol,35256,2022,1556268,petrol,1,white,suv,automatic,2022,4,hyundai_creta
gurgaon,ford,ecosport,ambiente 1.5l ti-vct,61894,2019,542000,petrol,1,blue,suv,manual,2019,7,ford_ecosport
gurgaon,maruti suzuki,xl6,alpha at petrol,102923,2020,856000,petrol,1,red,muv,automatic,2020,6,maruti suzuki_xl6
gurgaon,honda,wr-v,vx mt petrol,43811,2018,618000,petrol,1,brown,suv,manual,2018,8,honda_wr-v
gurgaon,tata,nexon,xm,55351,2018,559000,petrol,1,grey,suv,manual,2018,8,tata_nexon
gurgaon,maruti suzuki,wagon r 1.2,vxi 1.2 amt,24852,2021,521000,petrol,1,blue,hatchback,automatic,2021,5,maruti suzuki_wagon r 1.2
gurgaon,maruti suzuki,ciaz,zeta 1.5,26868,2023,880000,petrol,1,silver,sedan,manual,2023,3,maruti suzuki_ciaz
gurgaon,hyundai,venue,sx (o) 1.0 turbo imt,27482,2021,943000,petrol,1,blue,suv,manual,2021,5,hyundai_venue
gurgaon,hyundai,new santro 1.1,sportz mt,29512,2021,446000,petrol,1,white,hatchback,manual,2021,5,hyundai_new santro 1.1
gurgaon,maruti suzuki,ciaz,zxi+ at,62290,2017,621000,petrol,1,silver,sedan,automatic,2017,9,maruti suzuki_ciaz
gurgaon,honda,city,v petrol,37202,2023,998000,petrol,1,brown,sedan,manual,2023,3,honda_city
gurgaon,maruti suzuki,baleno,zeta 1.2,81664,2018,482000,petrol,1,blue,hatchback,manual,2018,8,maruti suzuki_baleno
gurgaon,maruti suzuki,baleno,alpha 1.2,79615,2016,455000,petrol,1,red,hatchback,manual,2016,10,maruti suzuki_baleno
gurgaon,maruti suzuki,xl6,alpha mt petrol,48643,2022,1044243,petrol,1,blue,muv,manual,2022,4,maruti suzuki_xl6
gurgaon,tata,punch,accomplished dazzle sunroof cng,19537,2024,927000,cng,1,white,suv,manual,2024,2,tata_punch
gurgaon,maruti suzuki,s-presso,vxi,4285,2023,436000,petrol,1,white,hatchback,manual,2023,3,maruti suzuki_s-presso
gurgaon,maruti suzuki,ciaz,alpha 1.4 at,54262,2017,646000,petrol,1,silver,sedan,automatic,2018,9,maruti suzuki_ciaz
gurgaon,toyota,urban cruiser,high grade at,35890,2021,820000,petrol,1,grey,suv,automatic,2021,5,toyota_urban cruiser
gurgaon,tata,nexon,xz plus,43039,2020,706000,petrol,1,blue,suv,manual,2020,6,tata_nexon
gurgaon,renault,duster,rxl petrol,69178,2014,395000,petrol,1,silver,suv,manual,2014,12,renault_duster
gurgaon,maruti suzuki,baleno,zeta petrol+cng (outside fitted),80057,2019,540000,cng,1,grey,hatchback,manual,2019,7,maruti suzuki_baleno
gurgaon,maruti suzuki,ciaz,alpha 1.4 mt,51458,2018,638000,petrol,1,blue,sedan,manual,2018,8,maruti suzuki_ciaz
gurgaon,maruti suzuki,baleno,zeta 1.2 at,34151,2018,581000,petrol,1,blue,hatchback,automatic,2018,8,maruti suzuki_baleno
gurgaon,tata,harrier,xm,55358,2020,997000,diesel,1,grey,suv,manual,2020,6,tata_harrier
gurgaon,toyota,corolla altis,g petrol,99450,2015,585000,petrol,1,grey,sedan,manual,2015,11,toyota_corolla altis
gurgaon,volkswagen,vento,1.2l highline petrol at,98350,2015,497000,petrol,1,brown,sedan,automatic,2015,11,volkswagen_vento
gurgaon,maruti suzuki,wagon r 1.0,vxi,70737,2015,258000,petrol,2,white,hatchback,manual,2015,11,maruti suzuki_wagon r 1.0
gurgaon,kia,seltos,htx g,52888,2022,1167000,petrol,1,black,suv,manual,2022,4,kia_seltos
gurgaon,mahindra,thar,lx hard top petrol at 4wd,45650,2021,1253215,petrol,1,grey,suv,automatic,2021,5,mahindra_thar
gurgaon,ford,ecosport,titanium + 1.5l ti-vct at,89395,2017,639000,petrol,1,red,suv,automatic,2018,9,ford_ecosport
gurgaon,hyundai,verna,fluidic 1.6 vtvt sx,33005,2013,373000,petrol,2,grey,sedan,manual,2013,13,hyundai_verna
gurgaon,renault,kwid,1.0 rxt opt,42529,2021,394000,petrol,1,red,hatchback,manual,2021,5,renault_kwid
gurgaon,kia,seltos,htx g,105426,2019,911000,petrol,1,grey,suv,manual,2019,7,kia_seltos
gurgaon,maruti suzuki,baleno,alpha 1.2,60836,2016,472000,petrol,1,blue,hatchback,manual,2016,10,maruti suzuki_baleno
gurgaon,mahindra,thar,lx hard top petrol at 4wd,80412,2021,1042223,petrol,2,black,suv,automatic,2021,5,mahindra_thar
gurgaon,hyundai,aura,sx 1.2 petrol,20806,2021,627000,petrol,1,grey,sedan,manual,2021,5,hyundai_aura
gurgaon,tata,nexon,xma amt petrol,100726,2019,536000,petrol,1,grey,suv,automatic,2019,7,tata_nexon
gurgaon,tata,nexon,kraz petrol,23433,2019,617000,petrol,1,black,suv,manual,2019,7,tata_nexon
gurgaon,kia,seltos,htx d,52258,2021,1096000,diesel,2,grey,suv,manual,2021,5,kia_seltos
gurgaon,tata,tigor,revotron xza plus amt,70490,2022,604000,petrol,1,white,sedan,automatic,2022,4,tata_tigor
gurgaon,maruti suzuki,wagon r 1.0,lxi cng,99342,2017,323000,petrol+cng,1,white,hatchback,manual,2017,9,maruti suzuki_wagon r 1.0
gurgaon,maruti suzuki,s-cross,zeta,20069,2022,897000,petrol,1,white,suv,manual,2022,4,maruti suzuki_s-cross
gurgaon,maruti suzuki,s-presso,vxi plus (o) amt,11391,2023,482000,petrol,1,orange,hatchback,automatic,2024,3,maruti suzuki_s-presso
gurgaon,tata,harrier,xt,74808,2020,1044243,diesel,1,white,suv,manual,2020,6,tata_harrier
gurgaon,volkswagen,taigun,highline 1.0 tsi at,65793,2022,1078554,petrol,1,silver,suv,automatic,2022,4,volkswagen_taigun
gurgaon,honda,city,vx cvt,79426,2015,567000,petrol,1,brown,sedan,automatic,2015,11,honda_city
gurgaon,honda,amaze,1.2 vx (o),45903,2015,399000,petrol,1,red,sedan,manual,2015,11,honda_amaze
gurgaon,maruti suzuki,ciaz,alpha 1.4 mt,53534,2018,601000,petrol,2,grey,sedan,manual,2018,8,maruti suzuki_ciaz
gurgaon,mg motors,hector,sharp pro 1.5 turbo mt,18622,2023,1637113,petrol,1,grey,suv,manual,2023,3,mg motors_hector
gurgaon,honda,city,vx,44193,2017,726000,petrol,1,grey,sedan,manual,2017,9,honda_city
gurgaon,maruti suzuki,s-cross,zeta,54264,2022,797000,petrol,1,grey,suv,manual,2022,4,maruti suzuki_s-cross
gurgaon,maruti suzuki,baleno,zeta automatic,37820,2020,636000,petrol,1,blue,hatchback,automatic,2021,6,maruti suzuki_baleno
gurgaon,toyota,urban cruiser hyryder,v hybrid,29847,2022,1688623,hybrid,1,blue,suv,automatic,2023,4,toyota_urban cruiser hyryder
gurgaon,maruti suzuki,ciaz,alpha 1.4 at,19879,2017,581000,petrol,3,blue,sedan,automatic,2017,9,maruti suzuki_ciaz
gurgaon,tata,tigor,revotron xt,34808,2018,415000,petrol,1,silver,sedan,manual,2018,8,tata_tigor
gurgaon,hyundai,creta,1.6 sx plus auto petrol,52430,2016,801000,petrol,2,silver,suv,automatic,2017,10,hyundai_creta
gurgaon,maruti suzuki,a-star,vxi,75042,2012,160000,petrol,1,white,hatchback,manual,2012,14,maruti suzuki_a-star
gurgaon,renault,kwid,climber 1.0 amt opt,22428,2020,418000,petrol,1,white,hatchback,automatic,2020,6,renault_kwid
gurgaon,honda,city,v,98927,2015,460000,petrol,1,silver,sedan,manual,2015,11,honda_city
gurgaon,renault,triber,rxz easy-r amt,5462,2022,661000,petrol,1,brown,muv,automatic,2025,4,renault_triber
gurgaon,hyundai,elite i20,asta 1.2,82067,2015,445000,petrol,1,red,hatchback,manual,2015,11,hyundai_elite i20
gurgaon,toyota,innova crysta,2.4 z 7str,89233,2020,1699000,diesel,1,bronze,muv,manual,2020,6,toyota_innova crysta
gurgaon,tata,nexon,xm diesel,43891,2022,737000,diesel,1,white,suv,manual,2022,4,tata_nexon
gurgaon,hyundai,venue,sx 1.0  turbo imt,36659,2022,848000,petrol,1,silver,suv,manual,2022,4,hyundai_venue
gurgaon,hyundai,grand i10,sportz 1.2 kappa vtvt cng (outside fitted),72254,2018,444000,petrol+cng,1,silver,hatchback,manual,2018,8,hyundai_grand i10
gurgaon,maruti suzuki,dzire,vxi,82958,2021,519000,petrol,1,silver,sedan,manual,2021,5,maruti suzuki_dzire
gurgaon,tata,safari,xt plus dark edition,48549,2023,1678523,diesel,1,black,suv,manual,2023,3,tata_safari
gurgaon,mahindra,xuv700,ax 5 petrol at 5 str,34396,2022,1672000,petrol,1,white,suv,automatic,2022,4,mahindra_xuv700
gurgaon,volkswagen,polo,comfortline 1.2l (p),91342,2016,363000,petrol,2,white,hatchback,manual,2016,10,volkswagen_polo
gurgaon,renault,kwid,1.0 rxt amt opt,39954,2017,294000,petrol,2,grey,hatchback,automatic,2017,9,renault_kwid
gurgaon,maruti suzuki,s-cross,zeta at,51898,2021,780000,petrol,1,white,suv,automatic,2021,5,maruti suzuki_s-cross
gurgaon,volkswagen,taigun,highline 1.0 tsi at,79695,2022,1042223,petrol,1,white,suv,automatic,2022,4,volkswagen_taigun
gurgaon,renault,duster,rxl petrol,84840,2016,425000,petrol,2,orange,suv,manual,2016,10,renault_duster
gurgaon,mg motors,hector,2.0 sharp,70376,2020,1249098,diesel,1,red,suv,manual,2020,6,mg motors_hector
gurgaon,hyundai,grand i10,sportz 1.2 kappa vtvt,72428,2017,417000,petrol,1,grey,hatchback,manual,2017,9,hyundai_grand i10
gurgaon,mg motors,hector,1.5 super,59932,2020,1042223,petrol,1,red,suv,manual,2020,6,mg motors_hector
gurgaon,tata,tiago,revotron xm,52251,2018,350000,petrol,2,grey,hatchback,manual,2018,8,tata_tiago
gurgaon,maruti suzuki,baleno,zeta ags,49745,2023,720000,petrol,1,blue,hatchback,automatic,2023,3,maruti suzuki_baleno
gurgaon,hyundai,verna,fluidic 1.6 vtvt ex,76444,2014,325000,petrol,3,silver,sedan,manual,2014,12,hyundai_verna
gurgaon,hyundai,i10,magna 1.1 irde2,74975,2015,270000,petrol,1,silver,hatchback,manual,2015,11,hyundai_i10
gurgaon,hyundai,xcent,sx  petrol+cng (outside fitted),44526,2019,499000,cng,2,grey,sedan,manual,2019,7,hyundai_xcent
gurgaon,maruti suzuki,ciaz,alpha 1.4 mt,57527,2017,598000,petrol,1,blue,sedan,manual,2017,9,maruti suzuki_ciaz
gurgaon,maruti suzuki,ciaz,alpha at petrol,123645,2019,653000,petrol,1,grey,sedan,automatic,2019,7,maruti suzuki_ciaz
gurgaon,maruti suzuki,wagon r 1.0,lxi cng,46465,2013,259000,petrol+cng,1,grey,hatchback,manual,2013,13,maruti suzuki_wagon r 1.0
gurgaon,renault,kwid,climber 1.0 amt opt,19499,2020,421000,petrol,1,white,hatchback,automatic,2021,6,renault_kwid
gurgaon,hyundai,new santro 1.1,sportz mt,59147,2021,437000,petrol,1,white,hatchback,manual,2021,5,hyundai_new santro 1.1
gurgaon,renault,triber,rxz amt,53655,2020,542000,petrol,1,silver,muv,automatic,2020,6,renault_triber
gurgaon,hyundai,new i20,asta (o) 1.2 mt,20916,2023,845000,petrol,1,grey,hatchback,manual,2023,3,hyundai_new i20
gurgaon,honda,city,zx cvt petrol,54886,2020,1044198,petrol,1,white,sedan,automatic,2020,6,honda_city
gurgaon,mahindra,thar,lx hard top petrol mt 4wd,18530,2021,1079495,petrol,2,red,suv,manual,2022,5,mahindra_thar
gurgaon,honda,city,v petrol,35964,2022,937000,petrol,1,silver,sedan,manual,2022,4,honda_city
gurgaon,renault,kiger,rxt (o) mt,30772,2022,603000,petrol,1,white,suv,manual,2022,4,renault_kiger
gurgaon,hyundai,grand i10,asta at 1.2 kappa vtvt,24881,2015,432000,petrol,1,grey,hatchback,automatic,2015,11,hyundai_grand i10
gurgaon,maruti suzuki,wagon r 1.0,lxi cng,55587,2013,249000,petrol+cng,1,silver,hatchback,manual,2013,13,maruti suzuki_wagon r 1.0
gurgaon,tata,tiago,revotron xz plus,25869,2019,464000,petrol,1,red,hatchback,manual,2019,7,tata_tiago
gurgaon,hyundai,venue,sx(o) 1.5 crdi,79647,2021,819000,diesel,1,white,suv,manual,2022,5,hyundai_venue
gurgaon,hyundai,venue,sx (o) 1.0 turbo imt,42797,2022,917000,petrol,1,grey,suv,manual,2022,4,hyundai_venue
gurgaon,maruti suzuki,brezza,zxi plus,22664,2022,1090658,petrol,1,white,suv,manual,2022,4,maruti suzuki_brezza
gurgaon,hyundai,creta,1.6 sx plus petrol,64264,2016,699000,petrol,1,grey,suv,manual,2016,10,hyundai_creta
gurgaon,kia,seltos,htx+ g1.5 t-gdi petrol imt,11727,2023,1569045,petrol,1,blue,suv,manual,2023,3,kia_seltos
gurgaon,mahindra,xuv700,ax 7 petrol at luxury pack 7 str,111932,2022,1801743,petrol,1,silver,suv,automatic,2023,4,mahindra_xuv700
gurgaon,tata,nexon,xz plus,74652,2021,711000,petrol,1,grey,suv,manual,2022,5,tata_nexon
gurgaon,maruti suzuki,celerio,vxi,111303,2019,356000,petrol,1,white,hatchback,manual,2019,7,maruti suzuki_celerio
gurgaon,honda,city,zx cvt petrol,56078,2021,1103955,petrol,1,black,sedan,automatic,2021,5,honda_city
gurgaon,kia,seltos,gtx plus at d,57393,2021,1387643,diesel,1,white,suv,automatic,2021,5,kia_seltos
gurgaon,maruti suzuki,ertiga,zxi,102786,2014,475000,petrol,1,white,muv,manual,2014,12,maruti suzuki_ertiga
gurgaon,honda,elevate,vx mt,12492,2023,1233068,petrol,1,white,suv,manual,2023,3,honda_elevate
gurgaon,mahindra,xuv700,ax 5 diesel at 5 str,24206,2022,1783000,diesel,1,blue,suv,automatic,2022,4,mahindra_xuv700
gurgaon,tata,tiago,revotron xm cng,28342,2023,563000,petrol+cng,1,grey,hatchback,manual,2023,3,tata_tiago
gurgaon,maruti suzuki,wagon r,lxi 1.0 cng,38087,2022,521000,cng,1,white,hatchback,manual,2022,4,maruti suzuki_wagon r
gurgaon,mg motors,hector,2.0 sharp,46129,2021,1375098,diesel,1,black,suv,manual,2021,5,mg motors_hector
gurgaon,ford,ecosport,titanium + 1.5l ti-vct,83529,2018,644000,petrol,1,brown,suv,manual,2018,8,ford_ecosport
gurgaon,maruti suzuki,swift,zxi,40037,2018,489000,petrol,2,grey,hatchback,manual,2018,8,maruti suzuki_swift
gurgaon,maruti suzuki,ciaz,alpha 1.4 mt,52177,2018,622000,petrol,1,grey,sedan,manual,2018,8,maruti suzuki_ciaz
gurgaon,mahindra,thar,lx 4 str hard top petrol at 4wd,43089,2021,1251293,petrol,1,red,suv,automatic,2021,5,mahindra_thar
gurgaon,mahindra,thar,lx 4 str hard top petrol at 4wd,19465,2021,1292703,petrol,1,green,suv,automatic,2021,5,mahindra_thar
gurgaon,honda,city,v 4th gen,29846,2022,877000,petrol,1,grey,sedan,manual,2022,4,honda_city
gurgaon,hyundai,venue,sx 1.0  turbo,18243,2022,885000,petrol,1,grey,suv,manual,2022,4,hyundai_venue
gurgaon,toyota,urban cruiser hyryder,g neodrive,16762,2022,1273513,petrol,1,silver,suv,manual,2023,4,toyota_urban cruiser hyryder
gurgaon,honda,city,vx cvt petrol,26442,2019,893000,petrol,1,brown,sedan,automatic,2019,7,honda_city
gurgaon,toyota,innova crysta,zx 2.7 at 7 str,64870,2022,1953902,petrol,1,grey,muv,automatic,2022,4,toyota_innova crysta
gurgaon,hyundai,grand i10,asta at 1.2 kappa vtvt,75423,2014,330000,petrol,2,silver,hatchback,automatic,2014,12,hyundai_grand i10
gurgaon,maruti suzuki,baleno,zeta ags,55988,2022,637000,petrol,1,blue,hatchback,automatic,2022,4,maruti suzuki_baleno
gurgaon,tata,nexon,xz plus (o),101800,2020,716000,petrol,1,white,suv,manual,2020,6,tata_nexon
gurgaon,maruti suzuki,dzire,vxi cng (outside fitted),90202,2019,468000,cng,1,white,sedan,manual,2019,7,maruti suzuki_dzire
gurgaon,hyundai,xcent,s 1.2,70757,2014,300000,petrol,2,silver,sedan,manual,2014,12,hyundai_xcent
gurgaon,tata,tigor,revotron xta petrol + cng (outside fitted),94944,2017,346000,cng,1,white,sedan,automatic,2018,9,tata_tigor
gurgaon,kia,seltos,htx ivt g,37999,2020,1181000,petrol,1,grey,suv,automatic,2020,6,kia_seltos
gurgaon,honda,city,zx petrol,22751,2023,1211000,petrol,1,white,sedan,manual,2023,3,honda_city
gurgaon,honda,city,v cvt,59983,2018,730000,petrol,1,silver,sedan,automatic,2018,8,honda_city
gurgaon,hyundai,creta,sx (o) 1.5 petrol,20680,2024,1595000,petrol,1,black,suv,manual,2024,2,hyundai_creta
gurgaon,skoda,kushaq,ambition 1.0l tsi at,22801,2022,1221000,petrol,1,silver,suv,automatic,2022,4,skoda_kushaq
gurgaon,mahindra,thar,lx hard top petrol mt 4wd,45378,2023,1251195,petrol,1,black,suv,manual,2023,3,mahindra_thar
gurgaon,maruti suzuki,s-cross,sigma,19902,2022,754000,petrol,1,grey,suv,manual,2022,4,maruti suzuki_s-cross
gurgaon,maruti suzuki,grand vitara,sigma smart hybrid,24881,2024,1044198,petrol,1,white,suv,manual,2024,2,maruti suzuki_grand vitara
gurgaon,maruti suzuki,baleno,alpha 1.2 at,31417,2018,564000,petrol,2,blue,hatchback,automatic,2018,8,maruti suzuki_baleno
gurgaon,maruti suzuki,grand vitara,alpha smart hybrid,37427,2022,1105853,petrol,2,white,suv,manual,2022,4,maruti suzuki_grand vitara
gurgaon,hyundai,verna,s plus 1.5 crdi,115967,2022,819000,diesel,1,white,sedan,manual,2022,4,hyundai_verna
gurgaon,renault,kwid,climber 1.0 amt,38976,2017,274000,petrol,3,blue,hatchback,automatic,2017,9,renault_kwid
gurgaon,maruti suzuki,vitara brezza,vxi,26331,2021,702000,petrol,1,red,suv,manual,2021,5,maruti suzuki_vitara brezza
gurgaon,honda,wr-v,s mt petrol,38792,2017,466000,petrol,2,white,suv,manual,2017,9,honda_wr-v
gurgaon,mahindra,scorpio n,z8 l petrol at 7 str,32349,2023,1921098,petrol,1,black,suv,automatic,2023,3,mahindra_scorpio n
gurgaon,renault,triber,rxt,23876,2022,548000,petrol,1,white,muv,manual,2023,4,renault_triber
gurgaon,mahindra,thar,lx 4 str hard top petrol mt 4wd,24010,2022,1265000,petrol,1,black,suv,manual,2022,4,mahindra_thar
gurgaon,maruti suzuki,eeco,5 str ac (o) cng,47439,2022,552000,cng,1,white,muv,manual,2022,4,maruti suzuki_eeco
gurgaon,kia,sonet,gtx plus 1.5,54763,2021,953000,diesel,1,white,suv,manual,2021,5,kia_sonet
gurgaon,tata,altroz,xe 1.2,58140,2022,477000,petrol,1,white,hatchback,manual,2022,4,tata_altroz
gurgaon,maruti suzuki,swift,lxi,49222,2019,440000,petrol,1,blue,hatchback,manual,2019,7,maruti suzuki_swift
gurgaon,maruti suzuki,ignis,sigma 1.2 mt,27560,2022,454000,petrol,1,blue,hatchback,manual,2022,4,maruti suzuki_ignis
gurgaon,honda,city,vx,32988,2014,456000,petrol,2,red,sedan,manual,2014,12,honda_city
gurgaon,maruti suzuki,baleno,zeta mt,48763,2022,649000,petrol,1,white,hatchback,manual,2022,4,maruti suzuki_baleno
gurgaon,hyundai,creta,s diesel,75143,2022,1098738,diesel,1,white,suv,manual,2022,4,hyundai_creta
gurgaon,nissan,micra,fashion edition,31367,2017,389000,petrol,1,black,hatchback,automatic,2018,9,nissan_micra
gurgaon,maruti suzuki,fronx,delta plus 1.2l ags,36031,2024,816000,petrol,1,silver,suv,automatic,2024,2,maruti suzuki_fronx
gurgaon,ford,ecosport,titanium 1.5l ti-vct,45298,2021,788000,petrol,1,grey,suv,manual,2021,5,ford_ecosport
gurgaon,tata,punch,adventure mt,46042,2021,519000,petrol,1,white,suv,manual,2021,5,tata_punch
gurgaon,ford,figo,titanium 1.2 ti-vct mt,91571,2019,410000,petrol,1,silver,hatchback,manual,2019,7,ford_figo
gurgaon,hyundai,exter,s 1.2 amt,10921,2023,689000,petrol,1,white,suv,automatic,2024,3,hyundai_exter
gurgaon,maruti suzuki,alto 800,lxi (o),20359,2023,374000,petrol,1,grey,hatchback,manual,2023,3,maruti suzuki_alto 800
gurgaon,hyundai,elite i20,sportz plus 1.2,56325,2019,551000,petrol,1,silver,hatchback,manual,2019,7,hyundai_elite i20
gurgaon,maruti suzuki,wagon r,lxi 1.0,7134,2025,546000,petrol,1,white,hatchback,manual,2025,1,maruti suzuki_wagon r
gurgaon,maruti suzuki,ciaz,alpha hybrid 1.5 at,57809,2019,725000,petrol,1,silver,sedan,automatic,2020,7,maruti suzuki_ciaz
gurgaon,maruti suzuki,baleno,alpha ags,9965,2023,765000,petrol,2,blue,hatchback,automatic,2023,3,maruti suzuki_baleno
gurgaon,renault,kwid,rxl edition,49342,2017,249000,petrol,1,white,hatchback,manual,2018,9,renault_kwid
gurgaon,kia,carens,premium 1.5 diesel 7 str,22074,2022,1104843,diesel,1,white,muv,manual,2022,4,kia_carens
gurgaon,tata,altroz,xz 1.5,21865,2023,800000,diesel,1,blue,hatchback,manual,2024,3,tata_altroz
gurgaon,hyundai,creta,1.6 sx plus auto petrol,42961,2017,813000,petrol,1,grey,suv,automatic,2017,9,hyundai_creta
gurgaon,maruti suzuki,swift,lxi (o),38143,2017,382000,petrol,2,white,hatchback,manual,2017,9,maruti suzuki_swift
gurgaon,mahindra,thar,lx hard top petrol mt 4wd,16674,2021,1179583,petrol,1,black,suv,manual,2021,5,mahindra_thar
gurgaon,tata,altroz,xe petrol,5647,2023,567000,petrol,1,white,hatchback,manual,2024,3,tata_altroz
gurgaon,honda,city,1.5 v at,73091,2012,270000,petrol,3,grey,sedan,automatic,2012,14,honda_city
gurgaon,tata,altroz,xz plus turbo dark edition,34605,2022,753000,petrol,1,black,hatchback,manual,2022,4,tata_altroz
gurgaon,hyundai,verna,sx (o)1.5 mpi,32923,2022,1117928,petrol,1,white,sedan,manual,2022,4,hyundai_verna
gurgaon,honda,city,vx,46336,2015,565000,petrol,1,brown,sedan,manual,2015,11,honda_city
gurgaon,mahindra,thar,lx 4 str hard top diesel mt 4wd,68788,2021,1119359,diesel,1,grey,suv,manual,2021,5,mahindra_thar
gurgaon,volkswagen,taigun,highline 1.0 tsi mt,28541,2022,1090703,petrol,1,grey,suv,manual,2022,4,volkswagen_taigun
gurgaon,kia,seltos,gtx plus dct,95498,2020,1163000,petrol,1,grey,suv,automatic,2020,6,kia_seltos
gurgaon,renault,duster,rxs cvt petrol,94330,2018,553000,petrol,1,grey,suv,automatic,2019,8,renault_duster
gurgaon,maruti suzuki,wagon r,zxi 1.2,20884,2022,521000,petrol,1,grey,hatchback,manual,2022,4,maruti suzuki_wagon r
gurgaon,maruti suzuki,swift dzire,vxi,91162,2013,255000,petrol,1,blue,sedan,manual,2013,13,maruti suzuki_swift dzire
gurgaon,maruti suzuki,swift,vxi amt,18744,2022,621000,petrol,1,white,hatchback,automatic,2022,4,maruti suzuki_swift
gurgaon,maruti suzuki,ignis,delta mt petrol+cng (outside fitted),44519,2022,529000,cng,1,blue,hatchback,manual,2022,4,maruti suzuki_ignis
gurgaon,ford,ecosport,titanium+ 1.0l ecoboost,52282,2017,596000,petrol,1,grey,suv,manual,2017,9,ford_ecosport
gurgaon,kia,sonet,gtx plus 1.0 dct,47706,2020,997000,petrol,1,red,suv,automatic,2020,6,kia_sonet
gurgaon,tata,tiago,xt,41137,2020,441000,petrol,1,white,hatchback,manual,2020,6,tata_tiago
gurgaon,toyota,innova crysta,zx 2.7 at 7 str,54175,2022,1958293,petrol,1,grey,muv,automatic,2022,4,toyota_innova crysta
gurgaon,honda,amaze,1.2 vx cvt petrol,22372,2019,662000,petrol,1,red,sedan,automatic,2019,7,honda_amaze
gurgaon,mahindra,scorpio n,z8 l diesel mt 2wd 7 str,19398,2022,1865275,diesel,1,green,suv,manual,2023,4,mahindra_scorpio n
gurgaon,maruti suzuki,swift,vxi,59354,2015,350000,petrol,1,silver,hatchback,manual,2015,11,maruti suzuki_swift
gurgaon,nissan,magnite,xv premium turbo (o) cvt,19781,2023,973000,petrol,1,white,suv,automatic,2024,3,nissan_magnite
gurgaon,honda,city,zx cvt petrol,12725,2020,1140148,petrol,1,brown,sedan,automatic,2020,6,honda_city
gurgaon,volkswagen,polo,trendline 1.0l mpi,46369,2021,550000,petrol,1,red,hatchback,manual,2021,5,volkswagen_polo
gurgaon,skoda,slavia,ambition 1.0l tsi mt,17596,2023,1132113,petrol,1,white,sedan,manual,2024,3,skoda_slavia
gurgaon,tata,harrier,kaziranga xza plus,60491,2022,1460000,diesel,1,golden,suv,automatic,2022,4,tata_harrier
gurgaon,renault,triber,rxt,7764,2022,591000,petrol,1,brown,muv,manual,2023,4,renault_triber
gurgaon,hyundai,grand i10,sportz 1.2 kappa vtvt,64921,2015,351000,petrol,1,white,hatchback,manual,2015,11,hyundai_grand i10
gurgaon,hyundai,creta,1.6 sx plus petrol,56548,2016,701000,petrol,1,white,suv,manual,2016,10,hyundai_creta
gurgaon,honda,city,v cvt petrol,33884,2022,1063388,petrol,1,brown,sedan,automatic,2022,4,honda_city
gurgaon,maruti suzuki,ignis,sigma 1.2 mt,31681,2021,412000,petrol,1,blue,hatchback,manual,2021,5,maruti suzuki_ignis
gurgaon,maruti suzuki,swift,zxi amt,87215,2018,521000,petrol,1,red,hatchback,automatic,2018,8,maruti suzuki_swift
gurgaon,maruti suzuki,alto 800,vxi,37156,2019,312000,petrol,1,silver,hatchback,manual,2019,7,maruti suzuki_alto 800
gurgaon,tata,punch,adventure rhythm,4751,2024,689000,petrol,1,white,suv,manual,2024,2,tata_punch
gurgaon,mahindra,thar,lx hard top petrol at 4wd,15499,2022,1252205,petrol,2,red,suv,automatic,2022,4,mahindra_thar
gurgaon,hyundai,new santro 1.1,sportz amt,39933,2021,499000,petrol,1,grey,hatchback,automatic,2021,5,hyundai_new santro 1.1
gurgaon,maruti suzuki,grand vitara,zeta smart hybrid at,13292,2024,1473448,petrol,1,black,suv,automatic,2025,2,maruti suzuki_grand vitara
gurgaon,maruti suzuki,wagon r 1.2,zxi amt,9841,2023,612000,petrol,1,red,hatchback,automatic,2023,3,maruti suzuki_wagon r 1.2
gurgaon,maruti suzuki,baleno,alpha 1.2,44125,2018,540000,petrol,1,red,hatchback,manual,2018,8,maruti suzuki_baleno
gurgaon,hyundai,elite i20,sportz 1.2,40935,2015,442000,petrol,1,white,hatchback,manual,2015,11,hyundai_elite i20
gurgaon,kia,seltos,htk plus imt,36073,2021,1046263,petrol,1,silver,suv,manual,2021,5,kia_seltos
gurgaon,tata,nexon,xza plus (o),86405,2022,840000,petrol,1,white,suv,automatic,2022,4,tata_nexon
gurgaon,maruti suzuki,alto 800,lxi cng (outside fitted),35495,2017,279000,cng,1,silver,hatchback,manual,2017,9,maruti suzuki_alto 800
gurgaon,mahindra,xuv700,ax 5 petrol at 5 str,22373,2023,1796000,petrol,1,white,suv,automatic,2023,3,mahindra_xuv700
gurgaon,maruti suzuki,baleno,alpha ags,28161,2022,759000,petrol,1,blue,hatchback,automatic,2022,4,maruti suzuki_baleno
gurgaon,toyota,innova crysta,zx 2.7 at 7 str,46393,2021,1892643,petrol,1,purple,muv,automatic,2021,5,toyota_innova crysta
gurgaon,kia,carens,luxury plus 1.5 diesel at 6 str,34509,2022,1530053,diesel,1,blue,muv,automatic,2023,4,kia_carens
gurgaon,tata,altroz,xz plus 1.2 turbo dt,12170,2023,751000,petrol,1,blue,hatchback,manual,2023,3,tata_altroz
gurgaon,maruti suzuki,ertiga,zxi,71677,2014,480000,petrol,1,silver,muv,manual,2014,12,maruti suzuki_ertiga
gurgaon,tata,altroz,xz plus 1.2 dark edition,28093,2023,735000,petrol,1,black,hatchback,manual,2023,3,tata_altroz
gurgaon,maruti suzuki,swift,vxi cng (outside fitted),81138,2017,424000,cng,1,white,hatchback,manual,2017,9,maruti suzuki_swift
delhi,hyundai,creta,1.6 sx plus auto petrol,66029,2017,788000,petrol,1,white,suv,automatic,2017,9,hyundai_creta
delhi,hyundai,elite i20,sportz plus 1.2 cvt,33688,2019,518000,petrol,3,grey,hatchback,automatic,2019,7,hyundai_elite i20
delhi,honda,amaze,1.2 e mt petrol,26744,2019,461000,petrol,1,white,sedan,manual,2019,7,honda_amaze
delhi,maruti suzuki,wagon r,zxi plus 1.2 ags,24290,2022,584000,petrol,1,grey,hatchback,automatic,2022,4,maruti suzuki_wagon r
delhi,maruti suzuki,ciaz,alpha 1.5 at,5600,2024,1149283,petrol,1,blue,sedan,automatic,2024,2,maruti suzuki_ciaz
delhi,maruti suzuki,vitara brezza,vxi,41189,2021,630000,petrol,2,red,suv,manual,2021,5,maruti suzuki_vitara brezza
delhi,maruti suzuki,baleno,zeta 1.2,41910,2016,472000,petrol,1,silver,hatchback,manual,2016,10,maruti suzuki_baleno
delhi,maruti suzuki,swift,lxi,17909,2023,566000,petrol,1,white,hatchback,manual,2023,3,maruti suzuki_swift
delhi,honda,amaze,1.2 s mt petrol,17293,2018,506000,petrol,1,red,sedan,manual,2018,8,honda_amaze
delhi,mg motors,hector,sharp 1.5 petrol turbo hybrid mt,71294,2021,1237153,petrol,1,black,suv,manual,2021,5,mg motors_hector
delhi,jeep,compass,limited 1.4 petrol at,47358,2018,950000,petrol,2,black,suv,automatic,2018,8,jeep_compass
delhi,audi,a6,45 tfsi premium plus,36555,2021,4029758,petrol,1,black,sedan,automatic,2021,5,audi_a6
delhi,maruti suzuki,ignis,zeta 1.2 mt,52923,2017,373000,petrol,2,grey,hatchback,manual,2017,9,maruti suzuki_ignis
delhi,maruti suzuki,wagon r,vxi,50164,2014,273000,petrol,1,grey,hatchback,manual,2014,12,maruti suzuki_wagon r
delhi,maruti suzuki,ciaz,zeta 1.4 at,67603,2017,580000,petrol,2,blue,sedan,automatic,2017,9,maruti suzuki_ciaz
delhi,tata,tiago,xz plus,24448,2021,547000,petrol,1,blue,hatchback,manual,2021,5,tata_tiago
delhi,hyundai,grand i10,asta 1.2 kappa vtvt,20726,2017,462000,petrol,1,white,hatchback,manual,2017,9,hyundai_grand i10
delhi,maruti suzuki,baleno,zeta ags,29956,2022,723000,petrol,1,silver,hatchback,automatic,2022,4,maruti suzuki_baleno
delhi,nissan,magnite,xv premium turbo,39591,2022,744000,petrol,1,brown,suv,manual,2022,4,nissan_magnite
delhi,tata,tiago,revotron xza plus dual tone,93329,2019,465000,petrol,1,grey,hatchback,automatic,2020,7,tata_tiago
delhi,maruti suzuki,ciaz,alpha 1.4 mt,67047,2017,592000,petrol,1,white,sedan,manual,2017,9,maruti suzuki_ciaz
delhi,audi,a3,40 tfsi premium,33576,2015,1211858,petrol,1,blue,sedan,automatic,2015,11,audi_a3
delhi,maruti suzuki,wagon r,lxi 1.0 cng,79754,2021,452000,cng,1,white,hatchback,manual,2021,5,maruti suzuki_wagon r
delhi,maruti suzuki,baleno,zeta 1.2 at,46252,2016,492000,petrol,1,silver,hatchback,automatic,2016,10,maruti suzuki_baleno
delhi,maruti suzuki,ciaz,delta 1.4 mt,41137,2018,599000,petrol,1,grey,sedan,manual,2018,8,maruti suzuki_ciaz
delhi,hyundai,grand i10,sportz 1.2 kappa vtvt,75973,2015,309000,petrol,2,white,hatchback,manual,2015,11,hyundai_grand i10
delhi,mercedes-benz,glc,300 progressive,68560,2018,2928858,petrol,2,blue,wagon,automatic,2018,8,mercedes-benz_glc
delhi,honda,city,zx cvt petrol,53201,2017,786000,petrol,1,silver,sedan,automatic,2017,9,honda_city
delhi,jeep,compass,model s (o) diesel 4x4 at,52944,2021,1706758,diesel,1,grey,suv,automatic,2021,5,jeep_compass
delhi,audi,q3,technology,21088,2023,4039858,petrol,1,white,suv,automatic,2023,3,audi_q3
delhi,toyota,corolla altis,vl cvt petrol,120431,2018,902000,petrol,1,silver,sedan,automatic,2018,8,toyota_corolla altis
delhi,kia,seltos,gtx plus at d,100645,2021,1243213,diesel,1,grey,suv,automatic,2021,5,kia_seltos
delhi,toyota,innova crysta,zx 2.7 at 7 str,26219,2022,2052125,petrol,1,black,muv,automatic,2022,4,toyota_innova crysta
delhi,jeep,compass,model s (o) 2.0 diesel,56613,2021,1615858,diesel,1,white,suv,manual,2022,5,jeep_compass
delhi,kia,seltos,htk plus at d,45374,2020,978000,diesel,2,white,suv,automatic,2020,6,kia_seltos
delhi,renault,kwid,rxl,27840,2018,275000,petrol,1,red,hatchback,manual,2018,8,renault_kwid
delhi,honda,city,vx cvt,109217,2016,578000,petrol,1,red,sedan,automatic,2016,10,honda_city
delhi,maruti suzuki,wagon r 1.0,vxi petrol + cng (outside fitted),54216,2016,324000,cng,1,grey,hatchback,manual,2016,10,maruti suzuki_wagon r 1.0
delhi,maruti suzuki,swift,vxi amt,46342,2018,511000,petrol,1,blue,hatchback,automatic,2018,8,maruti suzuki_swift
delhi,jeep,compass,sport 1.4 petrol,25533,2021,1262358,petrol,1,white,suv,manual,2021,5,jeep_compass
delhi,mercedes-benz,c-class,c 200 avantgarde,41783,2016,1817858,petrol,2,white,sedan,automatic,2016,10,mercedes-benz_c-class
delhi,tata,harrier,xza plus,57960,2021,1394713,diesel,1,white,suv,automatic,2021,5,tata_harrier
delhi,tata,altroz,xt petrol,88465,2021,544000,petrol,1,grey,hatchback,manual,2021,5,tata_altroz
delhi,volkswagen,polo,comfortline 1.2l (p),78462,2015,378000,petrol,1,white,hatchback,manual,2015,11,volkswagen_polo
delhi,kia,carens,luxury plus 1.4 petrol dct 7 str,68374,2022,1365378,petrol,1,blue,muv,automatic,2022,4,kia_carens
delhi,maruti suzuki,wagon r,lxi cng (o),32261,2019,428000,cng,1,grey,hatchback,manual,2019,7,maruti suzuki_wagon r
delhi,hyundai,grand i10,sportz (o) 1.2 kappa vtvt,100868,2017,379000,petrol,1,silver,hatchback,manual,2017,9,hyundai_grand i10
delhi,maruti suzuki,baleno,sigma mt,46070,2022,552000,petrol,1,blue,hatchback,manual,2022,4,maruti suzuki_baleno
delhi,tata,punch,adventure rhythm pack mt,49590,2021,528000,petrol,1,blue,suv,manual,2022,5,tata_punch
delhi,hyundai,grand i10,sportz 1.2 kappa vtvt,94999,2015,299000,petrol,2,grey,hatchback,manual,2015,11,hyundai_grand i10
delhi,ford,ecosport,titanium 1.5l ti-vct,68754,2019,634000,petrol,1,white,suv,manual,2019,7,ford_ecosport
delhi,tata,tigor,xz plus cng,65015,2022,641000,cng,1,white,sedan,manual,2023,4,tata_tigor
delhi,maruti suzuki,swift,vxi,17064,2023,639000,petrol,1,silver,hatchback,manual,2023,3,maruti suzuki_swift
delhi,audi,a4,premium plus 40 tfsi,2472,2024,4039858,petrol,1,black,sedan,automatic,2024,2,audi_a4
delhi,hyundai,creta,s 1.5 petrol imt,51411,2022,1047228,petrol,1,white,suv,manual,2022,4,hyundai_creta
delhi,jeep,compass,model s (o) diesel 4x4 at,46666,2021,1681508,diesel,1,black,suv,automatic,2021,5,jeep_compass
delhi,tata,altroz,xz petrol,65182,2020,540000,petrol,1,silver,hatchback,manual,2020,6,tata_altroz
delhi,honda,city,sv,100935,2015,437000,petrol,1,white,sedan,manual,2015,11,honda_city
delhi,hyundai,creta,1.6 sx plus petrol,87058,2016,670000,petrol,1,silver,suv,manual,2016,10,hyundai_creta
delhi,hyundai,creta,sx+ se,47996,2017,716000,petrol,2,white,suv,manual,2017,9,hyundai_creta
delhi,hyundai,grand i10,sportz 1.2 kappa vtvt,69493,2018,424000,petrol,1,blue,hatchback,manual,2018,8,hyundai_grand i10
delhi,tata,nexon,xz plus (o),65854,2021,791000,petrol,1,green,suv,manual,2021,5,tata_nexon
delhi,maruti suzuki,ciaz,alpha 1.4 mt,20281,2017,624000,petrol,1,grey,sedan,manual,2017,9,maruti suzuki_ciaz
delhi,hyundai,creta,1.6 sx plus auto petrol,98020,2017,780000,petrol,1,grey,suv,automatic,2017,9,hyundai_creta
delhi,kia,seltos,htk plus imt,18132,2022,1152313,petrol,1,red,suv,manual,2022,4,kia_seltos
delhi,ford,ecosport,titanium 1.5l ti-vct at,106391,2016,512000,petrol,1,grey,suv,automatic,2016,10,ford_ecosport
delhi,hyundai,grand i10,asta 1.2 kappa vtvt,63968,2017,434000,petrol,1,white,hatchback,manual,2017,9,hyundai_grand i10
delhi,renault,kiger,rxz turbo cvt,20391,2021,798000,petrol,1,silver,suv,automatic,2022,5,renault_kiger
delhi,mahindra,xuv 300,w8 (o) petrol,20159,2022,979000,petrol,1,blue,suv,manual,2022,4,mahindra_xuv 300
delhi,honda,city,v,76671,2015,441000,petrol,2,brown,sedan,manual,2015,11,honda_city
delhi,tata,nexon,xz plus (o),29431,2020,746000,petrol,2,blue,suv,manual,2020,6,tata_nexon
delhi,mahindra,xuv 300,w8 amt (o) diesel,64871,2020,829000,diesel,1,white,suv,automatic,2020,6,mahindra_xuv 300
delhi,kia,sonet,htx 1.0 imt,21388,2021,881000,petrol,1,red,suv,manual,2021,5,kia_sonet
delhi,honda,amaze,1.2 s i-vtec,59566,2015,320000,petrol,1,grey,sedan,manual,2015,11,honda_amaze
delhi,hyundai,creta,1.6 sx plus auto petrol,82960,2016,706000,petrol,1,silver,suv,automatic,2016,10,hyundai_creta
delhi,mercedes-benz,e-class,e200 cgi,62827,2015,1666358,petrol,2,black,sedan,automatic,2016,11,mercedes-benz_e-class
delhi,toyota,fortuner,2.7 2wd mt petrol,41409,2016,1908758,petrol,2,white,suv,manual,2016,10,toyota_fortuner
delhi,bmw,3 series,gran limousine 330li luxury line,26502,2021,3736858,petrol,2,white,sedan,automatic,2022,5,bmw_3 series
delhi,toyota,fortuner,2.7 2wd at petrol,81108,2018,2211758,petrol,1,silver,suv,automatic,2018,8,toyota_fortuner
delhi,maruti suzuki,xl6,zeta mt petrol,17067,2022,976000,petrol,1,blue,muv,manual,2022,4,maruti suzuki_xl6
delhi,hyundai,i10,magna 1.1 irde2,44475,2014,244000,petrol,2,grey,hatchback,manual,2014,12,hyundai_i10
delhi,honda,city,sv cvt,84122,2014,485000,petrol,1,silver,sedan,automatic,2014,12,honda_city
delhi,renault,duster,rxl petrol,52437,2013,359000,petrol,1,white,suv,manual,2013,13,renault_duster
delhi,volkswagen,vento,1.2l comfortline petrol at,68311,2016,516000,petrol,1,beige,sedan,automatic,2016,10,volkswagen_vento
delhi,maruti suzuki,baleno,delta,24105,2020,566000,petrol,1,grey,hatchback,manual,2020,6,maruti suzuki_baleno
delhi,honda,wr-v,vx mt petrol,46721,2017,540000,petrol,2,grey,suv,manual,2017,9,honda_wr-v
delhi,honda,jazz,vx petrol,63347,2017,460000,petrol,1,black,hatchback,manual,2017,9,honda_jazz
delhi,maruti suzuki,wagon r,vxi,33376,2015,303000,petrol,1,grey,hatchback,manual,2015,11,maruti suzuki_wagon r
delhi,honda,amaze,1.2 v cvt petrol,52435,2019,619000,petrol,1,white,sedan,automatic,2019,7,honda_amaze
delhi,hyundai,grand i10,sportz 1.2 kappa vtvt,63993,2017,381000,petrol,2,silver,hatchback,manual,2017,9,hyundai_grand i10
delhi,hyundai,creta,sx+ se,30723,2017,771000,petrol,1,white,suv,manual,2017,9,hyundai_creta
delhi,volkswagen,cross polo,1.2 mpi highline,53344,2016,429394,petrol,2,silver,crossover,manual,2016,10,volkswagen_cross polo
delhi,honda,amaze,1.2 vx i-vtec,63935,2015,374000,petrol,1,red,sedan,manual,2015,11,honda_amaze
delhi,honda,city,vx cvt,56851,2015,583000,petrol,1,red,sedan,automatic,2015,11,honda_city
delhi,maruti suzuki,ciaz,alpha hybrid 1.5 at,44227,2019,768000,petrol,1,grey,sedan,automatic,2019,7,maruti suzuki_ciaz
delhi,hyundai,venue,sx plus 1.0 turbo dct,41735,2020,865000,petrol,1,white,suv,automatic,2020,6,hyundai_venue
delhi,ford,ecosport,titanium 1.5l ti-vct,73395,2019,631000,petrol,1,silver,suv,manual,2019,7,ford_ecosport
delhi,honda,city,vx,40375,2016,579000,petrol,1,brown,sedan,manual,2016,10,honda_city
delhi,renault,kiger,rxz amt,28133,2022,624000,petrol,2,brown,suv,automatic,2022,4,renault_kiger
delhi,hyundai,grand i10,asta at 1.2 kappa vtvt,72699,2014,369000,petrol,1,silver,hatchback,automatic,2014,12,hyundai_grand i10
delhi,maruti suzuki,ciaz,delta 1.4 mt,80190,2018,552000,petrol,1,silver,sedan,manual,2018,8,maruti suzuki_ciaz
delhi,hyundai,creta,1.6 sx plus auto petrol,80987,2017,758000,petrol,1,white,suv,automatic,2017,9,hyundai_creta
delhi,honda,jazz,v petrol,66979,2016,417000,petrol,1,brown,hatchback,manual,2016,10,honda_jazz
delhi,maruti suzuki,swift,vxi,65626,2017,419000,petrol,1,silver,hatchback,manual,2017,9,maruti suzuki_swift
delhi,kia,sonet,gtx plus 1.0 dct,40732,2020,957000,petrol,1,red,suv,automatic,2020,6,kia_sonet
delhi,honda,city,vx cvt,74127,2014,499000,petrol,2,white,sedan,automatic,2014,12,honda_city
delhi,honda,city,1.5 v mt,112842,2012,309000,petrol,1,maroon,sedan,manual,2012,14,honda_city
delhi,hyundai,creta,1.6 sx plus auto petrol,90948,2017,743000,petrol,1,grey,suv,automatic,2017,9,hyundai_creta
delhi,kia,sonet,htx plus 1.0 imt,14459,2021,994000,petrol,1,black,suv,manual,2021,5,kia_sonet
delhi,honda,city,zx cvt petrol,72312,2017,751000,petrol,1,silver,sedan,automatic,2017,9,honda_city
delhi,maruti suzuki,s-cross,zeta,20096,2022,879000,petrol,1,silver,suv,manual,2022,4,maruti suzuki_s-cross
delhi,hyundai,grand i10,sportz 1.2 kappa vtvt,64407,2015,328000,petrol,1,grey,hatchback,manual,2015,11,hyundai_grand i10
delhi,kia,seltos,htx 1.5,38101,2021,1056363,petrol,2,black,suv,manual,2021,5,kia_seltos
delhi,maruti suzuki,dzire,zxi,39201,2022,651000,petrol,1,grey,sedan,manual,2022,4,maruti suzuki_dzire
delhi,hyundai,elite i20,sportz 1.2,45750,2017,471000,petrol,2,white,hatchback,manual,2017,9,hyundai_elite i20
delhi,honda,city,sv,112883,2015,392000,petrol,2,brown,sedan,manual,2015,11,honda_city
delhi,maruti suzuki,s-cross,zeta,60557,2021,733000,petrol,1,blue,suv,manual,2021,5,maruti suzuki_s-cross
delhi,hyundai,grand i10,sportz 1.2 kappa vtvt,84265,2017,354000,petrol,2,grey,hatchback,manual,2017,9,hyundai_grand i10
delhi,renault,kiger,rxz amt dual tone,56311,2021,593000,petrol,1,blue,suv,automatic,2021,5,renault_kiger
delhi,hyundai,venue,sx 1.5 crdi,63767,2021,783000,diesel,1,blue,suv,manual,2021,5,hyundai_venue
delhi,honda,city,vx cvt,76259,2015,551000,petrol,1,grey,sedan,automatic,2015,11,honda_city
delhi,maruti suzuki,ciaz,alpha 1.4 mt,83325,2017,583000,petrol,1,blue,sedan,manual,2017,9,maruti suzuki_ciaz
delhi,honda,jazz,v petrol,100149,2016,399000,petrol,1,red,hatchback,manual,2016,10,honda_jazz
delhi,hyundai,alcazar,platinum 7 str 1.5 diesel,36104,2022,1527023,diesel,1,white,suv,manual,2022,4,hyundai_alcazar
delhi,tata,altroz,xz 1.5,61708,2021,683000,diesel,1,grey,hatchback,manual,2021,5,tata_altroz
delhi,honda,elevate,zx mt,8704,2024,1453293,petrol,1,white,suv,manual,2024,2,honda_elevate
delhi,ford,ecosport,titanium plus 1.5l ti-vct at,33195,2021,911000,petrol,1,orange,suv,automatic,2021,5,ford_ecosport
delhi,maruti suzuki,ciaz,zxi+,89024,2015,458000,petrol,1,brown,sedan,manual,2015,11,maruti suzuki_ciaz
delhi,maruti suzuki,brezza,zxi at,14512,2022,1115908,petrol,1,white,suv,automatic,2022,4,maruti suzuki_brezza
delhi,tata,punch,accomplished mt,20076,2024,731000,petrol,1,grey,suv,manual,2024,2,tata_punch
delhi,volkswagen,taigun,topline 1.0 tsi at,77145,2022,1231093,petrol,1,grey,suv,automatic,2022,4,volkswagen_taigun
delhi,kia,seltos,htx plus d,84590,2020,1104000,diesel,1,silver,suv,manual,2021,6,kia_seltos
delhi,hyundai,verna,sx (o) 1.6 vtvt at,66827,2017,813000,petrol,1,grey,sedan,automatic,2018,9,hyundai_verna
delhi,maruti suzuki,swift,vxi,34425,2022,587000,petrol,1,white,hatchback,manual,2022,4,maruti suzuki_swift
delhi,hyundai,grand i10,sportz 1.2 kappa vtvt,50612,2017,426000,petrol,1,grey,hatchback,manual,2017,9,hyundai_grand i10
delhi,renault,kiger,rxz turbo cvt,28006,2022,717000,petrol,2,black,suv,automatic,2023,4,renault_kiger
delhi,ford,ecosport,titanium + 1.5l ti-vct at,103221,2018,660000,petrol,1,grey,suv,automatic,2018,8,ford_ecosport
delhi,hyundai,creta,1.6l sx vtvt,57727,2019,856000,petrol,1,white,suv,manual,2019,7,hyundai_creta
delhi,kia,seltos,gtx plus,69263,2019,1165398,petrol,1,white,suv,manual,2019,7,kia_seltos
delhi,maruti suzuki,swift,zxi,60191,2012,295000,petrol,1,white,hatchback,manual,2012,14,maruti suzuki_swift
delhi,honda,amaze,1.2 s i-vtec,92795,2015,327000,petrol,1,grey,sedan,manual,2015,11,honda_amaze
delhi,kia,sonet,htx plus 1.0 imt,28654,2022,1051284,petrol,1,red,suv,manual,2022,4,kia_sonet
delhi,honda,jazz,v at petrol,69773,2015,424000,petrol,1,red,hatchback,automatic,2015,11,honda_jazz
delhi,tata,punch,creative dual tone,30940,2022,714000,petrol,1,green,suv,manual,2022,4,tata_punch
delhi,kia,sonet,htx 1.0 imt,29303,2021,771000,petrol,2,black,suv,manual,2021,5,kia_sonet
delhi,honda,city,vx cvt,87929,2015,583000,petrol,1,maroon,sedan,automatic,2015,11,honda_city
delhi,hyundai,xcent,sx  petrol+cng (outside fitted),45351,2020,578000,cng,1,grey,sedan,manual,2020,6,hyundai_xcent
delhi,maruti suzuki,vitara brezza,zxi plus,45625,2022,878000,petrol,1,white,suv,manual,2022,4,maruti suzuki_vitara brezza
delhi,maruti suzuki,baleno,zeta 1.2,41000,2015,446000,petrol,1,silver,hatchback,manual,2015,11,maruti suzuki_baleno
delhi,mahindra,thar,lx hard top petrol at 4wd,46922,2021,1243115,petrol,1,red,suv,automatic,2021,5,mahindra_thar
delhi,tata,nexon,xz plus,35258,2021,794000,petrol,1,red,suv,manual,2021,5,tata_nexon
delhi,hyundai,venue,sx 1.0 (o) petrol,77729,2019,653000,petrol,2,white,suv,manual,2019,7,hyundai_venue
delhi,maruti suzuki,ciaz,zxi,64304,2015,442000,petrol,2,brown,sedan,manual,2015,11,maruti suzuki_ciaz
delhi,tata,altroz,xza plus (o) (s),34297,2023,831000,petrol,1,blue,hatchback,automatic,2023,3,tata_altroz
delhi,kia,seltos,htk 1.5,20901,2021,936000,petrol,1,red,suv,manual,2021,5,kia_seltos
delhi,honda,amaze,1.2 v mt petrol,121793,2020,553000,petrol,1,red,sedan,manual,2020,6,honda_amaze
delhi,honda,city,zx cvt petrol,51109,2017,794000,petrol,1,grey,sedan,automatic,2017,9,honda_city
delhi,hyundai,venue,sx 1.0 turbo,44442,2021,780000,petrol,1,white,suv,manual,2021,5,hyundai_venue
delhi,renault,kwid,1.0 rxl amt,58171,2017,250000,petrol,2,silver,hatchback,automatic,2017,9,renault_kwid
delhi,hyundai,grand i10,sportz 1.2 kappa vtvt,20378,2014,347000,petrol,1,silver,hatchback,manual,2014,12,hyundai_grand i10
delhi,hyundai,verna,fluidic 1.6 vtvt sx opt at,115167,2012,403000,petrol,1,grey,sedan,automatic,2012,14,hyundai_verna
delhi,hyundai,elite i20,sportz 1.2,47583,2015,412000,petrol,2,silver,hatchback,manual,2015,11,hyundai_elite i20
delhi,hyundai,creta,1.6 sx opt vtvt,49217,2018,912000,petrol,1,white,suv,manual,2018,8,hyundai_creta
delhi,volkswagen,taigun,highline 1.0 tsi at,54908,2022,1083604,petrol,1,grey,suv,automatic,2022,4,volkswagen_taigun
delhi,hyundai,grand i10 nios,sportz 1.2 kappa vtvt,48666,2020,520000,petrol,1,blue,hatchback,manual,2020,6,hyundai_grand i10 nios
delhi,maruti suzuki,baleno,zeta 1.2 at,69858,2017,477000,petrol,2,silver,hatchback,automatic,2017,9,maruti suzuki_baleno
delhi,maruti suzuki,grand vitara,alpha plus intelligent hybrid ecvt,32196,2023,1645148,hybrid,1,black,suv,automatic,2023,3,maruti suzuki_grand vitara
delhi,renault,duster,rxs cvt,58769,2019,623000,petrol,1,bronze,suv,automatic,2019,7,renault_duster
delhi,tata,tigor,xz plus,20979,2023,675000,petrol,1,grey,sedan,manual,2023,3,tata_tigor
delhi,maruti suzuki,wagon r,lxi,34286,2013,210000,petrol,1,white,hatchback,manual,2013,13,maruti suzuki_wagon r
delhi,honda,amaze,1.2 vx mt petrol,89711,2019,545000,petrol,1,white,sedan,manual,2019,7,honda_amaze
delhi,honda,amaze,1.2 s i-vtec,97370,2013,273000,petrol,1,red,sedan,manual,2013,13,honda_amaze
delhi,hyundai,xcent,s 1.2,79026,2014,288000,petrol,2,silver,sedan,manual,2014,12,hyundai_xcent
delhi,nissan,micra,xl cvt,81674,2017,319000,petrol,2,white,hatchback,automatic,2017,9,nissan_micra
delhi,hyundai,verna,fluidic 1.6 vtvt sx opt,40576,2012,349000,petrol,1,violet,sedan,manual,2012,14,hyundai_verna
delhi,hyundai,grand i10,asta 1.2 kappa vtvt (o),101940,2015,349000,petrol,1,grey,hatchback,manual,2015,11,hyundai_grand i10
delhi,tata,tiago nrg,petrol,68234,2018,374000,petrol,2,grey,hatchback,manual,2018,8,tata_tiago nrg
delhi,volkswagen,polo,highline1.2l (p),104872,2013,285000,petrol,2,silver,hatchback,manual,2013,13,volkswagen_polo
delhi,hyundai,eon,magna +,56593,2014,234000,petrol,1,white,hatchback,manual,2014,12,hyundai_eon
delhi,kia,sonet,gtx plus 1.0 dct,70559,2022,1063404,petrol,1,black,suv,automatic,2022,4,kia_sonet
delhi,tata,tiago,xz plus cng,21344,2023,697000,cng,1,grey,hatchback,manual,2024,3,tata_tiago
delhi,hyundai,elite i20,asta 1.2,63058,2015,455000,petrol,1,red,hatchback,manual,2016,11,hyundai_elite i20
delhi,maruti suzuki,swift,zxi,38204,2014,341000,petrol,2,red,hatchback,manual,2014,12,maruti suzuki_swift
delhi,hyundai,creta,1.6 sx plus auto petrol,73001,2017,775000,petrol,1,silver,suv,automatic,2017,9,hyundai_creta
delhi,maruti suzuki,wagon r,vxi 1.0,23149,2023,489000,petrol,1,grey,hatchback,manual,2023,3,maruti suzuki_wagon r
delhi,toyota,corolla altis,j(s) petrol,20795,2014,489000,petrol,2,silver,sedan,manual,2014,12,toyota_corolla altis
delhi,ford,ecosport,titanium 1.5l ti-vct,94601,2019,571000,petrol,2,grey,suv,manual,2019,7,ford_ecosport
delhi,tata,nexon,xza plus (hs),26908,2022,961000,petrol,1,grey,suv,automatic,2022,4,tata_nexon
delhi,honda,city,vx petrol,75860,2017,641000,petrol,1,grey,sedan,manual,2017,9,honda_city
delhi,hyundai,grand i10,sportz 1.2 kappa vtvt,10855,2018,472000,petrol,1,red,hatchback,manual,2018,8,hyundai_grand i10
delhi,ford,ecosport,titanium 1.0 ecoboost,67477,2014,405000,petrol,1,grey,suv,manual,2014,12,ford_ecosport
delhi,honda,amaze,1.2 v cvt petrol,42665,2019,621000,petrol,1,brown,sedan,automatic,2019,7,honda_amaze
delhi,renault,kiger,rxz turbo cvt,38764,2022,731000,petrol,2,blue,suv,automatic,2022,4,renault_kiger
delhi,renault,kiger,rxt (o) amt,23076,2022,623000,petrol,1,white,suv,automatic,2022,4,renault_kiger
delhi,hyundai,venue,s plus 1.2 petrol,28815,2022,786000,petrol,1,grey,suv,manual,2022,4,hyundai_venue
delhi,nissan,sunny,xl,42115,2012,257000,petrol,1,grey,sedan,manual,2012,14,nissan_sunny
delhi,honda,city,zx cvt petrol,66556,2019,861000,petrol,1,red,sedan,automatic,2019,7,honda_city
delhi,hyundai,grand i10,sportz 1.2 kappa vtvt dual tone,49998,2018,450000,petrol,1,red,hatchback,manual,2018,8,hyundai_grand i10
delhi,datsun,redi-go,s (o),18837,2016,221000,petrol,1,red,hatchback,manual,2016,10,datsun_redi-go
delhi,honda,city,sv cvt,71629,2014,419000,petrol,2,grey,sedan,automatic,2014,12,honda_city
delhi,hyundai,grand i10,sportz 1.2 kappa vtvt,64863,2015,319000,petrol,2,silver,hatchback,manual,2015,11,hyundai_grand i10
delhi,renault,kwid,rxt 1.0 (o),57828,2022,389000,petrol,1,red,hatchback,manual,2022,4,renault_kwid
delhi,renault,kwid,rxt 1.0 sce edition,45108,2016,270000,petrol,1,grey,hatchback,manual,2016,10,renault_kwid
delhi,maruti suzuki,brezza,zxi plus,32494,2022,1069448,petrol,1,red,suv,manual,2022,4,maruti suzuki_brezza
delhi,hyundai,venue,sx 1.0 (o) turbo imt,14592,2020,883000,petrol,1,blue,suv,manual,2020,6,hyundai_venue
delhi,maruti suzuki,s-cross,zeta,21365,2020,758000,petrol,1,white,suv,manual,2020,6,maruti suzuki_s-cross
delhi,volkswagen,polo,highline1.2l (p),61037,2015,379000,petrol,2,red,hatchback,manual,2015,11,volkswagen_polo
delhi,hyundai,grand i10,asta at 1.2 kappa vtvt,60944,2015,402000,petrol,1,white,hatchback,automatic,2015,11,hyundai_grand i10
delhi,renault,duster,rxz 1.5 petrol mt,61167,2021,713000,petrol,1,grey,suv,manual,2021,5,renault_duster
delhi,mahindra,thar,lx hard top petrol at 4wd,38863,2021,1249175,petrol,1,grey,suv,automatic,2021,5,mahindra_thar
delhi,hyundai,xcent,s 1.2,75401,2014,319000,petrol,1,silver,sedan,manual,2014,12,hyundai_xcent
delhi,hyundai,grand i10,asta 1.2 kappa vtvt,87905,2013,268000,petrol,1,red,hatchback,manual,2013,13,hyundai_grand i10
delhi,honda,amaze,1.2 vx i-vtec,51159,2014,325000,petrol,1,silver,sedan,manual,2014,12,honda_amaze
delhi,honda,city,sv,97388,2014,419000,petrol,1,grey,sedan,manual,2014,12,honda_city
delhi,maruti suzuki,wagon r,vxi 1.0,17924,2024,529000,petrol,1,grey,hatchback,manual,2024,2,maruti suzuki_wagon r
delhi,hyundai,i20 active,1.2 s,57868,2015,403000,petrol,1,red,crossover,manual,2015,11,hyundai_i20 active
delhi,maruti suzuki,baleno,zeta 1.2 at,52686,2018,536000,petrol,1,blue,hatchback,automatic,2018,8,maruti suzuki_baleno
delhi,maruti suzuki,s-cross,zeta,57193,2022,820000,petrol,1,silver,suv,manual,2022,4,maruti suzuki_s-cross
delhi,renault,kiger,rxz turbo cvt dual tone,63485,2021,698000,petrol,1,white,suv,automatic,2021,5,renault_kiger
delhi,hyundai,creta n-line,n10 1.5 turbo mt,6368,2024,1839113,petrol,1,black,suv,manual,2024,2,hyundai_creta n-line
delhi,mahindra,xuv 300,w8 petrol,94737,2020,655000,petrol,1,red,suv,manual,2020,6,mahindra_xuv 300
delhi,maruti suzuki,new ertiga,zxi at,50444,2020,921000,petrol,1,white,muv,automatic,2020,6,maruti suzuki_new ertiga
delhi,maruti suzuki,wagon r 1.0,vxi,82399,2018,331000,petrol,1,silver,hatchback,manual,2018,8,maruti suzuki_wagon r 1.0
delhi,maruti suzuki,wagon r,lxi,19381,2018,351000,petrol,1,silver,hatchback,manual,2018,8,maruti suzuki_wagon r
delhi,maruti suzuki,ciaz,delta 1.4 mt,79066,2017,524000,petrol,1,grey,sedan,manual,2017,9,maruti suzuki_ciaz
delhi,hyundai,elite i20,sportz 1.2,43444,2015,414000,petrol,1,silver,hatchback,manual,2015,11,hyundai_elite i20
delhi,hyundai,creta,sx (o) at diesel,83347,2021,1273468,diesel,1,black,suv,automatic,2021,5,hyundai_creta
delhi,honda,amaze,1.2 sx i-vtec,23447,2015,356000,petrol,1,brown,sedan,manual,2015,11,honda_amaze
delhi,maruti suzuki,alto 800,vxi,40591,2017,272000,petrol,1,grey,hatchback,manual,2017,9,maruti suzuki_alto 800
delhi,kia,seltos,gtx plus at d,89980,2021,1282558,diesel,1,grey,suv,automatic,2021,5,kia_seltos
delhi,renault,kwid,rxt (o) 1.0 sce edition,59081,2019,286000,petrol,2,white,hatchback,manual,2019,7,renault_kwid
delhi,maruti suzuki,ciaz,alpha hybrid 1.5,62327,2020,664000,petrol,2,brown,sedan,manual,2020,6,maruti suzuki_ciaz
delhi,maruti suzuki,vitara brezza,zxi plus,77879,2021,754000,petrol,1,red,suv,manual,2021,5,maruti suzuki_vitara brezza
delhi,maruti suzuki,swift,zxi,34992,2022,639000,petrol,1,silver,hatchback,manual,2022,4,maruti suzuki_swift
delhi,hyundai,grand i10,sportz 1.2 kappa vtvt,22771,2014,349000,petrol,1,silver,hatchback,manual,2014,12,hyundai_grand i10
delhi,tata,altroz,xz plus (o) (s) icng,40054,2023,895000,cng,1,blue,hatchback,manual,2023,3,tata_altroz
delhi,maruti suzuki,swift,lxi (o),56055,2015,347000,petrol,1,grey,hatchback,manual,2015,11,maruti suzuki_swift
delhi,datsun,redi-go,t,25479,2018,216000,petrol,2,red,hatchback,manual,2018,8,datsun_redi-go
delhi,tata,altroz,xz 1.2,91680,2021,551000,petrol,1,white,hatchback,manual,2021,5,tata_altroz
delhi,maruti suzuki,wagon r 1.0,vxi amt,33547,2017,360000,petrol,2,grey,hatchback,automatic,2017,9,maruti suzuki_wagon r 1.0
delhi,nissan,magnite,xv premium turbo cvt,19218,2022,762000,petrol,2,silver,suv,automatic,2022,4,nissan_magnite
delhi,ford,ecosport,titanium + 1.5l ti-vct at,93863,2018,644000,petrol,1,white,suv,automatic,2018,8,ford_ecosport
delhi,maruti suzuki,wagon r 1.0,vxi,55727,2012,210000,petrol,2,silver,hatchback,manual,2012,14,maruti suzuki_wagon r 1.0
delhi,hyundai,venue,sx 1.0 (o) turbo imt,28920,2020,867000,petrol,1,white,suv,manual,2020,6,hyundai_venue
delhi,maruti suzuki,baleno,delta 1.2,29987,2018,520000,petrol,1,silver,hatchback,manual,2018,8,maruti suzuki_baleno
delhi,honda,wr-v,vx mt petrol,17264,2018,650000,petrol,1,white,suv,manual,2018,8,honda_wr-v
delhi,honda,city,zx cvt petrol,64098,2018,827000,petrol,1,grey,sedan,automatic,2018,8,honda_city
delhi,datsun,redi-go,s 1.0,57920,2017,196000,petrol,3,silver,hatchback,manual,2018,9,datsun_redi-go
delhi,kia,seltos,gtx,86932,2019,997000,petrol,1,silver,suv,manual,2019,7,kia_seltos
delhi,maruti suzuki,swift,zxi,63332,2013,310000,petrol,1,silver,hatchback,manual,2013,13,maruti suzuki_swift
delhi,honda,jazz,zx,52014,2022,710000,petrol,1,brown,hatchback,manual,2022,4,honda_jazz
delhi,renault,kiger,rxt 1.0 turbo mt,14328,2021,656000,petrol,1,brown,suv,manual,2021,5,renault_kiger
delhi,tata,tigor,xz plus cng,60711,2022,661000,cng,1,grey,sedan,manual,2022,4,tata_tigor
delhi,kia,seltos,htx d,52405,2022,1279000,diesel,1,white,suv,manual,2022,4,kia_seltos
delhi,kia,sonet,gtx plus 1.0 dct,55660,2021,1069493,petrol,1,red,suv,automatic,2021,5,kia_sonet
delhi,maruti suzuki,swift,vxi amt,34414,2020,573000,petrol,1,white,hatchback,automatic,2020,6,maruti suzuki_swift
delhi,ford,ecosport,titanium plus 1.5l ti-vct at,84708,2020,769000,petrol,1,grey,suv,automatic,2020,6,ford_ecosport
delhi,maruti suzuki,baleno,zeta mt,18805,2024,778000,petrol,1,blue,hatchback,manual,2024,2,maruti suzuki_baleno
delhi,hyundai,venue,sx 1.0 turbo imt,24123,2020,780000,petrol,1,white,suv,manual,2020,6,hyundai_venue
delhi,honda,amaze,1.2 sx i-vtec,60595,2016,347000,petrol,2,red,sedan,manual,2016,10,honda_amaze
delhi,kia,seltos,gtx plus 1.4,29757,2021,1383558,petrol,1,white,suv,manual,2021,5,kia_seltos
delhi,honda,amaze,s cvt 1.2 petrol,25525,2023,729000,petrol,1,red,sedan,automatic,2023,3,honda_amaze
delhi,maruti suzuki,dzire,zxi amt,72167,2019,546000,petrol,1,grey,sedan,automatic,2019,7,maruti suzuki_dzire
delhi,nissan,magnite,xl,36089,2021,522000,petrol,1,brown,suv,manual,2021,5,nissan_magnite
delhi,maruti suzuki,swift,vxi,64819,2013,267000,petrol,2,grey,hatchback,manual,2013,13,maruti suzuki_swift
delhi,honda,wr-v,vx mt petrol,29300,2018,641000,petrol,1,brown,suv,manual,2018,8,honda_wr-v
delhi,honda,city,v,107735,2015,440000,petrol,1,brown,sedan,manual,2015,11,honda_city
delhi,mahindra,xuv 300,w8 (o) petrol,27976,2021,878000,petrol,1,white,suv,manual,2021,5,mahindra_xuv 300
delhi,hyundai,venue,sx plus 1.0 turbo dct,98275,2021,808000,petrol,1,blue,suv,automatic,2021,5,hyundai_venue
delhi,hyundai,xcent,s 1.2,27117,2014,329000,petrol,1,white,sedan,manual,2014,12,hyundai_xcent
delhi,hyundai,elite i20,asta (o) cvt,25105,2019,694000,petrol,1,silver,hatchback,automatic,2019,7,hyundai_elite i20
delhi,honda,city,vx cvt,75521,2016,597000,petrol,1,silver,sedan,automatic,2016,10,honda_city
delhi,toyota,corolla altis,vl cvt petrol,81524,2019,1095655,petrol,1,golden,sedan,automatic,2019,7,toyota_corolla altis
delhi,ford,ecosport,titanium 1.5l ti-vct at,54420,2016,530000,petrol,2,white,suv,automatic,2017,10,ford_ecosport
delhi,maruti suzuki,baleno,delta 1.2,15018,2018,530000,petrol,1,red,hatchback,manual,2018,8,maruti suzuki_baleno
delhi,hyundai,elite i20,magna 1.2,114679,2015,365000,petrol,1,red,hatchback,manual,2015,11,hyundai_elite i20
delhi,hyundai,xcent,s 1.2,56378,2015,355000,petrol,1,blue,sedan,manual,2015,11,hyundai_xcent
delhi,maruti suzuki,baleno,delta 1.2,42400,2018,497000,petrol,1,grey,hatchback,manual,2018,8,maruti suzuki_baleno
delhi,ford,ecosport,titanium + 1.5l ti-vct,67256,2019,695000,petrol,1,white,suv,manual,2019,7,ford_ecosport
delhi,kia,sonet,gtx plus 1.0 imt,21855,2021,963000,petrol,1,red,suv,manual,2021,5,kia_sonet
delhi,mahindra,thar,lx hard top petrol at 4wd,57057,2021,1198675,petrol,1,grey,suv,automatic,2021,5,mahindra_thar
delhi,hyundai,verna,sx (o) 1.6 vtvt at,54548,2018,874000,petrol,1,grey,sedan,automatic,2018,8,hyundai_verna
delhi,volkswagen,vento,1.2l highline petrol at,71981,2015,481000,petrol,2,grey,sedan,automatic,2015,11,volkswagen_vento
delhi,hyundai,creta,1.6 sx plus petrol,88791,2017,668000,petrol,2,white,suv,manual,2017,9,hyundai_creta
delhi,hyundai,grand i10,asta 1.2 kappa vtvt (o),80256,2015,336000,petrol,2,silver,hatchback,manual,2015,11,hyundai_grand i10
delhi,ford,ecosport,titanium 1.5l ti-vct,51877,2017,520000,petrol,2,silver,suv,manual,2017,9,ford_ecosport
delhi,tata,altroz,xz plus petrol,19298,2022,719000,petrol,1,grey,hatchback,manual,2022,4,tata_altroz
delhi,hyundai,creta,sx (o) diesel,34985,2022,1460000,diesel,1,black,suv,manual,2022,4,hyundai_creta
delhi,maruti suzuki,xl6,alpha mt petrol,27630,2023,1137118,petrol,1,white,muv,manual,2023,3,maruti suzuki_xl6
delhi,kia,sonet,gtx plus 1.0 dct,103462,2020,868000,petrol,1,white,suv,automatic,2020,6,kia_sonet
delhi,honda,city,vx cvt petrol,73668,2017,631000,petrol,2,silver,sedan,automatic,2017,9,honda_city
delhi,hyundai,grand i10,asta 1.2 kappa vtvt,65227,2014,313000,petrol,2,white,hatchback,manual,2014,12,hyundai_grand i10
delhi,honda,amaze,1.2 vx i-vtec,39653,2014,370000,petrol,1,silver,sedan,manual,2014,12,honda_amaze
delhi,maruti suzuki,xl6,zeta at petrol,27801,2022,1108883,petrol,1,blue,muv,automatic,2022,4,maruti suzuki_xl6
delhi,kia,seltos,gtx plus at d,61605,2020,1292703,diesel,1,red,suv,automatic,2020,6,kia_seltos
delhi,kia,sonet,htx 1.0 imt,45619,2021,852000,petrol,1,grey,suv,manual,2021,5,kia_sonet
delhi,maruti suzuki,celerio,zxi amt,61960,2018,417000,petrol,1,white,hatchback,automatic,2018,8,maruti suzuki_celerio
delhi,hyundai,verna,sx 1.5 mpi,69872,2021,791000,petrol,2,white,sedan,manual,2021,5,hyundai_verna
delhi,kia,sonet,gtx plus 1.0 dct,37679,2021,1097773,petrol,1,black,suv,automatic,2021,5,kia_sonet
delhi,maruti suzuki,baleno,zeta,121748,2021,579000,petrol,1,silver,hatchback,manual,2021,5,maruti suzuki_baleno
delhi,hyundai,aura,sx 1.2 petrol,20452,2022,665000,petrol,1,silver,sedan,manual,2023,4,hyundai_aura
delhi,hyundai,grand i10,sportz 1.2 kappa vtvt,59608,2016,341000,petrol,2,silver,hatchback,manual,2016,10,hyundai_grand i10
delhi,tata,nexon,xz plus (hs),28805,2022,898000,petrol,1,white,suv,manual,2022,4,tata_nexon
delhi,tata,tigor,revotron xz+,99397,2019,417000,petrol,1,white,sedan,manual,2019,7,tata_tigor
delhi,honda,amaze,vx cvt 1.2 petrol,20882,2023,840000,petrol,1,white,sedan,automatic,2023,3,honda_amaze
delhi,maruti suzuki,s-presso,vxi plus (o),7704,2024,488000,petrol,1,white,hatchback,manual,2025,2,maruti suzuki_s-presso
delhi,renault,kwid,rxt 1.0 sce edition,49627,2016,236000,petrol,2,grey,hatchback,manual,2016,10,renault_kwid
delhi,mahindra,thar,lx convertible petrol at 4wd,38593,2021,1220895,petrol,1,brown,suv,automatic,2021,5,mahindra_thar
delhi,hyundai,elite i20,asta 1.2,41599,2015,453000,petrol,1,maroon,hatchback,manual,2015,11,hyundai_elite i20
delhi,honda,city,zx cvt petrol,64636,2021,970000,petrol,2,silver,sedan,automatic,2021,5,honda_city
delhi,tata,nexon,xz plus,28515,2020,769000,petrol,1,grey,suv,manual,2020,6,tata_nexon
delhi,hyundai,verna,fluidic 1.6 vtvt sx,102653,2013,349000,petrol,1,silver,sedan,manual,2013,13,hyundai_verna
delhi,ford,ecosport,titanium 1.5l ti-vct,104798,2016,454000,petrol,1,silver,suv,manual,2016,10,ford_ecosport
delhi,tata,tiago,revotron xz plus cng,24763,2022,637000,petrol+cng,1,grey,hatchback,manual,2022,4,tata_tiago
delhi,honda,jazz,v cvt,122086,2015,380000,petrol,1,grey,hatchback,automatic,2015,11,honda_jazz
delhi,tata,punch,accomplished icng,30478,2024,791000,cng,1,white,suv,manual,2024,2,tata_punch
delhi,honda,jazz,zx cvt,108976,2022,725000,petrol,1,white,hatchback,automatic,2022,4,honda_jazz
delhi,maruti suzuki,swift,vxi,59335,2013,296000,petrol,1,grey,hatchback,manual,2013,13,maruti suzuki_swift
delhi,maruti suzuki,ciaz,alpha 1.5 at,13419,2023,1071513,petrol,1,silver,sedan,automatic,2023,3,maruti suzuki_ciaz
delhi,hyundai,creta,1.6 sx opt vtvt,51575,2018,916000,petrol,1,silver,suv,manual,2018,8,hyundai_creta
delhi,honda,amaze,1.2 s i-vtec,42765,2013,274000,petrol,2,silver,sedan,manual,2013,13,honda_amaze
delhi,tata,punch,accomplished dazzle pack amt,22874,2023,751000,petrol,1,white,suv,automatic,2023,3,tata_punch
delhi,maruti suzuki,ciaz,zxi+,22742,2015,533000,petrol,1,silver,sedan,manual,2015,11,maruti suzuki_ciaz
delhi,tata,tiago,revotron xz plus cng,41945,2022,634000,petrol+cng,1,violet,hatchback,manual,2022,4,tata_tiago
delhi,tata,nexon,xz+ 1.2l lux petrol mt,11950,2023,977000,petrol,1,white,suv,manual,2023,3,tata_nexon
delhi,maruti suzuki,baleno,zeta,66656,2019,543000,petrol,1,blue,hatchback,manual,2019,7,maruti suzuki_baleno
delhi,maruti suzuki,ciaz,zxi+,22693,2016,562000,petrol,1,brown,sedan,manual,2016,10,maruti suzuki_ciaz
delhi,tata,tigor,revotron xt,72091,2018,406000,petrol,1,grey,sedan,manual,2018,8,tata_tigor
delhi,hyundai,xcent,s 1.2,56217,2016,362000,petrol,1,blue,sedan,manual,2016,10,hyundai_xcent
delhi,renault,kwid,1.0 rxt amt opt,4981,2017,335000,petrol,1,bronze,hatchback,automatic,2017,9,renault_kwid
delhi,hyundai,verna,sx 1.5 crdi at,102741,2021,926000,diesel,1,white,sedan,automatic,2021,5,hyundai_verna
delhi,tata,tigor,revotron xt,26723,2018,440000,petrol,1,brown,sedan,manual,2018,8,tata_tigor
delhi,kia,sonet,gtx plus 1.5 at,114061,2020,897000,diesel,1,white,suv,automatic,2020,6,kia_sonet
delhi,toyota,urban cruiser,high grade mt,46256,2022,759000,petrol,1,blue,suv,manual,2022,4,toyota_urban cruiser
delhi,maruti suzuki,swift,lxi (o),84732,2017,371000,petrol,1,silver,hatchback,manual,2017,9,maruti suzuki_swift
delhi,tata,tiago,revotron xza,17511,2018,470000,petrol,1,grey,hatchback,automatic,2018,8,tata_tiago
delhi,ford,ecosport,titanium + 1.5l ti-vct at,45707,2018,590000,petrol,3,silver,suv,automatic,2018,8,ford_ecosport
delhi,tata,nexon,xza plus amt s,33236,2020,841000,petrol,1,grey,suv,automatic,2020,6,tata_nexon
delhi,tata,nexon,xza plus dualtone roof (o) amt,29926,2021,931000,petrol,1,white,suv,automatic,2021,5,tata_nexon
delhi,hyundai,grand i10,sportz 1.2 kappa vtvt,71194,2014,310000,petrol,1,red,hatchback,manual,2014,12,hyundai_grand i10
delhi,ford,ecosport,titanium + 1.5l ti-vct at,100981,2019,701000,petrol,1,white,suv,automatic,2019,7,ford_ecosport
delhi,mahindra,xuv 300,w8 (o) petrol,19391,2022,951000,petrol,1,silver,suv,manual,2022,4,mahindra_xuv 300
delhi,kia,sonet,htx 1.0 imt,21328,2021,885000,petrol,1,silver,suv,manual,2021,5,kia_sonet
delhi,ford,ecosport,titanium 1.5l ti-vct at,31429,2016,596000,petrol,1,silver,suv,automatic,2016,10,ford_ecosport
delhi,honda,city,1.5 v mt,80394,2012,270000,petrol,2,golden,sedan,manual,2012,14,honda_city
delhi,ford,ecosport,titanium 1.5l ti-vct,61865,2018,563000,petrol,2,brown,suv,manual,2018,8,ford_ecosport
delhi,hyundai,creta,sx opt turbo dct petrol,64437,2020,1172468,petrol,2,black,suv,automatic,2020,6,hyundai_creta
delhi,hyundai,fluidic verna 4s,1.6 vtvt sx,50067,2016,528000,petrol,2,grey,sedan,manual,2016,10,hyundai_fluidic verna 4s
delhi,honda,city,vx diesel,42083,2022,1172468,diesel,1,grey,sedan,manual,2022,4,honda_city
delhi,kia,sonet,htx 1.0 imt,36107,2022,914000,petrol,1,grey,suv,manual,2022,4,kia_sonet
delhi,toyota,innova crysta,2.4  vx 8 str,74974,2022,2071413,diesel,1,grey,muv,manual,2022,4,toyota_innova crysta
delhi,maruti suzuki,dzire,zxi ags,28179,2023,778000,petrol,1,grey,sedan,automatic,2023,3,maruti suzuki_dzire
delhi,honda,city,s,67120,2014,400000,petrol,1,silver,sedan,manual,2014,12,honda_city
delhi,maruti suzuki,alto 800,lxi,39788,2014,219000,petrol,1,grey,hatchback,manual,2014,12,maruti suzuki_alto 800
delhi,maruti suzuki,baleno,zeta mt,8912,2024,799000,petrol,1,grey,hatchback,manual,2024,2,maruti suzuki_baleno
delhi,hyundai,elite i20,asta 1.2,61402,2015,420000,petrol,2,grey,hatchback,manual,2015,11,hyundai_elite i20
delhi,renault,kwid,rxt 1.0,22830,2023,433000,petrol,1,white,hatchback,manual,2023,3,renault_kwid
delhi,hyundai,venue,sx 1.0 turbo,29188,2020,777000,petrol,1,blue,suv,manual,2020,6,hyundai_venue
delhi,honda,city,vx cvt,84840,2016,593000,petrol,1,grey,sedan,automatic,2016,10,honda_city
delhi,hyundai,creta,1.6 sx plus auto petrol,64642,2017,797000,petrol,1,silver,suv,automatic,2017,9,hyundai_creta
delhi,honda,city,1.5 s mt,91204,2012,260000,petrol,2,brown,sedan,manual,2012,14,honda_city
delhi,renault,kiger,rxz mt,58839,2021,576000,petrol,1,silver,suv,manual,2021,5,renault_kiger
delhi,maruti suzuki,baleno,alpha 1.2,89955,2017,479000,petrol,1,grey,hatchback,manual,2017,9,maruti suzuki_baleno
delhi,hyundai,aura,sx 1.2 cng,39199,2023,732000,cng,1,silver,sedan,manual,2023,3,hyundai_aura
delhi,hyundai,new santro 1.1,magna cng,61381,2019,428000,petrol+cng,1,beige,hatchback,manual,2019,7,hyundai_new santro 1.1
delhi,honda,city,1.5 s mt,25020,2013,313000,petrol,2,white,sedan,manual,2013,13,honda_city
delhi,maruti suzuki,ciaz,s 1.4 mt,44503,2017,614000,petrol,1,silver,sedan,manual,2017,9,maruti suzuki_ciaz
delhi,renault,kiger,rxz turbo cvt dual tone,5777,2023,951000,petrol,1,silver,suv,automatic,2023,3,renault_kiger
delhi,hyundai,venue,sx 1.5 crdi,51119,2021,791000,diesel,1,white,suv,manual,2021,5,hyundai_venue
delhi,hyundai,grand i10,sportz 1.2 kappa vtvt,104815,2017,383000,petrol,1,silver,hatchback,manual,2017,9,hyundai_grand i10
delhi,tata,tiago,revotron xza,50821,2018,447000,petrol,1,white,hatchback,automatic,2018,8,tata_tiago
delhi,honda,amaze,1.2 s at i-vtec,75685,2013,316000,petrol,1,silver,sedan,automatic,2013,13,honda_amaze
delhi,maruti suzuki,swift,zxi,65449,2014,339000,petrol,2,silver,hatchback,manual,2014,12,maruti suzuki_swift
delhi,maruti suzuki,ciaz,vxi+,107259,2015,417000,petrol,1,grey,sedan,manual,2015,11,maruti suzuki_ciaz
delhi,maruti suzuki,wagon r 1.0,lxi cng,100842,2013,239000,cng,1,white,hatchback,manual,2013,13,maruti suzuki_wagon r 1.0
delhi,hyundai,grand i10,sportz 1.2 kappa vtvt,33738,2019,490000,petrol,1,grey,hatchback,manual,2019,7,hyundai_grand i10
delhi,hyundai,verna,sx plus 1.6 vtvt at,52816,2019,838000,petrol,2,white,sedan,automatic,2019,7,hyundai_verna
delhi,maruti suzuki,ciaz,zxi  at,118222,2015,429000,petrol,2,grey,sedan,automatic,2015,11,maruti suzuki_ciaz
delhi,ford,ecosport,titanium + 1.5l ti-vct at,49357,2018,703000,petrol,1,brown,suv,automatic,2018,8,ford_ecosport
delhi,hyundai,i10,sportz 1.1 irde2,29917,2014,282000,petrol,1,silver,hatchback,manual,2014,12,hyundai_i10
delhi,maruti suzuki,baleno,zeta,61200,2019,547000,petrol,1,silver,hatchback,manual,2019,7,maruti suzuki_baleno
delhi,tata,nexon,xt plus petrol,49042,2019,647000,petrol,1,orange,suv,manual,2019,7,tata_nexon
delhi,nissan,magnite,xv premium turbo cvt,30310,2021,818000,petrol,1,white,suv,automatic,2021,5,nissan_magnite
delhi,tata,nexon,xz plus,121308,2021,674000,petrol,1,white,suv,manual,2021,5,tata_nexon
delhi,maruti suzuki,dzire,zxi amt,28784,2017,561000,petrol,1,blue,sedan,automatic,2017,9,maruti suzuki_dzire
delhi,hyundai,venue,sx 1.0 (o) petrol,98897,2019,702000,petrol,1,white,suv,manual,2019,7,hyundai_venue
delhi,toyota,glanza,v,34282,2022,742000,petrol,1,silver,hatchback,manual,2022,4,toyota_glanza
delhi,maruti suzuki,baleno,alpha 1.2,39663,2016,481000,petrol,1,silver,hatchback,manual,2016,10,maruti suzuki_baleno
delhi,honda,city,vx cvt,80090,2017,729000,petrol,1,grey,sedan,automatic,2017,9,honda_city
delhi,honda,city,v,53056,2016,547000,petrol,1,brown,sedan,manual,2016,10,honda_city
delhi,maruti suzuki,dzire,vxi amt,86356,2020,587000,petrol,1,grey,sedan,automatic,2020,6,maruti suzuki_dzire
delhi,maruti suzuki,baleno,zeta 1.2,66014,2015,416000,petrol,1,white,hatchback,manual,2015,11,maruti suzuki_baleno
delhi,maruti suzuki,swift,vxi amt,43021,2019,549000,petrol,1,white,hatchback,automatic,2019,7,maruti suzuki_swift
delhi,hyundai,venue,sx 1.0 (o) petrol,68488,2019,589000,petrol,3,red,suv,manual,2019,7,hyundai_venue
delhi,honda,jazz,v petrol,46761,2016,430000,petrol,1,silver,hatchback,manual,2016,10,honda_jazz
delhi,honda,jazz,s at,71698,2015,375000,petrol,2,grey,hatchback,automatic,2015,11,honda_jazz
delhi,hyundai,elite i20,sportz 1.2,72681,2016,456000,petrol,1,maroon,hatchback,manual,2016,10,hyundai_elite i20
delhi,hyundai,eon,sportz,81199,2014,234000,petrol,1,red,hatchback,manual,2015,12,hyundai_eon
delhi,maruti suzuki,ciaz,delta 1.4 at,24759,2017,593000,petrol,2,white,sedan,automatic,2017,9,maruti suzuki_ciaz
delhi,ford,ecosport,trend 1.5l ti-vct,61383,2018,550000,petrol,1,grey,suv,manual,2018,8,ford_ecosport
delhi,maruti suzuki,baleno,delta 1.2,32495,2018,515000,petrol,1,silver,hatchback,manual,2018,8,maruti suzuki_baleno
delhi,volkswagen,polo,highline1.2l (p),81525,2013,319000,petrol,1,silver,hatchback,manual,2013,13,volkswagen_polo
delhi,renault,triber,rxz,42647,2020,489000,petrol,2,blue,muv,manual,2020,6,renault_triber
delhi,hyundai,elite i20,magna plus 1.2,28694,2019,536000,petrol,1,grey,hatchback,manual,2019,7,hyundai_elite i20
delhi,honda,amaze,1.2 s i-vtec,42993,2013,290000,petrol,1,white,sedan,manual,2013,13,honda_amaze
delhi,volkswagen,ameo,1.0 highline plus petrol,15524,2019,526000,petrol,1,grey,sedan,manual,2019,7,volkswagen_ameo
delhi,renault,duster,rxz 1.5 petrol mt,23330,2021,778000,petrol,1,bronze,suv,manual,2021,5,renault_duster
delhi,maruti suzuki,swift,vxi,51297,2018,478000,petrol,1,blue,hatchback,manual,2018,8,maruti suzuki_swift
delhi,honda,brio,s mt,58830,2013,250000,petrol,1,brown,hatchback,manual,2013,13,honda_brio
delhi,hyundai,elite i20,sportz 1.2 (o),70035,2015,403000,petrol,2,white,hatchback,manual,2015,11,hyundai_elite i20
delhi,mahindra,thar,lx hard top petrol at 4wd,120933,2021,1151303,petrol,1,grey,suv,automatic,2021,5,mahindra_thar
delhi,honda,city,v,51087,2016,558000,petrol,1,white,sedan,manual,2016,10,honda_city
delhi,hyundai,creta,sx opt turbo dct petrol,72130,2022,1468398,petrol,1,black,suv,automatic,2022,4,hyundai_creta
delhi,tata,punch,accomplished amt,60084,2022,623000,petrol,1,grey,suv,automatic,2022,4,tata_punch
delhi,maruti suzuki,ciaz,zeta 1.4 at,49899,2017,649000,petrol,1,silver,sedan,automatic,2017,9,maruti suzuki_ciaz
delhi,renault,kwid,1.0 rxt opt,32643,2020,335000,petrol,2,red,hatchback,manual,2020,6,renault_kwid
delhi,honda,amaze,1.2 vx i-vtec,73441,2013,295000,petrol,1,white,sedan,manual,2013,13,honda_amaze
delhi,mg motors,hector,sharp 2.0 diesel turbo mt,47331,2021,1420000,diesel,1,grey,suv,manual,2021,5,mg motors_hector
delhi,mg motors,hector,sharp 2.0 diesel turbo mt,46161,2021,1455215,diesel,1,black,suv,manual,2021,5,mg motors_hector
delhi,maruti suzuki,ciaz,zxi+ at,70189,2016,574000,petrol,1,grey,sedan,automatic,2016,10,maruti suzuki_ciaz
delhi,maruti suzuki,swift,zxi amt,122578,2018,494000,petrol,1,red,hatchback,automatic,2018,8,maruti suzuki_swift
delhi,hyundai,aura,sx 1.2 (o) crdi,121845,2020,578000,diesel,1,brown,sedan,manual,2020,6,hyundai_aura
delhi,hyundai,i10,magna 1.1 irde2,69988,2014,233000,petrol,2,grey,hatchback,manual,2014,12,hyundai_i10
delhi,hyundai,xcent,s petrol,79386,2014,290000,petrol,2,blue,sedan,manual,2014,12,hyundai_xcent
delhi,maruti suzuki,ciaz,zxi,39249,2016,534000,petrol,1,brown,sedan,manual,2016,10,maruti suzuki_ciaz
delhi,maruti suzuki,baleno,delta 1.2,27740,2018,518000,petrol,1,red,hatchback,manual,2018,8,maruti suzuki_baleno
delhi,kia,sonet,gtx plus 1.5 at,51793,2020,966000,diesel,1,maroon,suv,automatic,2020,6,kia_sonet
delhi,kia,sonet,htx 1.0 imt,41729,2021,864000,petrol,1,black,suv,manual,2021,5,kia_sonet
delhi,maruti suzuki,dzire,vxi ags,95519,2021,549000,petrol,1,white,sedan,automatic,2021,5,maruti suzuki_dzire
delhi,honda,city,sv,62838,2014,429000,petrol,1,brown,sedan,manual,2014,12,honda_city
delhi,hyundai,creta,1.6 sx at vtvt,58017,2019,974000,petrol,1,black,suv,automatic,2019,7,hyundai_creta
delhi,hyundai,grand i10,asta 1.2 kappa vtvt,53418,2015,376000,petrol,1,silver,hatchback,manual,2015,11,hyundai_grand i10
delhi,hyundai,elite i20,sportz 1.2,85482,2016,429000,petrol,1,white,hatchback,manual,2016,10,hyundai_elite i20
delhi,tata,tigor,revotron xz+ cng,49000,2023,676000,petrol+cng,1,maroon,sedan,manual,2023,3,tata_tigor
delhi,toyota,corolla altis,vl cvt petrol,117684,2018,925000,petrol,1,brown,sedan,automatic,2019,8,toyota_corolla altis
delhi,maruti suzuki,baleno,alpha 1.2,63063,2016,471000,petrol,1,blue,hatchback,manual,2016,10,maruti suzuki_baleno
delhi,maruti suzuki,alto 800,lxi,19691,2014,205000,petrol,2,silver,hatchback,manual,2014,12,maruti suzuki_alto 800
delhi,hyundai,elite i20,asta 1.2 (o) cvt,30888,2019,564000,petrol,3,silver,hatchback,automatic,2019,7,hyundai_elite i20
delhi,ford,freestyle,titanium 1.2,63558,2018,422000,petrol,1,silver,crossover,manual,2018,8,ford_freestyle
delhi,maruti suzuki,baleno,alpha mt,9033,2022,797000,petrol,1,grey,hatchback,manual,2022,4,maruti suzuki_baleno
delhi,mahindra,thar,lx hard top petrol at 4wd,48885,2023,1362393,petrol,1,black,suv,automatic,2023,3,mahindra_thar
delhi,hyundai,fluidic verna 4s,1.6 vtvt sx at,45056,2016,588000,petrol,2,black,sedan,automatic,2016,10,hyundai_fluidic verna 4s
delhi,ford,ecosport,s petrol,44917,2020,719000,petrol,2,blue,suv,manual,2020,6,ford_ecosport
delhi,hyundai,i10,sportz 1.1 irde2,38858,2014,270000,petrol,1,grey,hatchback,manual,2014,12,hyundai_i10
delhi,hyundai,grand i10,asta 1.2 kappa vtvt,65755,2017,433000,petrol,1,red,hatchback,manual,2017,9,hyundai_grand i10
delhi,mahindra,thar,lx convertible petrol at 4wd,91882,2021,1088683,petrol,1,red,suv,automatic,2021,5,mahindra_thar
delhi,maruti suzuki,baleno,alpha ags,22913,2023,829000,petrol,1,white,hatchback,automatic,2023,3,maruti suzuki_baleno
delhi,maruti suzuki,swift,lxi (o),62425,2017,378000,petrol,1,white,hatchback,manual,2017,9,maruti suzuki_swift
delhi,honda,amaze,1.2 s i-vtec,59172,2013,296000,petrol,1,maroon,sedan,manual,2014,13,honda_amaze
delhi,hyundai,eon,era +,47434,2016,231000,petrol,2,silver,hatchback,manual,2016,10,hyundai_eon
delhi,honda,wr-v,vx mt petrol,43458,2018,629000,petrol,1,grey,suv,manual,2018,8,honda_wr-v
delhi,kia,seltos,gtx dct,45424,2019,1189683,petrol,1,red,suv,automatic,2019,7,kia_seltos
delhi,renault,kwid,rxl (o) 0.8,22987,2022,394000,petrol,1,white,hatchback,manual,2022,4,renault_kwid
delhi,maruti suzuki,swift,vxi,35362,2018,472000,petrol,1,silver,hatchback,manual,2018,8,maruti suzuki_swift
delhi,maruti suzuki,swift,zxi amt,56125,2018,506000,petrol,2,silver,hatchback,automatic,2018,8,maruti suzuki_swift
delhi,honda,amaze,1.2 sx i-vtec,41052,2016,413000,petrol,1,white,sedan,manual,2016,10,honda_amaze
delhi,tata,tigor,revotron xz+ cng,45143,2022,645000,petrol+cng,1,grey,sedan,manual,2022,4,tata_tigor
delhi,honda,brio,s mt,65156,2012,249000,petrol,1,blue,hatchback,manual,2012,14,honda_brio
delhi,hyundai,aura,sx 1.2 cng,15197,2023,785000,cng,1,white,sedan,manual,2023,3,hyundai_aura
delhi,maruti suzuki,new ertiga,vxi at,59824,2019,787000,petrol,1,red,muv,automatic,2019,7,maruti suzuki_new ertiga
delhi,renault,kiger,rxt (o) amt,4888,2024,758000,petrol,1,black,suv,automatic,2024,2,renault_kiger
delhi,maruti suzuki,baleno,zeta mt,13926,2024,782000,petrol,1,white,hatchback,manual,2024,2,maruti suzuki_baleno
delhi,renault,duster,rxl petrol,87357,2016,432000,petrol,2,red,suv,manual,2016,10,renault_duster
delhi,maruti suzuki,wagon r 1.2,zxi 1.2 amt,35845,2022,573000,petrol,1,silver,hatchback,automatic,2022,4,maruti suzuki_wagon r 1.2
delhi,renault,kwid,climber 1.0 amt opt,39120,2020,409000,petrol,1,green,hatchback,automatic,2020,6,renault_kwid
delhi,maruti suzuki,swift,lxi (o),57447,2015,349000,petrol,1,white,hatchback,manual,2015,11,maruti suzuki_swift
delhi,maruti suzuki,wagon r 1.0,lxi,40553,2013,241000,petrol,1,grey,hatchback,manual,2013,13,maruti suzuki_wagon r 1.0
delhi,volkswagen,polo,highline1.2l (p),97854,2016,417000,petrol,1,grey,hatchback,manual,2016,10,volkswagen_polo
delhi,maruti suzuki,baleno,zeta 1.2 at,48763,2017,475000,petrol,2,silver,hatchback,automatic,2017,9,maruti suzuki_baleno
delhi,tata,nexon,xz plus s,29182,2021,859000,petrol,1,grey,suv,manual,2021,5,tata_nexon
delhi,ford,ecosport,titanium 1.5l ti-vct at,56031,2017,589000,petrol,1,bronze,suv,automatic,2017,9,ford_ecosport
delhi,hyundai,venue,sx plus 1.0 turbo dct,72909,2019,779000,petrol,1,red,suv,automatic,2019,7,hyundai_venue
delhi,volkswagen,ameo,comfortline 1.2l (p),38414,2016,370000,petrol,1,brown,sedan,manual,2016,10,volkswagen_ameo
delhi,mahindra,thar,lx hard top petrol at 4wd,31269,2022,1366433,petrol,1,beige,suv,automatic,2022,4,mahindra_thar
delhi,maruti suzuki,baleno,alpha,41494,2019,605000,petrol,1,blue,hatchback,manual,2019,7,maruti suzuki_baleno
delhi,honda,city,vx petrol,66738,2022,975000,petrol,1,grey,sedan,manual,2022,4,honda_city
delhi,maruti suzuki,vitara brezza,zxi plus at dual tone,38718,2020,819000,petrol,2,red,suv,automatic,2020,6,maruti suzuki_vitara brezza
delhi,maruti suzuki,ciaz,alpha 1.4 at,37628,2017,628000,petrol,2,grey,sedan,automatic,2017,9,maruti suzuki_ciaz
delhi,honda,city,vx cvt,122736,2014,449000,petrol,1,silver,sedan,automatic,2014,12,honda_city
delhi,hyundai,grand i10,magna 1.2 kappa vtvt,27991,2016,368000,petrol,1,grey,hatchback,manual,2016,10,hyundai_grand i10
delhi,hyundai,venue,sx plus 1.0 turbo dct,64553,2019,797000,petrol,1,red,suv,automatic,2019,7,hyundai_venue
delhi,mg motors,hector,sharp 1.5 dct petrol,47464,2019,1109848,petrol,1,silver,suv,automatic,2019,7,mg motors_hector
delhi,maruti suzuki,ciaz,zxi+ at,87237,2016,545000,petrol,1,grey,sedan,automatic,2016,10,maruti suzuki_ciaz
delhi,honda,city,v,65222,2016,527000,petrol,1,silver,sedan,manual,2016,10,honda_city
delhi,tata,tiago,revotron xz,29807,2017,358000,petrol,2,silver,hatchback,manual,2017,9,tata_tiago
delhi,volkswagen,polo,comfortline 1.2l (p),89872,2016,404000,petrol,1,grey,hatchback,manual,2016,10,volkswagen_polo
delhi,mahindra,thar,lx hard top petrol at 4wd,39338,2022,1340075,petrol,1,grey,suv,automatic,2022,4,mahindra_thar
delhi,honda,city,zx cvt,72632,2017,780000,petrol,1,grey,sedan,automatic,2017,9,honda_city
delhi,maruti suzuki,fronx,alpha 1.0l turbo mt,14392,2023,1045224,petrol,1,white,suv,manual,2023,3,maruti suzuki_fronx
delhi,honda,city,vx petrol,20453,2022,1090703,petrol,1,white,sedan,manual,2022,4,honda_city
delhi,hyundai,eon,era +,46246,2015,220000,petrol,2,white,hatchback,manual,2015,11,hyundai_eon
delhi,volkswagen,polo,comfortline 1.2l (p),97991,2012,250000,petrol,1,grey,hatchback,manual,2012,14,volkswagen_polo
delhi,mahindra,xuv500,w9 at,86899,2020,1088585,diesel,1,black,suv,automatic,2020,6,mahindra_xuv500
delhi,hyundai,creta,sx+ se,90490,2017,672000,petrol,2,white,suv,manual,2017,9,hyundai_creta
delhi,hyundai,grand i10,magna 1.2 kappa vtvt,24593,2018,425000,petrol,1,red,hatchback,manual,2018,8,hyundai_grand i10
delhi,volkswagen,vento,1.2l highline petrol at,79654,2016,462000,petrol,3,grey,sedan,automatic,2016,10,volkswagen_vento
delhi,maruti suzuki,baleno,alpha 1.2 at,58227,2018,551000,petrol,2,white,hatchback,automatic,2018,8,maruti suzuki_baleno
delhi,mg motors,astor,sharp 1.5 cvt,57209,2022,1132113,petrol,1,black,suv,automatic,2022,4,mg motors_astor
delhi,volkswagen,vento,highline plus 1.0l tsi petrol at,97117,2020,744000,petrol,1,silver,sedan,automatic,2020,6,volkswagen_vento
delhi,kia,sonet,gtx plus 1.5,75672,2022,984000,diesel,1,silver,suv,manual,2022,4,kia_sonet
delhi,honda,city,vx cvt petrol,55015,2022,1085608,petrol,1,grey,sedan,automatic,2022,4,honda_city
delhi,maruti suzuki,ciaz,zxi  at,42994,2015,450000,petrol,3,white,sedan,automatic,2015,11,maruti suzuki_ciaz
delhi,hyundai,elite i20,sportz 1.2,74094,2017,479000,petrol,1,red,hatchback,manual,2017,9,hyundai_elite i20
delhi,hyundai,elite i20,asta 1.2,119647,2018,519000,petrol,1,silver,hatchback,manual,2018,8,hyundai_elite i20
delhi,renault,kiger,rxt (o) mt,19743,2023,642000,petrol,1,brown,suv,manual,2023,3,renault_kiger
delhi,hyundai,venue,sx 1.2 petrol,29613,2023,952000,petrol,1,white,suv,manual,2023,3,hyundai_venue
delhi,hyundai,grand i10,asta 1.2 kappa vtvt,64785,2015,365000,petrol,1,grey,hatchback,manual,2015,11,hyundai_grand i10
delhi,honda,amaze,1.2 s i-vtec,32625,2017,417000,petrol,1,silver,sedan,manual,2017,9,honda_amaze
delhi,renault,kwid,1.0 rxt amt opt,46114,2019,358000,petrol,1,bronze,hatchback,automatic,2019,7,renault_kwid
delhi,renault,triber,rxz,46005,2021,506000,petrol,2,blue,muv,manual,2021,5,renault_triber
delhi,hyundai,creta,1.6 sx opt vtvt,84088,2019,870000,petrol,1,grey,suv,manual,2019,7,hyundai_creta
delhi,hyundai,creta,s petrol,47061,2023,1131058,petrol,1,white,suv,manual,2023,3,hyundai_creta
delhi,honda,jazz,vx,20567,2022,732000,petrol,1,white,hatchback,manual,2023,4,honda_jazz
delhi,ford,ecosport,trend 1.5l ti-vct,63562,2016,469000,petrol,1,silver,suv,manual,2016,10,ford_ecosport
delhi,honda,amaze,1.2 v mt petrol,58245,2020,588000,petrol,1,silver,sedan,manual,2020,6,honda_amaze
delhi,maruti suzuki,wagon r 1.0,lxi cng,54464,2013,265000,petrol+cng,1,grey,hatchback,manual,2013,13,maruti suzuki_wagon r 1.0
delhi,tata,tigor,revotron xz+ cng,30584,2022,672000,petrol+cng,1,grey,sedan,manual,2022,4,tata_tigor
delhi,tata,nexon,xz petrol,45086,2019,613000,petrol,1,silver,suv,manual,2019,7,tata_nexon
delhi,maruti suzuki,baleno,alpha mt,25963,2022,708000,petrol,2,blue,hatchback,manual,2022,4,maruti suzuki_baleno
delhi,maruti suzuki,fronx,delta plus 1.2l ags,13751,2024,852000,petrol,1,grey,suv,automatic,2024,2,maruti suzuki_fronx
delhi,kia,seltos,gtx plus dct,76542,2021,1355278,petrol,1,black,suv,automatic,2021,5,kia_seltos
delhi,maruti suzuki,dzire,vxi,34586,2018,505000,petrol,1,silver,sedan,manual,2018,8,maruti suzuki_dzire
delhi,hyundai,new i20,asta 1.0 turbo imt,33828,2021,765000,petrol,2,white,hatchback,manual,2021,5,hyundai_new i20
delhi,kia,carens,prestige plus 1.5 turbo petrol dct 7 str,22843,2023,1420973,petrol,1,blue,muv,automatic,2023,3,kia_carens
delhi,hyundai,verna,sx (o)1.6 vtvt,34303,2019,899000,petrol,1,white,sedan,manual,2019,7,hyundai_verna
delhi,hyundai,elite i20,asta 1.2,34162,2017,541000,petrol,1,red,hatchback,manual,2017,9,hyundai_elite i20
delhi,maruti suzuki,vitara brezza,vxi,20031,2021,742000,petrol,1,red,suv,manual,2021,5,maruti suzuki_vitara brezza
delhi,maruti suzuki,wagon r 1.0,lxi cng,50658,2013,249000,petrol+cng,1,red,hatchback,manual,2013,13,maruti suzuki_wagon r 1.0
delhi,ford,ecosport,sports petrol,33374,2021,854000,petrol,1,white,suv,manual,2021,5,ford_ecosport
delhi,maruti suzuki,ciaz,alpha 1.5 at,49384,2022,920000,petrol,1,white,sedan,automatic,2022,4,maruti suzuki_ciaz
delhi,mahindra,scorpio n,z8 l diesel at 7 str,31627,2022,1980513,diesel,1,brown,suv,automatic,2022,4,mahindra_scorpio n
delhi,maruti suzuki,baleno,zeta 1.2,117562,2016,412000,petrol,1,silver,hatchback,manual,2016,10,maruti suzuki_baleno
delhi,ford,ecosport,titanium 1.5l ti-vct,78543,2019,648000,petrol,1,red,suv,manual,2019,7,ford_ecosport
delhi,honda,amaze,vx 1.2 petrol cvt,6756,2024,917000,petrol,1,grey,sedan,automatic,2025,2,honda_amaze
delhi,maruti suzuki,baleno,zeta,16655,2021,667000,petrol,1,white,hatchback,manual,2021,5,maruti suzuki_baleno
delhi,nissan,magnite,xl turbo,36390,2021,531000,petrol,2,white,suv,manual,2021,5,nissan_magnite
delhi,hyundai,creta,1.6 sx plus petrol,92880,2018,735000,petrol,1,white,suv,manual,2018,8,hyundai_creta
delhi,kia,sonet,htx 1.0 imt,78984,2021,791000,petrol,1,white,suv,manual,2021,5,kia_sonet
delhi,hyundai,venue,sx 1.0 turbo imt,25577,2021,751000,petrol,2,white,suv,manual,2021,5,hyundai_venue
delhi,renault,kwid,rxl,73425,2020,306000,petrol,1,red,hatchback,manual,2020,6,renault_kwid
delhi,hyundai,new santro 1.1,sportz executive cng,71421,2022,504000,petrol+cng,1,grey,hatchback,manual,2022,4,hyundai_new santro 1.1
delhi,toyota,glanza,g,31079,2022,689000,petrol,1,blue,hatchback,manual,2022,4,toyota_glanza
delhi,mahindra,thar,lx hard top petrol at 4wd,87378,2022,1193625,petrol,1,black,suv,automatic,2022,4,mahindra_thar
delhi,kia,carens,prestige plus 1.4 petrol mt 7 str,30452,2022,1176508,petrol,1,blue,muv,manual,2022,4,kia_carens
delhi,maruti suzuki,baleno,zeta 1.2,40185,2016,433000,petrol,1,blue,hatchback,manual,2016,10,maruti suzuki_baleno
delhi,honda,amaze,1.2 s i-vtec,73893,2015,341000,petrol,1,grey,sedan,manual,2015,11,honda_amaze
delhi,hyundai,elite i20,sportz 1.2 (o),69034,2014,375000,petrol,1,white,hatchback,manual,2014,12,hyundai_elite i20
delhi,kia,seltos,gtx plus dct,79111,2019,1125000,petrol,1,grey,suv,automatic,2020,7,kia_seltos
delhi,tata,safari,xz plus dark edition,32673,2023,1855000,diesel,1,black,suv,manual,2023,3,tata_safari
delhi,maruti suzuki,wagon r stingray,vxi,79771,2014,197000,petrol,3,grey,hatchback,manual,2014,12,maruti suzuki_wagon r stingray
delhi,renault,kiger,rxt turbo cvt,38948,2022,745000,petrol,1,brown,suv,automatic,2022,4,renault_kiger
delhi,hyundai,eon,era +,48628,2014,221000,petrol,1,grey,hatchback,manual,2014,12,hyundai_eon
delhi,tata,nexon,xz plus s,52893,2021,749000,petrol,2,white,suv,manual,2021,5,tata_nexon
delhi,maruti suzuki,s-presso,vxi opt cng,95210,2020,385000,petrol+cng,1,grey,hatchback,manual,2020,6,maruti suzuki_s-presso
delhi,kia,sonet,htx plus 1.0 imt,48799,2022,972000,petrol,1,black,suv,manual,2022,4,kia_sonet
delhi,hyundai,tucson,2wd mt petrol,70677,2017,997000,petrol,1,red,suv,manual,2017,9,hyundai_tucson
delhi,maruti suzuki,wagon r 1.0,lxi cng,82454,2012,199000,cng,1,white,hatchback,manual,2012,14,maruti suzuki_wagon r 1.0
delhi,maruti suzuki,s-cross,zeta,31363,2021,808000,petrol,1,grey,suv,manual,2021,5,maruti suzuki_s-cross
delhi,hyundai,new santro 1.1,sportz cng,60863,2019,448000,petrol+cng,1,beige,hatchback,manual,2019,7,hyundai_new santro 1.1
delhi,maruti suzuki,new ertiga,zxi at,93757,2019,791000,petrol,1,red,muv,automatic,2019,7,maruti suzuki_new ertiga
delhi,ford,figo,titanium plus 1.2 ti-vct at,71868,2021,571000,petrol,1,white,hatchback,automatic,2021,5,ford_figo
delhi,hyundai,elite i20,asta 1.2,45677,2017,522000,petrol,1,blue,hatchback,manual,2017,9,hyundai_elite i20
delhi,nissan,magnite,xl,100156,2021,467000,petrol,1,silver,suv,manual,2021,5,nissan_magnite
delhi,honda,amaze,1.2 s i-vtec opt,63436,2018,458000,petrol,1,white,sedan,manual,2018,8,honda_amaze
delhi,maruti suzuki,baleno,alpha 1.2,79727,2016,455000,petrol,1,silver,hatchback,manual,2016,10,maruti suzuki_baleno
delhi,hyundai,fluidic verna 4s,1.6 vtvt sx,53488,2016,524000,petrol,2,white,sedan,manual,2016,10,hyundai_fluidic verna 4s
delhi,maruti suzuki,baleno,rs 1.0,44312,2017,517000,petrol,1,blue,hatchback,manual,2017,9,maruti suzuki_baleno
delhi,honda,city,zx cvt petrol,44667,2021,1156308,petrol,1,grey,sedan,automatic,2021,5,honda_city
delhi,maruti suzuki,ciaz,delta 1.4 at,78139,2017,573000,petrol,1,red,sedan,automatic,2017,9,maruti suzuki_ciaz
delhi,hyundai,fluidic verna 4s,1.6 vtvt sx,39156,2015,528000,petrol,1,white,sedan,manual,2015,11,hyundai_fluidic verna 4s
delhi,ford,ecosport,titanium 1.5l ti-vct at,39591,2016,521000,petrol,2,white,suv,automatic,2016,10,ford_ecosport
delhi,hyundai,verna,sx (o) 1.5 crdi,122106,2021,978000,diesel,1,black,sedan,manual,2021,5,hyundai_verna
delhi,hyundai,creta,sx opt turbo dct petrol,57219,2022,1500000,petrol,1,black,suv,automatic,2022,4,hyundai_creta
delhi,ford,ecosport,titanium 1.5l ti-vct,67684,2016,449000,petrol,2,white,suv,manual,2016,10,ford_ecosport
delhi,kia,seltos,htk plus g,34137,2021,1051000,petrol,1,grey,suv,manual,2021,5,kia_seltos
delhi,maruti suzuki,ignis,delta 1.2 amt,6268,2023,609000,petrol,1,white,hatchback,automatic,2023,3,maruti suzuki_ignis
delhi,tata,nexon,xz plus (o),88659,2021,756000,petrol,1,grey,suv,manual,2021,5,tata_nexon
delhi,maruti suzuki,swift,lxi (o),24286,2016,387000,petrol,1,white,hatchback,manual,2016,10,maruti suzuki_swift
delhi,maruti suzuki,alto 800,lxi,41374,2014,206000,petrol,1,grey,hatchback,manual,2014,12,maruti suzuki_alto 800
delhi,skoda,slavia,active 1.0l tsi mt,47795,2022,874000,petrol,1,grey,sedan,manual,2022,4,skoda_slavia
delhi,kia,seltos,htx ivt g,102562,2019,977000,petrol,1,grey,suv,automatic,2019,7,kia_seltos
delhi,maruti suzuki,baleno,alpha,51633,2021,690000,petrol,1,blue,hatchback,manual,2021,5,maruti suzuki_baleno
delhi,mahindra,thar,lx hard top petrol at 4wd,43325,2021,1252205,petrol,1,grey,suv,automatic,2021,5,mahindra_thar
delhi,mahindra,thar,lx hard top petrol at 4wd,45789,2022,1284525,petrol,1,black,suv,automatic,2022,4,mahindra_thar
delhi,hyundai,elite i20,sportz 1.2,109231,2016,404000,petrol,1,white,hatchback,manual,2016,10,hyundai_elite i20
delhi,hyundai,verna,fluidic 1.6 vtvt sx opt at,26990,2012,360000,petrol,2,silver,sedan,automatic,2012,14,hyundai_verna
delhi,honda,city,vx cvt,59613,2017,703000,petrol,1,brown,sedan,automatic,2017,9,honda_city
delhi,maruti suzuki,wagon r 1.0,lxi cng (outside fitted),72340,2016,289000,cng,1,grey,hatchback,manual,2016,10,maruti suzuki_wagon r 1.0
delhi,volkswagen,polo,gt,70175,2021,756000,petrol,1,white,hatchback,automatic,2021,5,volkswagen_polo
delhi,tata,tiago,revotron xz plus cng,41787,2022,617000,petrol+cng,1,grey,hatchback,manual,2022,4,tata_tiago
delhi,maruti suzuki,baleno,delta 1.2 at,63704,2016,462000,petrol,1,silver,hatchback,automatic,2016,10,maruti suzuki_baleno
delhi,hyundai,verna,sx 1.6 vtvt,96096,2018,683000,petrol,1,black,sedan,manual,2018,8,hyundai_verna
delhi,kia,seltos,x line dct,79891,2022,1418953,petrol,1,grey,suv,automatic,2022,4,kia_seltos
delhi,hyundai,grand i10 nios,sportz 1.2 kappa vtvt,119512,2022,506000,petrol,1,blue,hatchback,manual,2022,4,hyundai_grand i10 nios
delhi,honda,wr-v,vx mt petrol,31297,2018,639000,petrol,1,orange,suv,manual,2018,8,honda_wr-v
delhi,hyundai,verna,sx (o) 1.0 turbo dct,64834,2020,1058000,petrol,1,white,sedan,automatic,2021,6,hyundai_verna
delhi,maruti suzuki,baleno,zeta ags,25961,2023,763000,petrol,1,silver,hatchback,automatic,2023,3,maruti suzuki_baleno
delhi,hyundai,elite i20,sportz 1.2 (o),81926,2015,423000,petrol,1,silver,hatchback,manual,2015,11,hyundai_elite i20
delhi,nissan,magnite,xv premium turbo cvt,30997,2021,760000,petrol,1,white,suv,automatic,2021,5,nissan_magnite
delhi,maruti suzuki,baleno,zeta,31350,2019,570000,petrol,1,blue,hatchback,manual,2019,7,maruti suzuki_baleno
delhi,maruti suzuki,baleno,alpha ags,20301,2023,832000,petrol,1,silver,hatchback,automatic,2023,3,maruti suzuki_baleno
delhi,maruti suzuki,baleno,alpha ags,8415,2024,911000,petrol,1,white,hatchback,automatic,2024,2,maruti suzuki_baleno
delhi,volkswagen,polo,highline1.2l (p),96976,2013,289000,petrol,1,white,hatchback,manual,2013,13,volkswagen_polo
delhi,tata,tiago,xz plus dual tone roof,50023,2019,447000,petrol,2,red,hatchback,manual,2019,7,tata_tiago
delhi,maruti suzuki,swift,vxi,31672,2014,320000,petrol,1,red,hatchback,manual,2014,12,maruti suzuki_swift
delhi,hyundai,verna,sx (o) 1.6 vtvt at,62270,2017,820000,petrol,1,silver,sedan,automatic,2017,9,hyundai_verna
delhi,tata,altroz,xz plus (s),25396,2023,759000,petrol,1,grey,hatchback,manual,2023,3,tata_altroz
delhi,hyundai,grand i10,sportz 1.2 kappa vtvt,24704,2019,498000,petrol,1,white,hatchback,manual,2019,7,hyundai_grand i10
delhi,honda,wr-v,vx mt petrol,32736,2018,646000,petrol,1,white,suv,manual,2018,8,honda_wr-v
delhi,honda,city,vx,48355,2016,586000,petrol,1,white,sedan,manual,2016,10,honda_city
delhi,honda,city,1.5 v mt,101113,2011,220000,petrol,2,silver,sedan,manual,2011,15,honda_city
delhi,hyundai,grand i10,asta 1.2 kappa vtvt,33056,2015,399000,petrol,1,white,hatchback,manual,2015,11,hyundai_grand i10
delhi,tata,tiago,revotron xz plus,89349,2021,495000,petrol,1,grey,hatchback,manual,2021,5,tata_tiago
delhi,maruti suzuki,dzire,vxi,90631,2018,465000,petrol,1,white,sedan,manual,2018,8,maruti suzuki_dzire
delhi,hyundai,verna,sx 1.6 vtvt,75190,2017,676000,petrol,1,white,sedan,manual,2018,9,hyundai_verna
delhi,hyundai,verna,1.6 vtvt sx opt cng (outside fitted),44604,2011,270000,cng,2,purple,sedan,manual,2011,15,hyundai_verna
delhi,maruti suzuki,ciaz,zxi+,59900,2016,516000,petrol,1,brown,sedan,manual,2016,10,maruti suzuki_ciaz
delhi,tata,tigor,revotron xz cng,64155,2022,557000,petrol+cng,1,white,sedan,manual,2022,4,tata_tigor
delhi,hyundai,creta,1.6 sx plus auto petrol,54711,2018,866000,petrol,1,silver,suv,automatic,2018,8,hyundai_creta
delhi,tata,nexon,xz plus,51645,2019,584000,petrol,2,white,suv,manual,2019,7,tata_nexon
delhi,ford,ecosport,titanium 1.5 ti-vct at,112298,2014,395000,petrol,2,white,suv,automatic,2014,12,ford_ecosport
delhi,hyundai,venue,sx 1.2 petrol,52956,2022,838000,petrol,1,red,suv,manual,2022,4,hyundai_venue
delhi,honda,city,v 4th gen,58698,2017,650000,petrol,1,brown,sedan,manual,2017,9,honda_city
delhi,maruti suzuki,baleno,sigma mt,5397,2024,672000,petrol,1,blue,hatchback,manual,2024,2,maruti suzuki_baleno
delhi,hyundai,grand i10 nios,asta 1.2 kappa amt,6136,2024,806000,petrol,1,white,hatchback,automatic,2024,2,hyundai_grand i10 nios
delhi,honda,city,zx cvt petrol,40397,2021,1121955,petrol,1,grey,sedan,automatic,2021,5,honda_city
delhi,maruti suzuki,wagon r 1.0,lxi cng,93313,2013,220000,cng,1,white,hatchback,manual,2013,13,maruti suzuki_wagon r 1.0
delhi,maruti suzuki,new ertiga,zxi plus,62081,2019,775000,petrol,1,red,muv,manual,2019,7,maruti suzuki_new ertiga
delhi,honda,city,v,101457,2016,485000,petrol,1,white,sedan,manual,2016,10,honda_city
delhi,maruti suzuki,baleno,alpha 1.2,28973,2017,520000,petrol,1,white,hatchback,manual,2017,9,maruti suzuki_baleno
delhi,honda,elevate,vx mt,15861,2024,1310000,petrol,1,white,suv,manual,2024,2,honda_elevate
delhi,honda,city,zx cvt,59721,2017,789000,petrol,1,brown,sedan,automatic,2017,9,honda_city
delhi,maruti suzuki,ertiga,vxi cng (outside fitted),44079,2013,441000,cng,1,white,muv,manual,2013,13,maruti suzuki_ertiga
delhi,renault,triber,rxz,54601,2021,536000,petrol,1,white,muv,manual,2021,5,renault_triber
delhi,hyundai,creta,sx opt turbo dct petrol,49767,2023,1579000,petrol,1,white,suv,automatic,2023,3,hyundai_creta
delhi,maruti suzuki,alto k10,vxi amt,42024,2015,226000,petrol,3,orange,hatchback,automatic,2015,11,maruti suzuki_alto k10
delhi,hyundai,elite i20,asta 1.2 (o) cvt,36867,2019,599000,petrol,2,grey,hatchback,automatic,2019,7,hyundai_elite i20
delhi,maruti suzuki,celerio,zxi plus,12798,2021,532000,petrol,1,blue,hatchback,manual,2022,5,maruti suzuki_celerio
delhi,hyundai,creta,1.6 sx plus petrol,51712,2016,646000,petrol,2,white,suv,manual,2016,10,hyundai_creta
delhi,maruti suzuki,dzire,vxi amt,37312,2018,529000,petrol,1,silver,sedan,automatic,2018,8,maruti suzuki_dzire
delhi,kia,seltos,gtx,66513,2019,1050045,petrol,1,white,suv,manual,2019,7,kia_seltos
delhi,honda,amaze,1.2 s i-vtec opt,48157,2018,462000,petrol,1,grey,sedan,manual,2018,8,honda_amaze
delhi,tata,nexon,xz plus,30438,2021,787000,petrol,1,white,suv,manual,2021,5,tata_nexon
delhi,hyundai,creta,1.6 sx at vtvt,54049,2019,937000,petrol,1,red,suv,automatic,2019,7,hyundai_creta
delhi,tata,punch,creative amt dual tone,8610,2023,849000,petrol,1,grey,suv,automatic,2023,3,tata_punch
delhi,tata,tiago nrg,petrol,98054,2018,379000,petrol,1,grey,hatchback,manual,2018,8,tata_tiago nrg
delhi,honda,jazz,v at petrol,33935,2016,475000,petrol,1,white,hatchback,automatic,2016,10,honda_jazz
delhi,renault,kwid,1.0 rxl amt,24015,2017,246000,petrol,3,white,hatchback,automatic,2017,9,renault_kwid
delhi,renault,kwid,rxt 1.0 sce edition,53151,2017,270000,petrol,1,bronze,hatchback,manual,2017,9,renault_kwid
delhi,hyundai,creta,1.6l sx vtvt,100757,2019,809000,petrol,1,black,suv,manual,2019,7,hyundai_creta
delhi,nissan,sunny,xv,108223,2014,290000,petrol,1,grey,sedan,manual,2015,12,nissan_sunny
delhi,hyundai,grand i10,sportz 1.2 kappa vtvt,26468,2014,334000,petrol,1,grey,hatchback,manual,2015,12,hyundai_grand i10
delhi,skoda,slavia,style 1.0l tsi at,61313,2022,1181603,petrol,1,grey,sedan,automatic,2022,4,skoda_slavia
delhi,maruti suzuki,dzire,vxi,38361,2017,489000,petrol,1,grey,sedan,manual,2017,9,maruti suzuki_dzire
delhi,ford,ecosport,trend + 1.5l ti-vct at,43304,2018,633000,petrol,1,silver,suv,automatic,2018,8,ford_ecosport
delhi,honda,wr-v,s mt petrol,67803,2018,529000,petrol,1,silver,suv,manual,2018,8,honda_wr-v
delhi,kia,sonet,htx plus 1.0 imt,50122,2021,903000,petrol,1,grey,suv,manual,2021,5,kia_sonet
delhi,maruti suzuki,baleno,alpha 1.2,21944,2018,587000,petrol,1,blue,hatchback,manual,2018,8,maruti suzuki_baleno
delhi,tata,safari,xt plus dark edition,23882,2023,1688525,diesel,1,black,suv,manual,2023,3,tata_safari
delhi,toyota,urban cruiser hyryder,v hybrid,34484,2023,1741000,hybrid,1,blue,suv,automatic,2023,3,toyota_urban cruiser hyryder
delhi,hyundai,alcazar,signature (o) 6 str 1.5 diesel at,67024,2022,1536113,diesel,1,white,suv,automatic,2022,4,hyundai_alcazar
delhi,hyundai,eon,magna +,44761,2016,250000,petrol,2,grey,hatchback,manual,2016,10,hyundai_eon
delhi,hyundai,grand i10 nios,sportz 1.2 kappa vtvt,36592,2020,512000,petrol,1,blue,hatchback,manual,2020,6,hyundai_grand i10 nios
delhi,tata,tiago nrg,petrol,81242,2018,406000,petrol,1,brown,hatchback,manual,2018,8,tata_tiago nrg
delhi,renault,duster,rxs cvt,91627,2018,536000,petrol,1,silver,suv,automatic,2018,8,renault_duster
delhi,honda,city,zx petrol,31824,2022,1160348,petrol,1,white,sedan,manual,2022,4,honda_city
delhi,skoda,rapid new,style petrol at,55504,2017,550000,petrol,2,red,sedan,automatic,2018,9,skoda_rapid new
delhi,maruti suzuki,ciaz,delta hybrid 1.5 at,96307,2019,584000,petrol,2,silver,sedan,automatic,2019,7,maruti suzuki_ciaz
delhi,maruti suzuki,baleno,zeta,56499,2021,619000,petrol,1,grey,hatchback,manual,2021,5,maruti suzuki_baleno
delhi,hyundai,venue,sx 1.0  turbo imt,30724,2021,811000,petrol,1,white,suv,manual,2021,5,hyundai_venue
delhi,hyundai,creta,1.6 sx plus auto petrol,57914,2016,737000,petrol,1,blue,suv,automatic,2016,10,hyundai_creta
delhi,mahindra,thar,lx hard top petrol at 4wd,17386,2023,1447135,petrol,1,grey,suv,automatic,2023,3,mahindra_thar
delhi,maruti suzuki,xl6,alpha at petrol,35168,2019,912000,petrol,1,bronze,muv,automatic,2019,7,maruti suzuki_xl6
delhi,maruti suzuki,fronx,alpha 1.0l turbo mt,23669,2023,1049000,petrol,1,white,suv,manual,2023,3,maruti suzuki_fronx
delhi,mahindra,thar,lx 4 str hard top petrol at 4wd,43309,2021,1246243,petrol,1,red,suv,automatic,2021,5,mahindra_thar
delhi,volkswagen,ameo,1.0 trendline petrol,63236,2019,415000,petrol,1,white,sedan,manual,2019,7,volkswagen_ameo
delhi,hyundai,elite i20,sportz 1.2,35791,2015,446000,petrol,1,silver,hatchback,manual,2015,11,hyundai_elite i20
delhi,maruti suzuki,wagon r 1.0,vxi+ amt,51766,2017,351000,petrol,2,grey,hatchback,automatic,2017,9,maruti suzuki_wagon r 1.0
delhi,maruti suzuki,alto 800,lxi,20665,2014,221000,petrol,1,white,hatchback,manual,2014,12,maruti suzuki_alto 800
delhi,maruti suzuki,baleno,delta 1.2,46597,2016,423000,petrol,1,white,hatchback,manual,2016,10,maruti suzuki_baleno
delhi,maruti suzuki,alto k10,vxi,60520,2016,271000,petrol,1,silver,hatchback,manual,2016,10,maruti suzuki_alto k10
delhi,hyundai,verna,sx 1.6 vtvt,41808,2019,716000,petrol,2,silver,sedan,manual,2019,7,hyundai_verna
delhi,honda,city,zx cvt,97530,2017,740000,petrol,1,white,sedan,automatic,2017,9,honda_city
delhi,hyundai,verna,fluidic 1.6 vtvt sx,82667,2012,297000,petrol,1,silver,sedan,manual,2012,14,hyundai_verna
delhi,hyundai,grand i10,sportz (o) 1.2 kappa vtvt,61947,2017,392000,petrol,2,white,hatchback,manual,2017,9,hyundai_grand i10
delhi,ford,ecosport,titanium 1.5l ti-vct,90241,2018,590000,petrol,1,brown,suv,manual,2018,8,ford_ecosport
delhi,renault,kiger,rxz turbo cvt,47435,2022,775000,petrol,1,violet,suv,automatic,2022,4,renault_kiger
delhi,hyundai,venue,sx 1.0  turbo imt,58388,2022,791000,petrol,1,blue,suv,manual,2022,4,hyundai_venue
delhi,mahindra,kuv100,k4 6 str,60576,2016,306000,petrol,1,grey,crossover,manual,2016,10,mahindra_kuv100
delhi,hyundai,venue,s+ 1.2,24701,2022,797000,petrol,1,blue,suv,manual,2022,4,hyundai_venue
delhi,honda,city,v petrol,19495,2022,976000,petrol,1,white,sedan,manual,2022,4,honda_city
delhi,hyundai,venue,sx 1.0  turbo,28154,2022,862000,petrol,1,white,suv,manual,2022,4,hyundai_venue
delhi,maruti suzuki,baleno,alpha 1.2 at,35178,2017,580000,petrol,1,blue,hatchback,automatic,2017,9,maruti suzuki_baleno
delhi,honda,brio,vx at,31716,2013,304000,petrol,1,brown,hatchback,automatic,2013,13,honda_brio
delhi,kia,seltos,htx ivt 1.5,30648,2021,1091668,petrol,2,black,suv,automatic,2021,5,kia_seltos
delhi,mahindra,kuv100,k6+ 6 str,83925,2016,295000,petrol,1,white,crossover,manual,2016,10,mahindra_kuv100
delhi,hyundai,grand i10,sportz 1.2 kappa vtvt,76419,2016,334000,petrol,2,maroon,hatchback,manual,2016,10,hyundai_grand i10
delhi,renault,kwid,rxt 1.0 sce edition,39934,2018,296000,petrol,1,silver,hatchback,manual,2018,8,renault_kwid
delhi,honda,mobilio,v petrol,40784,2014,399000,petrol,1,white,muv,manual,2014,12,honda_mobilio
delhi,tata,tiago nrg,petrol+cng(outside fitted),53434,2019,419000,cng,2,grey,hatchback,manual,2020,7,tata_tiago nrg
delhi,toyota,corolla altis,g petrol,67458,2016,610000,petrol,2,white,sedan,manual,2016,10,toyota_corolla altis
delhi,toyota,corolla altis,vl cvt petrol,58000,2018,1094000,petrol,1,silver,sedan,automatic,2018,8,toyota_corolla altis
delhi,toyota,innova crysta,gx 2.4 at 7 str,51277,2022,1947183,diesel,1,silver,muv,automatic,2022,4,toyota_innova crysta
delhi,hyundai,creta,sx (o) at diesel,43633,2022,1557278,diesel,1,white,suv,automatic,2022,4,hyundai_creta
delhi,mahindra,thar,lx 4 str convertible diesel at 4wd,27750,2021,1342193,diesel,1,black,suv,automatic,2021,5,mahindra_thar
delhi,maruti suzuki,dzire,zxi plus,44141,2021,641000,petrol,1,red,sedan,manual,2021,5,maruti suzuki_dzire
delhi,hyundai,verna,1.6 vtvt sx + at,47736,2019,925000,petrol,1,white,sedan,automatic,2019,7,hyundai_verna
delhi,maruti suzuki,xl6,alpha plus at petrol,8587,2023,1349000,petrol,1,white,muv,automatic,2023,3,maruti suzuki_xl6
delhi,toyota,corolla altis,j(s) petrol,83908,2015,531000,petrol,1,grey,sedan,manual,2015,11,toyota_corolla altis
delhi,renault,kwid,1.0 rxl,72025,2017,244000,petrol,1,silver,hatchback,manual,2017,9,renault_kwid
delhi,tata,tiago nrg,xz amt,31814,2021,580000,petrol,1,grey,hatchback,automatic,2022,5,tata_tiago nrg
delhi,maruti suzuki,swift dzire,vxi,77836,2016,354000,petrol,2,white,sedan,manual,2016,10,maruti suzuki_swift dzire
delhi,tata,nexon,xza plus diesel dark edition,70794,2021,761000,diesel,1,black,suv,automatic,2021,5,tata_nexon
delhi,honda,jazz,sv petrol+cng(outside fitted),89514,2017,388000,cng,1,brown,hatchback,manual,2017,9,honda_jazz
delhi,renault,kwid,rxt 1.0 sce edition,68016,2017,243000,petrol,2,red,hatchback,manual,2017,9,renault_kwid
delhi,honda,city,1.5 s mt,35025,2012,297000,petrol,1,brown,sedan,manual,2012,14,honda_city
delhi,skoda,slavia,ambition 1.0l tsi at,41819,2022,1135143,petrol,1,grey,sedan,automatic,2022,4,skoda_slavia
delhi,tata,altroz,xz plus 1.5,24060,2023,838000,diesel,1,grey,hatchback,manual,2023,3,tata_altroz
delhi,honda,city,sv petrol,44003,2019,721000,petrol,1,silver,sedan,manual,2019,7,honda_city
delhi,honda,city,s,53465,2014,439000,petrol,1,red,sedan,manual,2014,12,honda_city
delhi,maruti suzuki,alto 800,lxi,64234,2014,207000,petrol,1,silver,hatchback,manual,2014,12,maruti suzuki_alto 800
delhi,maruti suzuki,alto k10,vxi plus,2094,2024,489000,petrol,1,grey,hatchback,manual,2024,2,maruti suzuki_alto k10
delhi,honda,city,zx cvt petrol,41736,2022,1253268,petrol,1,brown,sedan,automatic,2022,4,honda_city
delhi,kia,seltos,htx ivt g,73037,2019,1087000,petrol,1,grey,suv,automatic,2019,7,kia_seltos
delhi,honda,city,v,83096,2015,473000,petrol,1,silver,sedan,manual,2015,11,honda_city
delhi,maruti suzuki,swift,vxi,118985,2018,441000,petrol,1,grey,hatchback,manual,2018,8,maruti suzuki_swift
delhi,hyundai,elite i20,sportz 1.2,55180,2017,455000,petrol,2,grey,hatchback,manual,2017,9,hyundai_elite i20
delhi,maruti suzuki,alto 800,lxi,63618,2017,256000,petrol,1,white,hatchback,manual,2017,9,maruti suzuki_alto 800
delhi,hyundai,new santro 1.1,sportz executive cng,75878,2021,459000,petrol+cng,1,white,hatchback,manual,2021,5,hyundai_new santro 1.1
delhi,maruti suzuki,swift,zxi amt,31681,2018,483000,petrol,2,white,hatchback,automatic,2018,8,maruti suzuki_swift
delhi,hyundai,verna,fluidic 1.6 vtvt sx,67994,2012,290000,petrol,2,grey,sedan,manual,2012,14,hyundai_verna
delhi,hyundai,grand i10,asta at 1.2 kappa vtvt,27324,2015,381000,petrol,2,silver,hatchback,automatic,2015,11,hyundai_grand i10
delhi,hyundai,elite i20,asta 1.2,111044,2017,456000,petrol,1,red,hatchback,manual,2017,9,hyundai_elite i20
delhi,skoda,superb,l&k tsi at,89364,2017,1338000,petrol,1,grey,sedan,automatic,2017,9,skoda_superb
delhi,toyota,innova crysta,2.4 gx 7 str,6208,2024,2025000,diesel,1,silver,muv,manual,2024,2,toyota_innova crysta
delhi,honda,city,vx,45056,2019,825000,petrol,1,silver,sedan,manual,2019,7,honda_city
delhi,maruti suzuki,eeco,5 str ac (o),23912,2022,492000,petrol,1,white,muv,manual,2022,4,maruti suzuki_eeco
delhi,hyundai,venue,sx 1.0  turbo imt,84672,2022,773000,petrol,1,blue,suv,manual,2022,4,hyundai_venue
delhi,maruti suzuki,ciaz,zeta 1.4 at,67620,2017,607000,petrol,1,grey,sedan,automatic,2017,9,maruti suzuki_ciaz
delhi,hyundai,new santro 1.1,asta mt,38664,2018,422000,petrol,1,golden,hatchback,manual,2018,8,hyundai_new santro 1.1
delhi,hyundai,verna,sx 1.6 vtvt,63102,2019,783000,petrol,1,silver,sedan,manual,2019,7,hyundai_verna
delhi,renault,kwid,1.0 rxt sce opt cng (outside fitted),54686,2017,279000,cng,2,grey,hatchback,manual,2017,9,renault_kwid
delhi,honda,city,zx cvt,90800,2017,703000,petrol,1,white,sedan,automatic,2017,9,honda_city
delhi,maruti suzuki,swift,lxi (o) cng (outside fitted),46646,2015,364000,cng,1,red,hatchback,manual,2015,11,maruti suzuki_swift
delhi,maruti suzuki,xl6,alpha mt petrol,72127,2023,1002000,petrol,1,white,muv,manual,2023,3,maruti suzuki_xl6
delhi,ford,ecosport,titanium + 1.5l ti-vct at,34900,2021,796000,petrol,2,white,suv,automatic,2021,5,ford_ecosport
delhi,hyundai,creta,sx diesel,65730,2022,1245000,diesel,1,black,suv,manual,2022,4,hyundai_creta
delhi,renault,triber,rxz,33941,2021,564000,petrol,1,orange,muv,manual,2021,5,renault_triber
delhi,kia,carens,prestige plus 1.4 petrol mt 7 str,8271,2022,1253268,petrol,1,white,muv,manual,2022,4,kia_carens
delhi,tata,nexon,xm (s),26968,2022,740000,petrol,1,grey,suv,manual,2022,4,tata_nexon
delhi,maruti suzuki,ciaz,zxi+,63014,2016,513000,petrol,1,silver,sedan,manual,2016,10,maruti suzuki_ciaz
delhi,tata,tiago,revotron xz plus cng,5845,2023,702000,petrol+cng,1,white,hatchback,manual,2023,3,tata_tiago
delhi,toyota,glanza,v,32695,2021,662000,petrol,1,white,hatchback,manual,2021,5,toyota_glanza
delhi,honda,wr-v,vx mt petrol,38230,2019,664000,petrol,1,silver,suv,manual,2019,7,honda_wr-v
delhi,maruti suzuki,dzire,vxi cng (outside fitted),22805,2022,610000,cng,2,white,sedan,manual,2022,4,maruti suzuki_dzire
delhi,hyundai,new i20,asta 1.0 turbo imt,39129,2021,751000,petrol,1,white,hatchback,manual,2021,5,hyundai_new i20
delhi,mahindra,scorpio n,z8 l 4wd diesel 7 str,32303,2023,2081513,diesel,1,green,suv,manual,2023,3,mahindra_scorpio n
delhi,tata,nexon,xm plus (s),18105,2023,813000,petrol,1,white,suv,manual,2023,3,tata_nexon
delhi,skoda,slavia,ambition 1.0l tsi mt,26125,2022,1043000,petrol,1,white,sedan,manual,2022,4,skoda_slavia
delhi,mahindra,scorpio,s5 2wd 7 str,50376,2020,1049195,diesel,1,white,suv,manual,2020,6,mahindra_scorpio
delhi,hyundai,creta,sx opt turbo dct petrol,78074,2020,1208000,petrol,1,white,suv,automatic,2020,6,hyundai_creta
delhi,honda,city,vx petrol,17357,2023,1135000,petrol,1,white,sedan,manual,2023,3,honda_city
delhi,hyundai,grand i10 nios,sportz 1.2 kappa vtvt cng,5410,2021,652000,cng,1,white,hatchback,manual,2021,5,hyundai_grand i10 nios
delhi,maruti suzuki,vitara brezza,lxi,35187,2020,576000,petrol,1,grey,suv,manual,2020,6,maruti suzuki_vitara brezza
delhi,renault,triber,rxz,4623,2024,742000,petrol,1,black,muv,manual,2024,2,renault_triber
delhi,hyundai,venue,s 1.2 petrol +cng mt (outside fitted),14475,2023,797000,cng,1,white,suv,manual,2023,3,hyundai_venue
delhi,maruti suzuki,brezza,vxi,34999,2023,840000,petrol,1,grey,suv,manual,2023,3,maruti suzuki_brezza
delhi,hyundai,grand i10,sportz 1.2 kappa vtvt,38142,2015,365000,petrol,1,grey,hatchback,manual,2015,11,hyundai_grand i10
delhi,volkswagen,virtus,highline plus 1.0 tsi mt,5016,2024,1277553,petrol,1,silver,sedan,manual,2024,2,volkswagen_virtus
delhi,honda,city,v petrol cvt,43562,2024,1157363,petrol,1,grey,sedan,automatic,2024,2,honda_city
delhi,kia,seltos,gtx plus,28072,2019,1232103,petrol,1,grey,suv,manual,2019,7,kia_seltos
delhi,honda,city,sv cvt,35074,2015,541000,petrol,1,grey,sedan,automatic,2015,11,honda_city
delhi,hyundai,alcazar,platinum 7 str 2.0 petrol,11832,2022,1494605,petrol,1,white,suv,manual,2022,4,hyundai_alcazar
delhi,mg motors,hector plus,sharp 1.5 petrol turbo cvt 6-str,25945,2022,1352293,petrol,2,black,suv,automatic,2023,4,mg motors_hector plus
delhi,maruti suzuki,wagon r,vxi 1.0,13244,2022,486000,petrol,1,maroon,hatchback,manual,2022,4,maruti suzuki_wagon r
delhi,skoda,rapid,ambition at,19246,2021,862000,petrol,1,white,sedan,automatic,2021,5,skoda_rapid
delhi,honda,amaze,1.2 s i-vtec opt,36153,2017,445000,petrol,1,silver,sedan,manual,2017,9,honda_amaze
delhi,honda,city,v petrol,39099,2020,764000,petrol,1,silver,sedan,manual,2020,6,honda_city
delhi,maruti suzuki,ciaz,zxi+ rs,47873,2016,557000,petrol,1,silver,sedan,manual,2016,10,maruti suzuki_ciaz
delhi,maruti suzuki,alto k10,vxi cng (outside fitted),57211,2015,268000,cng,1,silver,hatchback,manual,2015,11,maruti suzuki_alto k10
delhi,maruti suzuki,ignis,alpha amt petrol dual tone,28100,2018,523000,petrol,1,blue,hatchback,automatic,2018,8,maruti suzuki_ignis
delhi,kia,sonet,htx 1.0 imt,55921,2021,836000,petrol,1,grey,suv,manual,2021,5,kia_sonet
delhi,renault,triber,rxz dual tone,27372,2021,609000,petrol,1,silver,muv,manual,2021,5,renault_triber
delhi,maruti suzuki,wagon r 1.2,vxi (o) 1.2,16517,2019,448000,petrol,1,silver,hatchback,manual,2019,7,maruti suzuki_wagon r 1.2
delhi,honda,amaze,1.2 s i-vtec,51694,2017,409000,petrol,1,grey,sedan,manual,2017,9,honda_amaze
delhi,toyota,etios,v,63414,2017,412000,petrol,1,silver,sedan,manual,2017,9,toyota_etios
delhi,honda,amaze,1.2 vx cvt petrol,53406,2019,631000,petrol,1,brown,sedan,automatic,2019,7,honda_amaze
delhi,tata,altroz,xe petrol,12000,2022,527000,petrol,1,red,hatchback,manual,2022,4,tata_altroz
delhi,renault,triber,rxz,40262,2019,499000,petrol,1,orange,muv,manual,2020,7,renault_triber
delhi,hyundai,alcazar,signature (o) 6 str 1.5 diesel at,46698,2022,1589643,diesel,1,brown,suv,automatic,2022,4,hyundai_alcazar
delhi,maruti suzuki,baleno,zeta 1.2,34858,2018,541000,petrol,1,grey,hatchback,manual,2018,8,maruti suzuki_baleno
delhi,maruti suzuki,baleno,alpha ags,12680,2023,839000,petrol,1,grey,hatchback,automatic,2023,3,maruti suzuki_baleno
delhi,hyundai,elite i20,sportz plus 1.2,47452,2019,563000,petrol,1,silver,hatchback,manual,2019,7,hyundai_elite i20
delhi,maruti suzuki,ertiga,vxi,40631,2015,529000,petrol,1,silver,muv,manual,2015,11,maruti suzuki_ertiga
delhi,maruti suzuki,baleno,delta 1.2,45191,2018,500000,petrol,1,grey,hatchback,manual,2018,8,maruti suzuki_baleno
delhi,maruti suzuki,xl6,zeta at petrol,35552,2020,905000,petrol,1,grey,muv,automatic,2020,6,maruti suzuki_xl6
delhi,ford,ecosport,titanium + 1.5l ti-vct at,12875,2019,784000,petrol,1,grey,suv,automatic,2019,7,ford_ecosport
delhi,toyota,urban cruiser,premium grade mt,21248,2022,849000,petrol,1,grey,suv,manual,2022,4,toyota_urban cruiser
delhi,toyota,corolla altis,g petrol,36721,2018,859000,petrol,1,white,sedan,manual,2018,8,toyota_corolla altis
delhi,kia,sonet,gtx plus 1.0 imt,31907,2020,881000,petrol,1,grey,suv,manual,2020,6,kia_sonet
delhi,skoda,slavia,style 1.0l tsi mt,18176,2022,1224023,petrol,1,silver,sedan,manual,2023,4,skoda_slavia
delhi,maruti suzuki,celerio,zxi plus,40453,2022,526000,petrol,1,white,hatchback,manual,2022,4,maruti suzuki_celerio
delhi,maruti suzuki,swift,lxi,13638,2024,593000,petrol,1,white,hatchback,manual,2024,2,maruti suzuki_swift
delhi,tata,tiago,xt,5184,2024,571000,petrol,1,white,hatchback,manual,2024,2,tata_tiago
delhi,maruti suzuki,alto 800,lxi,55873,2019,295000,petrol,1,white,hatchback,manual,2019,7,maruti suzuki_alto 800
delhi,hyundai,grand i10,sportz 1.2 kappa vtvt,44080,2017,431000,petrol,1,grey,hatchback,manual,2017,9,hyundai_grand i10
delhi,mahindra,xuv700,ax 7 petrol at 7 str,7065,2024,2158273,petrol,1,red,suv,automatic,2024,2,mahindra_xuv700
delhi,maruti suzuki,baleno,delta automatic,13322,2019,579000,petrol,1,blue,hatchback,automatic,2019,7,maruti suzuki_baleno
delhi,hyundai,grand i10 nios,sportz 1.2 kappa vtvt,14821,2023,629000,petrol,1,blue,hatchback,manual,2023,3,hyundai_grand i10 nios
delhi,renault,kiger,rxt mt,49002,2021,492000,petrol,1,brown,suv,manual,2022,5,renault_kiger
delhi,maruti suzuki,wagon r 1.0,lxi cng (outside fitted),68466,2016,280000,cng,1,grey,hatchback,manual,2016,10,maruti suzuki_wagon r 1.0
delhi,tata,punch,adventure mt,22105,2022,578000,petrol,1,blue,suv,manual,2022,4,tata_punch
delhi,maruti suzuki,ciaz,alpha hybrid 1.5 at,28430,2018,739000,petrol,1,grey,sedan,automatic,2018,8,maruti suzuki_ciaz
delhi,hyundai,creta,sx petrol,12029,2020,1119993,petrol,1,white,suv,manual,2020,6,hyundai_creta
delhi,mg motors,hector,sharp 1.5 dct petrol,45821,2020,1217918,petrol,1,silver,suv,automatic,2020,6,mg motors_hector
delhi,renault,kwid,climber 1.0,46689,2017,282000,petrol,1,blue,hatchback,manual,2017,9,renault_kwid
delhi,maruti suzuki,alto k10,vxi,15005,2017,318000,petrol,1,grey,hatchback,manual,2018,9,maruti suzuki_alto k10
delhi,maruti suzuki,wagon r 1.0,lxi 1.0,17284,2019,410000,petrol,1,silver,hatchback,manual,2019,7,maruti suzuki_wagon r 1.0
delhi,maruti suzuki,dzire,zxi,87101,2018,502000,petrol,1,blue,sedan,manual,2018,8,maruti suzuki_dzire
delhi,toyota,glanza,g cvt,17839,2021,705000,petrol,1,silver,hatchback,automatic,2021,5,toyota_glanza
delhi,hyundai,creta,ex petrol,44005,2022,953000,petrol,1,white,suv,manual,2022,4,hyundai_creta
delhi,renault,kiger,rxz turbo cvt dual tone,21466,2022,835000,petrol,1,silver,suv,automatic,2024,4,renault_kiger
delhi,renault,kwid,climber 1.0 amt,12150,2019,383000,petrol,1,bronze,hatchback,automatic,2019,7,renault_kwid
delhi,maruti suzuki,alto k10,lxi,28527,2017,285000,petrol,1,white,hatchback,manual,2017,9,maruti suzuki_alto k10
delhi,maruti suzuki,swift,lxi,4111,2024,598000,petrol,1,white,hatchback,manual,2024,2,maruti suzuki_swift
delhi,maruti suzuki,celerio,zxi (o) amt,9743,2020,498000,petrol,1,white,hatchback,automatic,2020,6,maruti suzuki_celerio
delhi,hyundai,elite i20,magna 1.2,55621,2015,403000,petrol,1,red,hatchback,manual,2015,11,hyundai_elite i20
delhi,maruti suzuki,alto k10,vxi plus,26354,2023,439000,petrol,1,silver,hatchback,manual,2023,3,maruti suzuki_alto k10
delhi,maruti suzuki,swift,lxi (o),42846,2017,400000,petrol,1,white,hatchback,manual,2017,9,maruti suzuki_swift
delhi,mahindra,xuv 300,w6 1.2 petrol,25705,2022,773000,petrol,1,white,suv,manual,2022,4,mahindra_xuv 300
delhi,hyundai,venue,sx 1.0  turbo imt dual tone sport,26730,2021,824000,petrol,1,white,suv,manual,2021,5,hyundai_venue
delhi,maruti suzuki,s-presso,vxi s-cng,39956,2022,472000,cng,1,white,hatchback,manual,2023,4,maruti suzuki_s-presso
delhi,maruti suzuki,ciaz,vxi+,51167,2015,461000,petrol,1,brown,sedan,manual,2015,11,maruti suzuki_ciaz
delhi,honda,amaze,1.2 v mt petrol,57311,2019,551000,petrol,1,grey,sedan,manual,2019,7,honda_amaze
delhi,tata,tiago,xt,5273,2022,539000,petrol,1,blue,hatchback,manual,2023,4,tata_tiago
delhi,tata,punch,adventure rhythm pack amt,60865,2021,577000,petrol,1,grey,suv,automatic,2022,5,tata_punch
delhi,hyundai,new i20,sportz 1.0 turbo dct,41819,2022,798000,petrol,1,white,hatchback,automatic,2022,4,hyundai_new i20
delhi,hyundai,grand i10,magna 1.2 kappa vtvt,16650,2017,417000,petrol,1,grey,hatchback,manual,2017,9,hyundai_grand i10
delhi,honda,amaze,1.2 s i-vtec,78985,2016,382000,petrol,1,silver,sedan,manual,2016,10,honda_amaze
delhi,ford,ecosport,trend 1.5l ti-vct,81327,2016,453000,petrol,1,white,suv,manual,2016,10,ford_ecosport
delhi,hyundai,verna,sx (o) 1.0 turbo dct,46247,2022,1231064,petrol,1,black,sedan,automatic,2022,4,hyundai_verna
delhi,maruti suzuki,baleno,delta 1.2,724,2017,498000,petrol,1,orange,hatchback,manual,2017,9,maruti suzuki_baleno
delhi,maruti suzuki,baleno,delta automatic,20797,2020,599000,petrol,1,white,hatchback,automatic,2021,6,maruti suzuki_baleno
delhi,maruti suzuki,celerio,vxi cng,50993,2014,337000,cng,1,grey,hatchback,manual,2015,12,maruti suzuki_celerio
delhi,maruti suzuki,dzire,vxi ags,24203,2022,659000,petrol,1,white,sedan,automatic,2022,4,maruti suzuki_dzire
delhi,hyundai,creta,s diesel,104834,2020,909000,diesel,1,white,suv,manual,2021,6,hyundai_creta
delhi,hyundai,venue,sx plus 1.0 turbo dct,33106,2019,836000,petrol,1,white,suv,automatic,2019,7,hyundai_venue
delhi,maruti suzuki,swift,vxi amt,53426,2018,505000,petrol,1,white,hatchback,automatic,2018,8,maruti suzuki_swift
delhi,honda,city,vx cvt petrol,47949,2020,984000,petrol,1,grey,sedan,automatic,2020,6,honda_city
delhi,maruti suzuki,ignis,alpha 1.2 mt,10428,2023,640000,petrol,1,grey,hatchback,manual,2023,3,maruti suzuki_ignis
delhi,maruti suzuki,wagon r 1.2,vxi (o) 1.2,29197,2022,533000,petrol,1,silver,hatchback,manual,2022,4,maruti suzuki_wagon r 1.2
delhi,nissan,micra,xl cvt,13638,2018,426000,petrol,1,silver,hatchback,automatic,2018,8,nissan_micra
delhi,hyundai,elite i20,sportz 1.2,64762,2015,421000,petrol,1,silver,hatchback,manual,2016,11,hyundai_elite i20
delhi,maruti suzuki,baleno,sigma mt,24073,2024,637000,petrol,1,white,hatchback,manual,2024,2,maruti suzuki_baleno
delhi,maruti suzuki,grand vitara,alpha plus intelligent hybrid ecvt,8455,2024,1776493,hybrid,1,grey,suv,automatic,2024,2,maruti suzuki_grand vitara
delhi,honda,amaze,1.2 v i-vtec,57563,2018,512000,petrol,1,white,sedan,manual,2018,8,honda_amaze
delhi,hyundai,elite i20,sportz 1.2,55028,2016,451000,petrol,1,red,hatchback,manual,2016,10,hyundai_elite i20
delhi,hyundai,verna,1.4 vtvt ex,56508,2018,687000,petrol,1,white,sedan,manual,2018,8,hyundai_verna
delhi,hyundai,aura,sx 1.2 cng,35874,2023,746000,cng,1,blue,sedan,manual,2023,3,hyundai_aura
ahmedabad,hyundai,aura,sx 1.2 cng,13060,2024,852082,cng,1,white,sedan,manual,2024,2,hyundai_aura
ahmedabad,maruti suzuki,celerio,vxi cng,21646,2022,549276,cng,1,grey,hatchback,manual,2022,4,maruti suzuki_celerio
ahmedabad,mg motors,gloster,savvy 2.0 twin turbo 6 str 4wd,42874,2020,2539858,diesel,1,red,suv,automatic,2022,6,mg motors_gloster
ahmedabad,volkswagen,ameo,1.0 highline plus petrol,29534,2019,532174,petrol,1,grey,sedan,manual,2019,7,volkswagen_ameo
ahmedabad,mg motors,hector plus,savvy pro 1.5 turbo petrol cvt 7 str,16452,2023,1909983,petrol,1,red,suv,automatic,2023,3,mg motors_hector plus
ahmedabad,honda,city,v petrol,20100,2022,954694,petrol,1,grey,sedan,manual,2022,4,honda_city
ahmedabad,mahindra,thar,lx hard top petrol mt 4wd,35528,2021,1088957,petrol,1,brown,suv,manual,2021,5,mahindra_thar
ahmedabad,maruti suzuki,baleno,delta 1.2,51579,2018,492940,petrol,1,blue,hatchback,manual,2018,8,maruti suzuki_baleno
ahmedabad,honda,amaze,1.2 e i-vtec,45435,2016,326123,petrol,2,brown,sedan,manual,2016,10,honda_amaze
ahmedabad,maruti suzuki,s-cross,zeta,27759,2022,855100,petrol,1,silver,suv,manual,2022,4,maruti suzuki_s-cross
ahmedabad,tata,nexon,xz plus,35165,2023,854094,petrol,1,grey,suv,manual,2023,3,tata_nexon
ahmedabad,hyundai,creta,sx opt turbo dct petrol,125764,2020,1198738,petrol,1,red,suv,automatic,2020,6,hyundai_creta
ahmedabad,skoda,rapid,style at,61440,2021,682068,petrol,3,red,sedan,automatic,2021,5,skoda_rapid
ahmedabad,tata,harrier,xz plus red dark edition,24415,2023,1600103,diesel,1,black,suv,manual,2023,3,tata_harrier
ahmedabad,maruti suzuki,baleno,sigma,49422,2020,470808,petrol,1,grey,hatchback,manual,2020,6,maruti suzuki_baleno
ahmedabad,renault,triber,rxz,10960,2022,583480,petrol,2,white,muv,manual,2022,4,renault_triber
ahmedabad,hyundai,i20 n line,n8 1.0 turbo dct,50579,2021,759530,petrol,2,red,hatchback,automatic,2021,5,hyundai_i20 n line
ahmedabad,skoda,octavia,2.0 tsi at l k,41734,2021,1911917,petrol,2,white,sedan,automatic,2022,5,skoda_octavia
ahmedabad,maruti suzuki,xl6,alpha plus at petrol,51267,2022,1165255,petrol,1,silver,muv,automatic,2022,4,maruti suzuki_xl6
ahmedabad,hyundai,elite i20,asta 1.2,46667,2016,530162,petrol,1,purple,hatchback,manual,2016,10,hyundai_elite i20
ahmedabad,mahindra,tuv300,t6,121243,2015,469802,diesel,1,black,suv,manual,2015,11,mahindra_tuv300
ahmedabad,honda,jazz,vx cvt petrol,65412,2018,494952,petrol,2,brown,hatchback,automatic,2018,8,honda_jazz
ahmedabad,mahindra,kuv100,k8 6 str,23287,2017,381274,petrol,1,silver,crossover,manual,2017,9,mahindra_kuv100
ahmedabad,tata,tiago nrg,xz icng,87086,2022,554306,cng,1,grey,hatchback,manual,2023,4,tata_tiago nrg
ahmedabad,maruti suzuki,baleno,zeta ags,22601,2023,752488,petrol,1,grey,hatchback,automatic,2023,3,maruti suzuki_baleno
ahmedabad,maruti suzuki,baleno,zeta 1.2,59919,2018,470808,petrol,2,blue,hatchback,manual,2019,8,maruti suzuki_baleno
ahmedabad,hyundai,xcent,s,86694,2018,456724,petrol,1,white,sedan,manual,2018,8,hyundai_xcent
ahmedabad,kia,carens,luxury plus 1.5 diesel at 7 str,99324,2022,1503583,diesel,1,black,muv,automatic,2022,4,kia_carens
ahmedabad,renault,triber,rxz,28968,2021,568390,petrol,1,orange,muv,manual,2021,5,renault_triber
ahmedabad,kia,carens,luxury plus 1.5 diesel at 7 str,40670,2022,1687434,diesel,1,black,muv,automatic,2022,4,kia_carens
ahmedabad,renault,triber,rxt,25866,2022,579456,petrol,1,silver,muv,manual,2022,4,renault_triber
ahmedabad,maruti suzuki,baleno,zeta,29909,2019,577444,petrol,1,blue,hatchback,manual,2019,7,maruti suzuki_baleno
ahmedabad,maruti suzuki,baleno,alpha petrol + cng (outside fitted),79798,2019,582474,cng,1,grey,hatchback,manual,2019,7,maruti suzuki_baleno
ahmedabad,ford,ecosport,titanium 1.5l ti-vct,50497,2019,658930,petrol,1,white,suv,manual,2019,7,ford_ecosport
ahmedabad,kia,sonet,htx plus 1.0 imt,67487,2021,885280,petrol,1,golden,suv,manual,2021,5,kia_sonet
ahmedabad,maruti suzuki,a-star,vxi,42020,2013,250494,petrol,1,silver,hatchback,manual,2013,13,maruti suzuki_a-star
ahmedabad,toyota,glanza,v,46902,2023,781662,petrol,1,silver,hatchback,manual,2023,3,toyota_glanza
ahmedabad,mahindra,alturas g4,4wd at,50334,2019,1828658,diesel,1,black,suv,automatic,2019,7,mahindra_alturas g4
ahmedabad,mercedes-benz,a-class,a 200 cdi sport,62070,2015,1320658,diesel,2,white,hatchback,automatic,2017,11,mercedes-benz_a-class
ahmedabad,ford,figo,titanium 1.2 ti-vct,44973,2018,431574,petrol,1,white,hatchback,manual,2018,8,ford_figo
ahmedabad,maruti suzuki,s-cross,zeta,42139,2022,835000,petrol,1,blue,suv,manual,2022,4,maruti suzuki_s-cross
ahmedabad,maruti suzuki,xl6,zeta mt cng,17778,2023,1156066,cng,1,silver,muv,manual,2023,3,maruti suzuki_xl6
ahmedabad,hyundai,grand i10 nios,sportz amt 1.2 kappa vtvt,57148,2021,597564,petrol,1,blue,hatchback,automatic,2021,5,hyundai_grand i10 nios
ahmedabad,maruti suzuki,baleno,delta,48021,2021,582474,petrol,1,silver,hatchback,manual,2021,5,maruti suzuki_baleno
ahmedabad,hyundai,i20 n line,n8 1.0 turbo dct,49462,2023,907412,petrol,1,white,hatchback,automatic,2023,3,hyundai_i20 n line
ahmedabad,maruti suzuki,s-presso,vxi,21238,2021,403406,petrol,1,white,hatchback,manual,2021,5,maruti suzuki_s-presso
ahmedabad,tata,nexon,xz plus,21327,2023,897352,petrol,1,grey,suv,manual,2023,3,tata_nexon
ahmedabad,datsun,redi-go,t(o) 1.0,41376,2017,218302,petrol,1,grey,hatchback,manual,2018,9,datsun_redi-go
ahmedabad,kia,sonet,htx 1.0 imt,41523,2022,886286,petrol,1,silver,suv,manual,2022,4,kia_sonet
ahmedabad,maruti suzuki,swift dzire,vxi,34981,2017,469802,petrol,1,silver,sedan,manual,2017,9,maruti suzuki_swift dzire
ahmedabad,ford,ecosport,se 1.5l ti-vct,37081,2021,803794,petrol,1,white,suv,manual,2021,5,ford_ecosport
ahmedabad,maruti suzuki,s-presso,vxi plus,51705,2021,388316,petrol,1,silver,hatchback,manual,2021,5,maruti suzuki_s-presso
ahmedabad,hyundai,elite i20,asta 1.2 (o),61772,2018,565372,petrol,2,orange,hatchback,manual,2018,8,hyundai_elite i20
ahmedabad,maruti suzuki,alto 800,lxi (o),4597,2023,407430,petrol,1,silver,hatchback,manual,2023,3,maruti suzuki_alto 800
ahmedabad,datsun,redi-go,s,51278,2017,198182,petrol,1,silver,hatchback,manual,2018,9,datsun_redi-go
ahmedabad,renault,kwid,rxt opt,15448,2018,301800,petrol,1,white,hatchback,manual,2019,8,renault_kwid
ahmedabad,honda,city,zx cvt petrol,30328,2023,1280955,petrol,1,grey,sedan,automatic,2023,3,honda_city
ahmedabad,hyundai,elite i20,magna plus 1.2,57060,2019,524126,petrol,1,blue,hatchback,manual,2019,7,hyundai_elite i20
ahmedabad,hyundai,grand i10,sportz (o) at 1.2 kappa vtvt,87437,2017,454712,petrol,1,orange,hatchback,automatic,2017,9,hyundai_grand i10
ahmedabad,renault,kwid,rxt,52166,2017,260554,petrol,1,red,hatchback,manual,2017,9,renault_kwid
ahmedabad,kia,sonet,htx plus 1.0 imt,16420,2023,999964,petrol,2,black,suv,manual,2023,3,kia_sonet
ahmedabad,maruti suzuki,baleno,delta,33682,2021,600582,petrol,1,grey,hatchback,manual,2022,5,maruti suzuki_baleno
ahmedabad,maruti suzuki,baleno,zeta,16173,2021,679050,petrol,1,grey,hatchback,manual,2021,5,maruti suzuki_baleno
ahmedabad,maruti suzuki,ciaz,alpha 1.5 at,32223,2024,996946,petrol,1,white,sedan,automatic,2024,2,maruti suzuki_ciaz
ahmedabad,hyundai,eon,magna,64823,2016,235404,petrol,3,white,hatchback,manual,2016,10,hyundai_eon
ahmedabad,skoda,kushaq,style 1.5l tsi dsg,73739,2021,1195000,petrol,1,red,suv,automatic,2021,5,skoda_kushaq
ahmedabad,maruti suzuki,wagon r 1.0,vxi 1.0,27893,2021,467790,petrol,1,white,hatchback,manual,2021,5,maruti suzuki_wagon r 1.0
ahmedabad,maruti suzuki,ciaz,alpha 1.5,16531,2022,803794,petrol,2,grey,sedan,manual,2023,4,maruti suzuki_ciaz
ahmedabad,hyundai,grand i10 nios,sportz 1.2 kappa cng,17090,2024,783674,cng,1,grey,hatchback,manual,2024,2,hyundai_grand i10 nios
ahmedabad,maruti suzuki,brezza,zxi plus,23532,2022,1077834,petrol,1,white,suv,manual,2022,4,maruti suzuki_brezza
ahmedabad,maruti suzuki,baleno,zeta 1.2 at,56295,2018,537204,petrol,1,grey,hatchback,automatic,2018,8,maruti suzuki_baleno
ahmedabad,maruti suzuki,s-presso,vxi plus,22193,2020,394352,petrol,1,silver,hatchback,manual,2020,6,maruti suzuki_s-presso
ahmedabad,maruti suzuki,s-cross,zeta,82701,2021,718000,petrol,1,white,suv,manual,2021,5,maruti suzuki_s-cross
ahmedabad,toyota,corolla altis,j petrol,69390,2018,652894,petrol,3,beige,sedan,manual,2018,8,toyota_corolla altis
ahmedabad,hyundai,i20 n line,n8 1.0 turbo dct dual tone,55816,2022,788704,petrol,2,blue,hatchback,automatic,2022,4,hyundai_i20 n line
ahmedabad,hyundai,venue,s (o) 1.2 petrol,14287,2023,864154,petrol,1,white,suv,manual,2023,3,hyundai_venue
ahmedabad,hyundai,creta,sx opt turbo dct petrol,66764,2022,1434450,petrol,1,white,suv,automatic,2022,4,hyundai_creta
ahmedabad,honda,city,v petrol,24454,2021,886286,petrol,1,brown,sedan,manual,2021,5,honda_city
ahmedabad,maruti suzuki,dzire,ldi,88724,2018,499982,diesel,1,white,sedan,manual,2018,8,maruti suzuki_dzire
ahmedabad,maruti suzuki,s-cross,zeta,85207,2021,727000,petrol,1,white,suv,manual,2021,5,maruti suzuki_s-cross
ahmedabad,hyundai,grand i10 nios,sportz 1.2 kappa cng,26674,2023,727338,cng,1,white,hatchback,manual,2023,3,hyundai_grand i10 nios
ahmedabad,maruti suzuki,ertiga,zdi plus 1.3 diesel,96914,2019,934574,diesel,1,maroon,muv,manual,2019,7,maruti suzuki_ertiga
ahmedabad,maruti suzuki,baleno,zeta mt,10336,2023,760536,petrol,1,blue,hatchback,manual,2023,3,maruti suzuki_baleno
ahmedabad,honda,amaze,vx mt 1.2 petrol,30573,2022,636798,petrol,2,white,sedan,manual,2023,4,honda_amaze
ahmedabad,renault,kwid,1.0 rxt amt,62690,2017,297776,petrol,1,red,hatchback,automatic,2017,9,renault_kwid
ahmedabad,honda,amaze,vx cvt 1.2 petrol,34715,2023,808000,petrol,1,brown,sedan,automatic,2023,3,honda_amaze
ahmedabad,hyundai,grand i10,sportz at 1.2 kappa vtvt,91163,2018,482880,petrol,1,red,hatchback,automatic,2018,8,hyundai_grand i10
ahmedabad,kia,carens,prestige plus 1.5 turbo petrol imt 7 str,20653,2023,1409050,petrol,1,red,muv,manual,2023,3,kia_carens
ahmedabad,hyundai,xcent,s,40027,2017,461754,petrol,1,silver,sedan,manual,2017,9,hyundai_xcent
ahmedabad,volkswagen,virtus,highline 1.0 tsi at,86521,2023,1061000,petrol,1,red,sedan,automatic,2023,3,volkswagen_virtus
ahmedabad,tata,altroz,xm plus petrol,32898,2023,624726,petrol,1,grey,hatchback,manual,2023,3,tata_altroz
ahmedabad,maruti suzuki,celerio,vxi,31905,2022,467790,petrol,1,grey,hatchback,manual,2022,4,maruti suzuki_celerio
ahmedabad,hyundai,new i20,asta (o) 1.2 mt,5901,2023,864154,petrol,1,grey,hatchback,manual,2023,3,hyundai_new i20
ahmedabad,renault,kwid,rxl,4329,2020,343046,petrol,1,silver,hatchback,manual,2020,6,renault_kwid
ahmedabad,hyundai,elite i20,sportz plus 1.2 cvt,28314,2019,660942,petrol,1,red,hatchback,automatic,2019,7,hyundai_elite i20
ahmedabad,hyundai,grand i10,asta 1.2 kappa vtvt,34485,2014,374232,petrol,2,blue,hatchback,manual,2014,12,hyundai_grand i10
ahmedabad,toyota,urban cruiser,premium grade at,62810,2022,799770,petrol,1,brown,suv,automatic,2022,4,toyota_urban cruiser
ahmedabad,renault,triber,rxt,44463,2019,399382,petrol,2,orange,muv,manual,2019,7,renault_triber
ahmedabad,hyundai,new santro 1.1,sportz mt,55231,2019,423526,petrol,1,silver,hatchback,manual,2019,7,hyundai_new santro 1.1
ahmedabad,honda,city,vx cvt,70852,2016,600582,petrol,1,white,sedan,automatic,2016,10,honda_city
ahmedabad,maruti suzuki,swift,vxi amt,14599,2019,592534,petrol,1,red,hatchback,automatic,2019,7,maruti suzuki_swift
ahmedabad,maruti suzuki,ciaz,alpha 1.5 at,60375,2021,825926,petrol,1,silver,sedan,automatic,2021,5,maruti suzuki_ciaz
ahmedabad,hyundai,grand i10 nios,sportz 1.2 kappa vtvt,23822,2022,622714,petrol,1,blue,hatchback,manual,2022,4,hyundai_grand i10 nios
ahmedabad,maruti suzuki,baleno,zeta ags,103923,2022,620702,petrol,1,blue,hatchback,automatic,2022,4,maruti suzuki_baleno
ahmedabad,hyundai,new i20,sportz 1.2 mt,42033,2023,694140,petrol,1,blue,hatchback,manual,2023,3,hyundai_new i20
ahmedabad,maruti suzuki,dzire,vxi,48168,2019,512054,petrol,2,silver,sedan,manual,2019,7,maruti suzuki_dzire
ahmedabad,maruti suzuki,baleno,alpha mt,7025,2023,842022,petrol,1,white,hatchback,manual,2024,3,maruti suzuki_baleno
ahmedabad,skoda,kushaq,style 1.0l tsi mt,80497,2021,960000,petrol,1,red,suv,manual,2022,5,skoda_kushaq
ahmedabad,hyundai,new i20,asta 1.0 turbo imt,42265,2020,643000,petrol,2,silver,hatchback,manual,2021,6,hyundai_new i20
ahmedabad,volkswagen,vento,1.2l highline petrol at,79128,2017,587504,petrol,1,brown,sedan,automatic,2017,9,volkswagen_vento
ahmedabad,renault,kwid,rxt 1.0,16185,2022,440628,petrol,1,blue,hatchback,manual,2022,4,renault_kwid
ahmedabad,hyundai,new i20,sportz 1.2 mt,25232,2022,687098,petrol,1,white,hatchback,manual,2022,4,hyundai_new i20
ahmedabad,skoda,kushaq,style 1.0l tsi mt,86587,2021,977000,petrol,1,white,suv,manual,2021,5,skoda_kushaq
ahmedabad,tata,nexon,xe,43967,2022,608630,petrol,1,white,suv,manual,2022,4,tata_nexon
ahmedabad,renault,duster,rxz petrol,32766,2021,707000,petrol,1,brown,suv,manual,2021,5,renault_duster
ahmedabad,maruti suzuki,alto k10,lxi (o) s-cng,14110,2024,542234,cng,1,white,hatchback,manual,2025,2,maruti suzuki_alto k10
ahmedabad,ford,freestyle,titanium 1.2,46281,2018,461754,petrol,1,golden,crossover,manual,2018,8,ford_freestyle
ahmedabad,maruti suzuki,swift,zxi amt,44797,2018,576438,petrol,1,white,hatchback,automatic,2019,8,maruti suzuki_swift
ahmedabad,honda,city,zx cvt petrol,122809,2020,911436,petrol,1,silver,sedan,automatic,2020,6,honda_city
ahmedabad,hyundai,xcent,s petrol+cng(outside fitted),54270,2020,494952,cng,1,white,sedan,manual,2020,6,hyundai_xcent
ahmedabad,maruti suzuki,grand vitara,zeta smart hybrid,32940,2022,1050447,petrol,2,white,suv,manual,2023,4,maruti suzuki_grand vitara
ahmedabad,volkswagen,polo,comfortline 1.2l (p),121894,2017,379262,petrol,1,grey,hatchback,manual,2017,9,volkswagen_polo
ahmedabad,maruti suzuki,xl6,alpha at petrol,105121,2021,936586,petrol,1,grey,muv,automatic,2021,5,maruti suzuki_xl6
ahmedabad,skoda,slavia,style 1.5l tsi mt,75176,2022,1002982,petrol,2,white,sedan,manual,2022,4,skoda_slavia
ahmedabad,tata,nexon,xza plus,12715,2023,962742,petrol,1,white,suv,automatic,2023,3,tata_nexon
ahmedabad,tata,altroz,xza petrol,13136,2023,809830,petrol,1,white,hatchback,automatic,2023,3,tata_altroz
ahmedabad,honda,city,v cvt petrol,73926,2022,935580,petrol,1,grey,sedan,automatic,2022,4,honda_city
ahmedabad,renault,kwid,1.0 rxt amt sce,30890,2023,468796,petrol,1,silver,hatchback,automatic,2024,3,renault_kwid
ahmedabad,maruti suzuki,baleno,zeta,43501,2020,600582,petrol,1,grey,hatchback,manual,2020,6,maruti suzuki_baleno
ahmedabad,maruti suzuki,brezza,zxi plus at,43145,2023,1203863,petrol,1,silver,suv,automatic,2023,3,maruti suzuki_brezza
ahmedabad,ford,ecosport,titanium 1.0 ecoboost,100479,2015,399382,petrol,2,white,suv,manual,2016,11,ford_ecosport
ahmedabad,maruti suzuki,brezza,zxi plus at dual tone,43993,2022,1159159,petrol,1,red,suv,automatic,2022,4,maruti suzuki_brezza
ahmedabad,maruti suzuki,baleno,zeta automatic,64381,2019,588510,petrol,1,grey,hatchback,automatic,2019,7,maruti suzuki_baleno
ahmedabad,hyundai,aura,sx 1.2 cng,45480,2024,800776,cng,1,blue,sedan,manual,2024,2,hyundai_aura
ahmedabad,ford,ecosport,titanium 1.5l ti-vct at,106497,2016,485000,petrol,1,blue,suv,automatic,2016,10,ford_ecosport
ahmedabad,skoda,slavia,style 1.0l tsi mt,90933,2022,971000,petrol,1,white,sedan,manual,2022,4,skoda_slavia
ahmedabad,skoda,kushaq,style 1.0l tsi at,84579,2021,1161191,petrol,1,white,suv,automatic,2022,5,skoda_kushaq
ahmedabad,maruti suzuki,celerio,zxi plus,8161,2023,612654,petrol,1,grey,hatchback,manual,2023,3,maruti suzuki_celerio
ahmedabad,tata,tigor,xz plus,28325,2022,620702,petrol,1,blue,sedan,manual,2022,4,tata_tigor
ahmedabad,maruti suzuki,ciaz,zeta 1.5,23239,2023,854094,petrol,1,blue,sedan,manual,2024,3,maruti suzuki_ciaz
ahmedabad,honda,amaze,1.2 vx cvt petrol,29840,2019,653900,petrol,1,white,sedan,automatic,2019,7,honda_amaze
ahmedabad,maruti suzuki,baleno,zeta,44108,2020,606618,petrol,1,blue,hatchback,manual,2020,6,maruti suzuki_baleno
ahmedabad,maruti suzuki,dzire,zxi ags,104433,2020,564366,petrol,1,white,sedan,automatic,2020,6,maruti suzuki_dzire
ahmedabad,maruti suzuki,dzire,zdi plus amt,81957,2017,571408,diesel,1,blue,sedan,automatic,2017,9,maruti suzuki_dzire
ahmedabad,maruti suzuki,swift,vxi,29119,2020,559336,petrol,1,blue,hatchback,manual,2020,6,maruti suzuki_swift
ahmedabad,honda,amaze,vx mt 1.2 petrol,22630,2022,744440,petrol,1,grey,sedan,manual,2022,4,honda_amaze
ahmedabad,chevrolet,beat,lt petrol,48477,2017,294000,petrol,1,grey,hatchback,manual,2017,9,chevrolet_beat
ahmedabad,hyundai,grand i10 nios,sportz amt 1.2 kappa vtvt,18833,2021,638810,petrol,1,blue,hatchback,automatic,2021,5,hyundai_grand i10 nios
ahmedabad,ford,ecosport,titanium + 1.5l ti-vct at,111277,2021,782000,petrol,1,black,suv,automatic,2021,5,ford_ecosport
ahmedabad,maruti suzuki,baleno,zeta 1.2,57707,2018,529156,petrol,1,red,hatchback,manual,2018,8,maruti suzuki_baleno
ahmedabad,tata,tigor,revotron xz cng,116859,2022,570402,petrol+cng,1,grey,sedan,manual,2022,4,tata_tigor
ahmedabad,renault,kwid,rxt 1.0 amt,14893,2023,474832,petrol,1,red,hatchback,automatic,2024,3,renault_kwid
ahmedabad,maruti suzuki,baleno,delta,24812,2019,571408,petrol,1,blue,hatchback,manual,2019,7,maruti suzuki_baleno
ahmedabad,hyundai,grand i10 nios,sportz 1.2 kappa vtvt,13264,2024,693134,petrol,1,white,hatchback,manual,2024,2,hyundai_grand i10 nios
ahmedabad,skoda,kushaq,style 1.5l tsi mt,36552,2021,1192000,petrol,1,silver,suv,manual,2021,5,skoda_kushaq
ahmedabad,datsun,go,t,66039,2019,282000,petrol,1,white,hatchback,manual,2019,7,datsun_go
ahmedabad,hyundai,i20 active,1.2 sx,58379,2017,497970,petrol,2,brown,crossover,manual,2017,9,hyundai_i20 active
ahmedabad,honda,city,zx cvt petrol,39559,2022,1186001,petrol,1,white,sedan,automatic,2022,4,honda_city
ahmedabad,honda,jazz,zx cvt,43634,2021,787698,petrol,1,brown,hatchback,automatic,2021,5,honda_jazz
ahmedabad,honda,amaze,1.2 vx cvt i-vtec,30861,2023,807000,petrol,1,silver,sedan,automatic,2023,3,honda_amaze
ahmedabad,hyundai,elite i20,sportz plus 1.2,106529,2019,547000,petrol,1,red,hatchback,manual,2019,7,hyundai_elite i20
ahmedabad,hyundai,grand i10 nios,sportz 1.2 kappa cng,26101,2023,740416,cng,1,white,hatchback,manual,2023,3,hyundai_grand i10 nios
ahmedabad,tata,punch,accomplished mt petrol + cng(outside fitted),25439,2022,622714,cng,1,white,suv,manual,2022,4,tata_punch
ahmedabad,maruti suzuki,celerio,vxi,36638,2022,465778,petrol,1,silver,hatchback,manual,2022,4,maruti suzuki_celerio
ahmedabad,ford,ecosport,titanium + 1.5l ti-vct at,102873,2021,765000,petrol,1,black,suv,automatic,2021,5,ford_ecosport
ahmedabad,honda,amaze,1.2 sx i-vtec,125332,2016,380268,petrol,1,brown,sedan,manual,2016,10,honda_amaze
ahmedabad,maruti suzuki,ignis,alpha 1.2 mt,18352,2024,704200,petrol,1,silver,hatchback,manual,2024,2,maruti suzuki_ignis
ahmedabad,kia,sonet,gtx plus 1.0 dct,88175,2021,889000,petrol,1,white,suv,automatic,2021,5,kia_sonet
ahmedabad,maruti suzuki,ignis,alpha 1.2 amt,13508,2024,753494,petrol,1,blue,hatchback,automatic,2024,2,maruti suzuki_ignis
ahmedabad,maruti suzuki,fronx,delta plus 1.2l mt,9463,2025,876226,petrol,1,white,suv,manual,2025,1,maruti suzuki_fronx
ahmedabad,hyundai,verna,sx (o) 1.5 turbo petrol dct,7151,2023,1461882,petrol,1,grey,sedan,automatic,2023,3,hyundai_verna
ahmedabad,tata,curvv,creative 1.2 revotron petrol 6mt,10863,2024,1167287,petrol,1,grey,suv,manual,2024,2,tata_curvv
ahmedabad,renault,kwid,1.0 rxt amt opt,63292,2018,314878,petrol,1,silver,hatchback,automatic,2018,8,renault_kwid
ahmedabad,renault,kwid,rxl,60657,2020,292746,petrol,1,white,hatchback,manual,2020,6,renault_kwid
ahmedabad,hyundai,grand i10,sportz 1.2 kappa vtvt,50328,2020,527144,petrol,1,grey,hatchback,manual,2020,6,hyundai_grand i10
ahmedabad,maruti suzuki,brezza,zxi plus,73898,2022,958718,petrol,1,white,suv,manual,2022,4,maruti suzuki_brezza
ahmedabad,hyundai,grand i10 nios,sportz 1.2 kappa cng,12428,2023,738404,cng,1,blue,hatchback,manual,2023,3,hyundai_grand i10 nios
ahmedabad,hyundai,new santro 1.1,sportz mt,116948,2020,398000,petrol,1,grey,hatchback,manual,2020,6,hyundai_new santro 1.1
ahmedabad,hyundai,xcent,sx 1.2,107576,2016,423526,petrol,1,white,sedan,manual,2016,10,hyundai_xcent
ahmedabad,renault,kwid,rxt opt,33199,2019,299788,petrol,2,bronze,hatchback,manual,2019,7,renault_kwid
ahmedabad,hyundai,xcent,s,68055,2019,496964,petrol,1,grey,sedan,manual,2019,7,hyundai_xcent
ahmedabad,honda,br-v,s diesel,117933,2016,528150,diesel,1,white,suv,manual,2016,10,honda_br-v
ahmedabad,hyundai,new i20,asta (o) 1.0 turbo dct,14944,2023,997952,petrol,1,white,hatchback,automatic,2023,3,hyundai_new i20
ahmedabad,tata,tiago,xza plus,34317,2023,643840,petrol,1,grey,hatchback,automatic,2023,3,tata_tiago
ahmedabad,renault,kwid,rxt 1.0 sce special (o),50385,2017,293752,petrol,1,red,hatchback,manual,2017,9,renault_kwid
ahmedabad,hyundai,creta,sx opt turbo dct petrol,83873,2022,1248522,petrol,2,black,suv,automatic,2022,4,hyundai_creta
ahmedabad,hyundai,grand i10,sportz 1.2 kappa vtvt,22914,2017,474832,petrol,1,red,hatchback,manual,2017,9,hyundai_grand i10
ahmedabad,tata,tigor,revotron xz+,114056,2019,451694,petrol,1,white,sedan,manual,2019,7,tata_tigor
ahmedabad,maruti suzuki,xl6,alpha plus at petrol,25374,2022,1243487,petrol,1,grey,muv,automatic,2022,4,maruti suzuki_xl6
ahmedabad,maruti suzuki,alto k10,vxi cng (outside fitted),77953,2017,273632,cng,1,white,hatchback,manual,2017,9,maruti suzuki_alto k10
ahmedabad,maruti suzuki,baleno,delta,53812,2021,572414,petrol,1,blue,hatchback,manual,2021,5,maruti suzuki_baleno
ahmedabad,volkswagen,vento,red and white edition,111295,2020,694000,petrol,1,red,sedan,automatic,2020,6,volkswagen_vento
ahmedabad,hyundai,grand i10 nios,sportz 1.2 kappa vtvt,12758,2023,652894,petrol,1,white,hatchback,manual,2023,3,hyundai_grand i10 nios
ahmedabad,maruti suzuki,ciaz,delta 1.4 at,88764,2017,550282,petrol,1,white,sedan,automatic,2017,9,maruti suzuki_ciaz
ahmedabad,renault,kwid,rxt 1.0 sce special,51136,2016,246470,petrol,2,red,hatchback,manual,2016,10,renault_kwid
ahmedabad,tata,tigor,revotron xz+,24060,2022,628750,petrol,1,white,sedan,manual,2022,4,tata_tigor
ahmedabad,renault,kwid,rxt opt,36439,2019,297776,petrol,2,red,hatchback,manual,2019,7,renault_kwid
ahmedabad,maruti suzuki,vitara brezza,zdi plus,94606,2016,712000,diesel,1,red,suv,manual,2016,10,maruti suzuki_vitara brezza
ahmedabad,skoda,rapid,ambition at,50024,2021,757000,petrol,1,grey,sedan,automatic,2021,5,skoda_rapid
ahmedabad,ford,figo,trend 1.2 ti-vct,66441,2018,381274,petrol,1,white,hatchback,manual,2018,8,ford_figo
ahmedabad,honda,amaze,vx 1.2 petrol mt,20357,2024,793734,petrol,1,brown,sedan,manual,2024,2,honda_amaze
ahmedabad,skoda,kushaq,style 1.5l tsi dsg,55021,2021,1227000,petrol,1,orange,suv,automatic,2021,5,skoda_kushaq
ahmedabad,volkswagen,taigun,gt plus 1.5 tsi dsg,25411,2023,1486311,petrol,1,white,suv,automatic,2023,3,volkswagen_taigun
ahmedabad,honda,amaze,1.2 sx i-vtec,92368,2015,345058,petrol,2,brown,sedan,manual,2015,11,honda_amaze
ahmedabad,hyundai,aura,sx plus 1.2 amt petrol,28427,2020,636798,petrol,1,brown,sedan,automatic,2020,6,hyundai_aura
ahmedabad,maruti suzuki,s-presso,vxi plus,28947,2022,447670,petrol,1,grey,hatchback,manual,2022,4,maruti suzuki_s-presso
ahmedabad,hyundai,venue,sx 1.5 crdi,120064,2021,821000,diesel,1,blue,suv,manual,2021,5,hyundai_venue
ahmedabad,honda,amaze,1.2 vx i-vtec,70493,2014,422520,petrol,1,red,sedan,manual,2014,12,honda_amaze
ahmedabad,honda,city,zx cvt petrol,40387,2019,830956,petrol,1,white,sedan,automatic,2019,7,honda_city
ahmedabad,hyundai,aura,sx 1.2 petrol,27580,2024,726642,petrol,1,white,sedan,manual,2024,2,hyundai_aura
ahmedabad,maruti suzuki,wagon r 1.2,zxi 1.2,33667,2022,550282,petrol,1,white,hatchback,manual,2022,4,maruti suzuki_wagon r 1.2
ahmedabad,maruti suzuki,fronx,zeta 1.0l turbo mt,11199,2024,982862,petrol,1,grey,suv,manual,2024,2,maruti suzuki_fronx
ahmedabad,maruti suzuki,s-cross,zeta,41399,2020,736392,petrol,1,blue,suv,manual,2020,6,maruti suzuki_s-cross
ahmedabad,honda,jazz,zx cvt,32296,2021,777000,petrol,1,silver,hatchback,automatic,2021,5,honda_jazz
ahmedabad,honda,amaze,1.2 s i-vtec,54433,2013,356124,petrol,1,silver,sedan,manual,2013,13,honda_amaze
ahmedabad,toyota,glanza,g e-cng,50320,2023,698164,cng,2,white,hatchback,manual,2023,3,toyota_glanza
ahmedabad,hyundai,grand i10,sportz 1.2 kappa vtvt,81896,2016,393346,petrol,1,grey,hatchback,manual,2016,10,hyundai_grand i10
ahmedabad,ford,ecosport,titanium 1.5l ti-vct,60064,2015,444652,petrol,1,red,suv,manual,2015,11,ford_ecosport
ahmedabad,honda,amaze,1.2 vx at i-vtec,36646,2015,437000,petrol,1,silver,sedan,automatic,2015,11,honda_amaze
ahmedabad,tata,altroz,xz 1.2,27973,2023,715000,petrol,1,grey,hatchback,manual,2023,3,tata_altroz
ahmedabad,maruti suzuki,brezza,zxi plus,39730,2022,1007086,petrol,1,grey,suv,manual,2022,4,maruti suzuki_brezza
ahmedabad,hyundai,elite i20,sportz 1.2,76126,2015,448676,petrol,1,white,hatchback,manual,2015,11,hyundai_elite i20
ahmedabad,maruti suzuki,baleno,delta 1.2,67607,2018,477850,petrol,1,blue,hatchback,manual,2018,8,maruti suzuki_baleno
ahmedabad,maruti suzuki,baleno,zeta at petrol,118400,2017,478856,petrol,1,blue,hatchback,automatic,2017,9,maruti suzuki_baleno
ahmedabad,maruti suzuki,ciaz,alpha at petrol,77339,2021,754000,petrol,1,white,sedan,automatic,2021,5,maruti suzuki_ciaz
ahmedabad,hyundai,grand i10,magna 1.2 kappa vtvt,88611,2015,345058,petrol,2,silver,hatchback,manual,2015,11,hyundai_grand i10
ahmedabad,honda,jazz,zx cvt,32881,2022,803794,petrol,1,white,hatchback,automatic,2022,4,honda_jazz
ahmedabad,maruti suzuki,swift,vxi amt,42285,2018,538210,petrol,1,white,hatchback,automatic,2018,8,maruti suzuki_swift
ahmedabad,honda,jazz,zx,16546,2021,718000,petrol,1,white,hatchback,manual,2021,5,honda_jazz
ahmedabad,maruti suzuki,celerio,zxi,110482,2019,369000,petrol,1,white,hatchback,manual,2019,7,maruti suzuki_celerio
ahmedabad,maruti suzuki,ciaz,delta 1.4 mt,64218,2017,471814,petrol,1,grey,sedan,manual,2017,9,maruti suzuki_ciaz
ahmedabad,kia,sonet,htx 1.0 imt,20770,2022,907000,petrol,1,black,suv,manual,2022,4,kia_sonet
ahmedabad,honda,jazz,zx cvt,32550,2021,771000,petrol,1,grey,hatchback,automatic,2021,5,honda_jazz
ahmedabad,hyundai,grand i10,sportz 1.2 kappa vtvt,46997,2013,355118,petrol,1,red,hatchback,manual,2013,13,hyundai_grand i10
ahmedabad,maruti suzuki,ciaz,alpha 1.4 mt,24981,2017,636798,petrol,1,grey,sedan,manual,2017,9,maruti suzuki_ciaz
ahmedabad,maruti suzuki,celerio,zxi amt,87597,2015,310854,petrol,2,silver,hatchback,automatic,2015,11,maruti suzuki_celerio
ahmedabad,renault,kwid,climber 1.0 mt dual tone,167,2024,557324,petrol,1,orange,hatchback,manual,2025,2,renault_kwid
ahmedabad,honda,city,vx cvt,53277,2016,572414,petrol,2,brown,sedan,automatic,2016,10,honda_city
ahmedabad,ford,freestyle,titanium 1.2,24646,2021,555000,petrol,1,white,crossover,manual,2021,5,ford_freestyle
ahmedabad,datsun,redi-go,t (o),67939,2016,189128,petrol,1,red,hatchback,manual,2016,10,datsun_redi-go
ahmedabad,ford,ecosport,titanium 1.5l ti-vct at,68934,2017,479862,petrol,3,white,suv,automatic,2017,9,ford_ecosport
ahmedabad,hyundai,grand i10,sportz 1.2 kappa vtvt,60352,2019,470808,petrol,1,grey,hatchback,manual,2019,7,hyundai_grand i10
ahmedabad,honda,amaze,1.2 s i-vtec,90094,2013,313872,petrol,1,maroon,sedan,manual,2013,13,honda_amaze
ahmedabad,maruti suzuki,alto 800,vxi (o),27068,2018,323932,petrol,1,grey,hatchback,manual,2018,8,maruti suzuki_alto 800
ahmedabad,maruti suzuki,ciaz,zdi+ shvs,98556,2016,506000,diesel,1,white,sedan,manual,2016,10,maruti suzuki_ciaz
ahmedabad,renault,kwid,rxt 1.0 sce special,56375,2017,272626,petrol,1,red,hatchback,manual,2017,9,renault_kwid
ahmedabad,renault,kwid,rxe,77385,2015,195164,petrol,1,white,hatchback,manual,2015,11,renault_kwid
ahmedabad,datsun,redi-go,t (o),44659,2017,205224,petrol,1,white,hatchback,manual,2017,9,datsun_redi-go
ahmedabad,honda,amaze,1.2 vx cvt i-vtec,24458,2022,787000,petrol,1,silver,sedan,automatic,2022,4,honda_amaze
ahmedabad,honda,amaze,1.2l s cvt,64198,2016,424000,petrol,2,white,sedan,automatic,2016,10,honda_amaze
ahmedabad,tata,altroz,xz plus petrol,15967,2022,748464,petrol,1,blue,hatchback,manual,2022,4,tata_altroz
ahmedabad,hyundai,eon,magna +,72304,2017,302806,petrol,1,grey,hatchback,manual,2018,9,hyundai_eon
ahmedabad,hyundai,venue,sx 1.2 petrol,10265,2024,1035000,petrol,1,white,suv,manual,2024,2,hyundai_venue
ahmedabad,maruti suzuki,ignis,zeta 1.2 mt,9212,2024,647000,petrol,1,white,hatchback,manual,2024,2,maruti suzuki_ignis
ahmedabad,hyundai,new i20,asta 1.0 turbo imt,37035,2021,734000,petrol,1,white,hatchback,manual,2021,5,hyundai_new i20
ahmedabad,maruti suzuki,swift,zxi plus amt dual tone,10560,2021,793734,petrol,1,red,hatchback,automatic,2021,5,maruti suzuki_swift
ahmedabad,maruti suzuki,swift,zxi,68629,2017,425538,petrol,3,white,hatchback,manual,2017,9,maruti suzuki_swift
ahmedabad,hyundai,elite i20,sportz 1.2,58106,2015,476844,petrol,1,silver,hatchback,manual,2015,11,hyundai_elite i20
ahmedabad,mahindra,xuv700,ax 5 petrol mt 7 str,58002,2022,1427383,petrol,1,white,suv,manual,2022,4,mahindra_xuv700
ahmedabad,tata,tiago,xza+ amt,27147,2023,653900,petrol,1,blue,hatchback,automatic,2023,3,tata_tiago
ahmedabad,maruti suzuki,baleno,alpha 1.2 at,81563,2018,548000,petrol,1,grey,hatchback,automatic,2018,8,maruti suzuki_baleno
ahmedabad,kia,seltos,htx ivt g,28342,2020,1206000,petrol,1,white,suv,automatic,2020,6,kia_seltos
ahmedabad,hyundai,venue,sx plus 1.0 turbo dct,23426,2020,889000,petrol,1,silver,suv,automatic,2020,6,hyundai_venue
ahmedabad,tata,nexon,xza+  1.2l luxs dark edition petrol at,36399,2023,994000,petrol,1,black,suv,automatic,2023,3,tata_nexon
ahmedabad,honda,amaze,1.2 ex i-vtec,73632,2014,312866,petrol,2,white,sedan,manual,2014,12,honda_amaze
ahmedabad,skoda,octavia,elegance 2.0 tdi at,107358,2015,892000,diesel,2,silver,sedan,automatic,2015,11,skoda_octavia
ahmedabad,volkswagen,ameo,1.0 trendline petrol,81707,2019,425000,petrol,1,brown,sedan,manual,2020,7,volkswagen_ameo
ahmedabad,honda,city,vx petrol,49446,2022,958000,petrol,1,white,sedan,manual,2022,4,honda_city
ahmedabad,maruti suzuki,alto 800,lxi,79258,2017,269608,petrol,1,white,hatchback,manual,2017,9,maruti suzuki_alto 800
ahmedabad,tata,hexa,xta,90528,2017,844034,diesel,2,silver,suv,automatic,2017,9,tata_hexa
ahmedabad,hyundai,venue,sx 1.0 (o) turbo imt,40311,2022,942000,petrol,1,white,suv,manual,2022,4,hyundai_venue
ahmedabad,skoda,kushaq,ambition 1.0l tsi mt,25955,2023,1036000,petrol,1,red,suv,manual,2023,3,skoda_kushaq
ahmedabad,hyundai,grand i10,asta 1.2 kappa vtvt,62720,2014,400388,petrol,1,white,hatchback,manual,2014,12,hyundai_grand i10
ahmedabad,ford,ecosport,trend 1.5 tdci,82321,2014,423526,diesel,1,white,suv,manual,2015,12,ford_ecosport
ahmedabad,tata,altroz,xz plus 1.2 dual tone,29404,2023,708000,petrol,1,golden,hatchback,manual,2023,3,tata_altroz
ahmedabad,ford,ecosport,titanium + 1.5l ti-vct,76175,2020,659000,petrol,1,grey,suv,manual,2020,6,ford_ecosport
ahmedabad,renault,kwid,1.0 rxt opt,46815,2021,369202,petrol,1,bronze,hatchback,manual,2021,5,renault_kwid
ahmedabad,tata,tigor,revotron xz+ cng,26279,2023,740416,petrol+cng,1,maroon,sedan,manual,2023,3,tata_tigor
ahmedabad,tata,altroz,xz plus (s) diesel,6986,2023,905000,diesel,1,red,hatchback,manual,2023,3,tata_altroz
ahmedabad,honda,city,vx,100352,2020,703194,petrol,1,grey,sedan,manual,2020,6,honda_city
ahmedabad,maruti suzuki,s-cross,zeta,61928,2022,792000,petrol,1,silver,suv,manual,2022,4,maruti suzuki_s-cross
ahmedabad,hyundai,creta,sx opt turbo dct petrol,41358,2021,1414000,petrol,1,black,suv,automatic,2021,5,hyundai_creta
ahmedabad,maruti suzuki,alto 800,vxi cng (outside fitted),93814,2016,265584,cng,2,grey,hatchback,manual,2016,10,maruti suzuki_alto 800
ahmedabad,hyundai,eon,magna +,45000,2016,242000,petrol,3,silver,hatchback,manual,2016,10,hyundai_eon
ahmedabad,maruti suzuki,dzire,vxi,54497,2018,526138,petrol,1,grey,sedan,manual,2018,8,maruti suzuki_dzire
ahmedabad,volkswagen,polo,highline plus 1.0l tsi,109094,2021,493000,petrol,3,blue,hatchback,manual,2021,5,volkswagen_polo
ahmedabad,tata,altroz,xza plus petrol dark edtion,30125,2023,794000,petrol,1,black,hatchback,automatic,2023,3,tata_altroz
ahmedabad,maruti suzuki,swift,vdi,112968,2016,422000,diesel,1,red,hatchback,manual,2016,10,maruti suzuki_swift
ahmedabad,hyundai,new santro 1.1,sportz mt,58867,2018,395358,petrol,1,grey,hatchback,manual,2018,8,hyundai_new santro 1.1
ahmedabad,tata,altroz,xz 1.2,24329,2022,677000,petrol,1,white,hatchback,manual,2024,4,tata_altroz
ahmedabad,honda,amaze,1.2 s i-vtec cng (outside fitted),46240,2023,679050,cng,1,white,sedan,manual,2023,3,honda_amaze
ahmedabad,tata,safari,xza plus 6s,56194,2021,1583000,diesel,1,blue,suv,automatic,2022,5,tata_safari
ahmedabad,honda,amaze,1.2 s i-vtec,43787,2013,358000,petrol,1,white,sedan,manual,2013,13,honda_amaze
ahmedabad,volkswagen,vento,1.2l highline petrol at,70995,2017,595552,petrol,1,blue,sedan,automatic,2017,9,volkswagen_vento
ahmedabad,maruti suzuki,dzire,zxi plus amt,71209,2017,576438,petrol,1,blue,sedan,automatic,2017,9,maruti suzuki_dzire
ahmedabad,honda,jazz,vx cvt,21010,2022,798000,petrol,1,white,hatchback,automatic,2022,4,honda_jazz
ahmedabad,skoda,slavia,style 1.5l tsi at,50604,2022,1264000,petrol,1,blue,sedan,automatic,2022,4,skoda_slavia
ahmedabad,ford,ecosport,titanium 1.5l ti-vct petrol + cng (outside fitted),69127,2016,493000,cng,1,silver,suv,manual,2016,10,ford_ecosport
ahmedabad,tata,nexon,xz plus (o),8285,2022,923000,petrol,1,white,suv,manual,2022,4,tata_nexon
ahmedabad,maruti suzuki,dzire,zxi ags,65421,2020,639987,petrol,1,brown,sedan,automatic,2021,6,maruti suzuki_dzire
ahmedabad,datsun,redi-go,s 1.0,36757,2017,221320,petrol,1,white,hatchback,manual,2018,9,datsun_redi-go
ahmedabad,hyundai,venue,sx plus 1.0 turbo dct,106323,2019,726000,petrol,1,silver,suv,automatic,2019,7,hyundai_venue
ahmedabad,honda,amaze,1.2 vx cvt i-vtec,22867,2022,779000,petrol,1,grey,sedan,automatic,2022,4,honda_amaze
ahmedabad,ford,ecosport,titanium + 1.5l ti-vct at,48913,2020,693000,petrol,2,silver,suv,automatic,2020,6,ford_ecosport
ahmedabad,maruti suzuki,ciaz,zeta 1.4 mt,84403,2017,517084,petrol,1,blue,sedan,manual,2017,9,maruti suzuki_ciaz
ahmedabad,datsun,go,t,36802,2018,235000,petrol,1,grey,hatchback,manual,2018,8,datsun_go
ahmedabad,mg motors,hector,sharp 1.5 petrol cvt,46018,2021,1311000,petrol,1,white,suv,automatic,2021,5,mg motors_hector
ahmedabad,kia,sonet,htx 1.0 imt,58253,2020,748000,petrol,1,black,suv,manual,2020,6,kia_sonet
ahmedabad,volkswagen,vento,highline 1.0l tsi,51320,2022,670000,petrol,2,grey,sedan,manual,2022,4,volkswagen_vento
ahmedabad,hyundai,creta,1.4 s,65373,2019,975820,diesel,1,white,suv,manual,2019,7,hyundai_creta
ahmedabad,maruti suzuki,wagon r 1.0,lxi,47986,2011,225000,petrol,1,blue,hatchback,manual,2011,15,maruti suzuki_wagon r 1.0
ahmedabad,hyundai,elite i20,sportz plus 1.2,57985,2019,588510,petrol,1,red,hatchback,manual,2019,7,hyundai_elite i20
ahmedabad,honda,city,zx diesel,86197,2017,592534,diesel,3,grey,sedan,manual,2017,9,honda_city
ahmedabad,maruti suzuki,ciaz,alpha at petrol,56755,2020,752000,petrol,1,white,sedan,automatic,2020,6,maruti suzuki_ciaz
ahmedabad,maruti suzuki,dzire,vxi,51789,2020,606618,petrol,1,silver,sedan,manual,2020,6,maruti suzuki_dzire
ahmedabad,renault,kwid,1.0 rxt opt,45473,2021,342000,petrol,2,white,hatchback,manual,2021,5,renault_kwid
ahmedabad,datsun,redi-go,t (o),58733,2018,197176,petrol,2,silver,hatchback,manual,2018,8,datsun_redi-go
ahmedabad,hyundai,aura,sx 1.2 cng,47541,2023,753494,cng,1,blue,sedan,manual,2023,3,hyundai_aura
ahmedabad,renault,kwid,rxl,47078,2018,259000,petrol,1,silver,hatchback,manual,2018,8,renault_kwid
ahmedabad,maruti suzuki,celerio,zxi plus amt,37523,2022,565372,petrol,1,silver,hatchback,automatic,2022,4,maruti suzuki_celerio
ahmedabad,maruti suzuki,swift,zxi amt,56546,2019,573420,petrol,1,white,hatchback,automatic,2020,7,maruti suzuki_swift
ahmedabad,tata,nexon,xza plus,10685,2023,929000,petrol,1,beige,suv,automatic,2023,3,tata_nexon
ahmedabad,renault,kwid,rxt,105464,2016,230374,petrol,1,green,hatchback,manual,2016,10,renault_kwid
ahmedabad,hyundai,exter,s 1.2 amt,10723,2024,760000,petrol,1,white,suv,automatic,2024,2,hyundai_exter
ahmedabad,renault,kwid,rxt opt,30452,2019,339022,petrol,1,white,hatchback,manual,2019,7,renault_kwid
ahmedabad,hyundai,elite i20,asta 1.2,60421,2018,597000,petrol,1,grey,hatchback,manual,2018,8,hyundai_elite i20
ahmedabad,mahindra,thar,lx hard top petrol mt 4wd,113688,2021,996946,petrol,1,grey,suv,manual,2021,5,mahindra_thar
ahmedabad,hyundai,alcazar,platinum (o) 7 str 1.5 petrol dct,26935,2023,1714000,petrol,1,silver,suv,automatic,2023,3,hyundai_alcazar
ahmedabad,maruti suzuki,dzire,zxi ags,39803,2022,571000,petrol,3,grey,sedan,automatic,2022,4,maruti suzuki_dzire
ahmedabad,honda,civic,vx cvt petrol,70261,2020,1187509,petrol,1,white,sedan,automatic,2020,6,honda_civic
ahmedabad,honda,wr-v,vx mt petrol,113484,2017,500988,petrol,1,white,suv,manual,2017,9,honda_wr-v
ahmedabad,mahindra,tuv300,t6,61193,2017,586498,diesel,1,white,suv,manual,2017,9,mahindra_tuv300
ahmedabad,hyundai,elite i20,magna plus 1.2,30096,2020,611000,petrol,1,grey,hatchback,manual,2020,6,hyundai_elite i20
ahmedabad,maruti suzuki,swift,vxi,57666,2022,562354,petrol,1,blue,hatchback,manual,2022,4,maruti suzuki_swift
ahmedabad,kia,carens,prestige 1.5 petrol 7 str,16659,2023,1189639,petrol,1,grey,muv,manual,2023,3,kia_carens
ahmedabad,volkswagen,polo,comfortline 1.0l (p),94988,2019,443000,petrol,1,white,hatchback,manual,2019,7,volkswagen_polo
ahmedabad,hyundai,new i20,asta 1.0 turbo dct,43395,2021,784000,petrol,1,white,hatchback,automatic,2021,5,hyundai_new i20
ahmedabad,maruti suzuki,alto 800,lxi,26968,2015,249488,petrol,1,white,hatchback,manual,2015,11,maruti suzuki_alto 800
ahmedabad,renault,kwid,rxt 1.0 sce special,36983,2018,304000,petrol,1,grey,hatchback,manual,2018,8,renault_kwid
ahmedabad,maruti suzuki,baleno,delta 1.3,69341,2019,552294,diesel,1,grey,hatchback,manual,2019,7,maruti suzuki_baleno
ahmedabad,renault,kwid,1.0l rxt(o) amt,26219,2020,363166,petrol,2,blue,hatchback,automatic,2020,6,renault_kwid
ahmedabad,tata,nexon,xz plus diesel s,81360,2020,819000,diesel,1,grey,suv,manual,2020,6,tata_nexon
ahmedabad,maruti suzuki,dzire,vxi amt,38819,2018,577444,petrol,1,white,sedan,automatic,2018,8,maruti suzuki_dzire
ahmedabad,mahindra,xuv 300,w8 diesel,28565,2022,999964,diesel,1,white,suv,manual,2022,4,mahindra_xuv 300
ahmedabad,ford,figo,titanium 1.2 ti-vct mt,41070,2019,459742,petrol,1,white,hatchback,manual,2019,7,ford_figo
ahmedabad,datsun,redi-go,t(o) 1.0,34362,2018,224338,petrol,1,white,hatchback,manual,2019,8,datsun_redi-go
ahmedabad,maruti suzuki,alto 800,lxi,24865,2019,308000,petrol,1,white,hatchback,manual,2019,7,maruti suzuki_alto 800
ahmedabad,hyundai,i20,sportz 1.4 crdi,123755,2014,359000,diesel,1,silver,hatchback,manual,2014,12,hyundai_i20
ahmedabad,volkswagen,taigun,highline 1.0 tsi mt,38283,2022,946000,petrol,1,white,suv,manual,2022,4,volkswagen_taigun
ahmedabad,honda,city,zx cvt petrol,54059,2022,1120000,petrol,1,grey,sedan,automatic,2022,4,honda_city
ahmedabad,hyundai,elite i20,asta 1.2,35168,2018,615000,petrol,1,white,hatchback,manual,2018,8,hyundai_elite i20
ahmedabad,hyundai,new i20,asta (o) 1.0 turbo dct,5995,2023,997000,petrol,1,white,hatchback,automatic,2023,3,hyundai_new i20
ahmedabad,mg motors,astor,savvy 1.3 turbo at s red,54539,2022,1177999,petrol,1,white,suv,automatic,2022,4,mg motors_astor
ahmedabad,maruti suzuki,baleno,zeta automatic,24733,2020,672008,petrol,1,blue,hatchback,automatic,2020,6,maruti suzuki_baleno
ahmedabad,tata,nexon,kraz petrol,31483,2019,609000,petrol,1,black,suv,manual,2019,7,tata_nexon
ahmedabad,mahindra,thar,lx hard top diesel at 4wd,76428,2022,1232000,diesel,1,red,suv,automatic,2022,4,mahindra_thar
ahmedabad,kia,seltos,gtx plus dct,52568,2021,1289045,petrol,1,white,suv,automatic,2021,5,kia_seltos
ahmedabad,maruti suzuki,alto 800,lxi,54283,2014,227356,petrol,1,red,hatchback,manual,2014,12,maruti suzuki_alto 800
ahmedabad,tata,altroz,xz 1.5,51381,2021,699000,diesel,1,red,hatchback,manual,2021,5,tata_altroz
ahmedabad,hyundai,verna,sx (o) 1.0 turbo dct,41942,2022,1213000,petrol,1,black,sedan,automatic,2022,4,hyundai_verna
ahmedabad,maruti suzuki,alto 800,vxi cng (outside fitted),93641,2018,275644,cng,2,grey,hatchback,manual,2018,8,maruti suzuki_alto 800
ahmedabad,hyundai,venue,sx plus 1.0 turbo dct,42608,2021,889000,petrol,1,grey,suv,automatic,2021,5,hyundai_venue
ahmedabad,honda,city,sv cvt,77796,2014,428000,petrol,2,white,sedan,automatic,2014,12,honda_city
ahmedabad,ford,freestyle,titanium 1.2,40907,2019,487910,petrol,1,white,crossover,manual,2019,7,ford_freestyle
ahmedabad,hyundai,creta,sx opt turbo dct petrol,22443,2022,1554000,petrol,1,white,suv,automatic,2022,4,hyundai_creta
ahmedabad,hyundai,creta,1.6 sx plus petrol,64526,2017,744440,petrol,1,white,suv,manual,2017,9,hyundai_creta
ahmedabad,hyundai,venue,sx 1.0  turbo imt,49630,2022,821000,petrol,1,white,suv,manual,2022,4,hyundai_venue
ahmedabad,maruti suzuki,swift,zxi,94693,2013,378000,petrol,1,white,hatchback,manual,2013,13,maruti suzuki_swift
ahmedabad,mg motors,hector,sharp 1.5 petrol cvt,30551,2021,1219000,petrol,2,silver,suv,automatic,2021,5,mg motors_hector
ahmedabad,renault,kwid,rxl,26678,2019,311000,petrol,1,grey,hatchback,manual,2019,7,renault_kwid
ahmedabad,honda,city,vx cvt,71191,2015,551000,petrol,1,brown,sedan,automatic,2015,11,honda_city
ahmedabad,maruti suzuki,swift,vxi,23044,2019,527000,petrol,1,blue,hatchback,manual,2019,7,maruti suzuki_swift
ahmedabad,maruti suzuki,alto k10,vxi,62376,2012,181000,petrol,1,red,hatchback,manual,2012,14,maruti suzuki_alto k10
ahmedabad,maruti suzuki,s-cross,zeta,37767,2021,764000,petrol,1,blue,suv,manual,2021,5,maruti suzuki_s-cross
ahmedabad,hyundai,new santro 1.1,sportz executive cng,12434,2022,556000,petrol+cng,1,golden,hatchback,manual,2022,4,hyundai_new santro 1.1
ahmedabad,maruti suzuki,alto 800,vxi,106341,2016,240000,petrol,1,white,hatchback,manual,2016,10,maruti suzuki_alto 800
ahmedabad,maruti suzuki,xl6,alpha mt petrol,51487,2022,942000,petrol,1,blue,muv,manual,2022,4,maruti suzuki_xl6
ahmedabad,skoda,kushaq,style 1.5l tsi dsg,17104,2021,1144000,petrol,2,white,suv,automatic,2021,5,skoda_kushaq
ahmedabad,hyundai,fluidic verna 4s,1.6 crdi sx,99419,2016,491934,diesel,2,silver,sedan,manual,2016,10,hyundai_fluidic verna 4s
ahmedabad,volkswagen,ameo,comfortline 1.5l at (d),89172,2017,433586,diesel,2,brown,sedan,automatic,2017,9,volkswagen_ameo
ahmedabad,toyota,innova crysta,2.4 g 8 str,94776,2016,1258727,diesel,1,maroon,muv,manual,2016,10,toyota_innova crysta
ahmedabad,honda,amaze,1.2 vx at i-vtec,44109,2016,483000,petrol,1,white,sedan,automatic,2016,10,honda_amaze
ahmedabad,hyundai,new santro 1.1,sportz cng,46429,2020,488999,petrol+cng,1,white,hatchback,manual,2020,6,hyundai_new santro 1.1
ahmedabad,volkswagen,virtus,highline 1.0 tsi at,11444,2024,1277000,petrol,1,blue,sedan,automatic,2024,2,volkswagen_virtus
ahmedabad,hyundai,new santro 1.1,sportz executive cng,26160,2022,539000,petrol+cng,1,white,hatchback,manual,2022,4,hyundai_new santro 1.1
ahmedabad,honda,city,zx petrol cvt,16143,2023,1278000,petrol,1,silver,sedan,automatic,2023,3,honda_city
ahmedabad,maruti suzuki,swift,zxi plus amt,6261,2024,864000,petrol,1,silver,hatchback,automatic,2024,2,maruti suzuki_swift
ahmedabad,mahindra,thar,lx 4 str convertible diesel at 4wd,34717,2021,1191098,diesel,1,blue,suv,automatic,2021,5,mahindra_thar
ahmedabad,maruti suzuki,ciaz,alpha at petrol,56372,2020,739000,petrol,1,silver,sedan,automatic,2020,6,maruti suzuki_ciaz
ahmedabad,maruti suzuki,baleno,zeta,15557,2022,708000,petrol,1,white,hatchback,manual,2022,4,maruti suzuki_baleno
ahmedabad,maruti suzuki,baleno,zeta 1.2,46794,2018,531000,petrol,1,blue,hatchback,manual,2019,8,maruti suzuki_baleno
ahmedabad,honda,civic,vx cvt petrol,44001,2019,1193000,petrol,1,white,sedan,automatic,2019,7,honda_civic
ahmedabad,honda,brio,vx mt,43650,2015,343046,petrol,2,white,hatchback,manual,2015,11,honda_brio
ahmedabad,hyundai,grand i10,sportz 1.2 kappa vtvt,65475,2017,425538,petrol,1,white,hatchback,manual,2017,9,hyundai_grand i10
ahmedabad,maruti suzuki,swift dzire,vxi,69685,2013,341034,petrol,1,white,sedan,manual,2013,13,maruti suzuki_swift dzire
ahmedabad,maruti suzuki,baleno,alpha mt,35229,2022,684080,petrol,2,silver,hatchback,manual,2022,4,maruti suzuki_baleno
ahmedabad,maruti suzuki,baleno,zeta mt,28187,2023,709230,petrol,1,blue,hatchback,manual,2023,3,maruti suzuki_baleno
ahmedabad,hyundai,i10,sportz 1.2 kappa2,71891,2012,219308,petrol,3,white,hatchback,manual,2012,14,hyundai_i10
ahmedabad,honda,amaze,1.5 s i-dtec opt,102923,2017,441634,diesel,1,white,sedan,manual,2017,9,honda_amaze
ahmedabad,maruti suzuki,dzire,zxi,60988,2019,564000,petrol,1,silver,sedan,manual,2019,7,maruti suzuki_dzire
ahmedabad,maruti suzuki,wagon r 1.0,lxi cng,74787,2015,333992,petrol+cng,1,white,hatchback,manual,2015,11,maruti suzuki_wagon r 1.0
ahmedabad,maruti suzuki,ciaz,vdi+ shvs,58880,2015,450688,diesel,1,brown,sedan,manual,2015,11,maruti suzuki_ciaz
ahmedabad,mahindra,xuv700,ax 3 diesel at 5 str,49012,2022,1535098,diesel,1,silver,suv,automatic,2022,4,mahindra_xuv700
ahmedabad,toyota,glanza,g e-cng,32072,2023,770000,petrol+cng,1,grey,hatchback,manual,2023,3,toyota_glanza
ahmedabad,tata,altroz,xza plus petrol dark edtion,29911,2022,743000,petrol,1,black,hatchback,automatic,2022,4,tata_altroz
ahmedabad,maruti suzuki,ciaz,vxi+,64519,2016,462000,petrol,1,white,sedan,manual,2016,10,maruti suzuki_ciaz
ahmedabad,tata,tigor,revotron xz+ cng,25813,2023,715000,petrol+cng,1,grey,sedan,manual,2023,3,tata_tigor
ahmedabad,maruti suzuki,wagon r 1.0,vxi cng,10331,2024,646000,petrol+cng,1,white,hatchback,manual,2024,2,maruti suzuki_wagon r 1.0
ahmedabad,maruti suzuki,ignis,delta 1.2 mt,31787,2022,451694,petrol,2,white,hatchback,manual,2022,4,maruti suzuki_ignis
ahmedabad,maruti suzuki,celerio,vxi amt,40532,2016,329968,petrol,2,white,hatchback,automatic,2016,10,maruti suzuki_celerio
ahmedabad,hyundai,i10,magna 1.1 irde2,93658,2015,292746,petrol,1,white,hatchback,manual,2015,11,hyundai_i10
ahmedabad,honda,city,v petrol mt,8722,2023,1069751,petrol,1,white,sedan,manual,2023,3,honda_city
ahmedabad,tata,tiago nrg,petrol,73036,2018,367190,petrol,1,white,hatchback,manual,2019,8,tata_tiago nrg
ahmedabad,honda,city,1.5 s at,74451,2013,344052,petrol,1,white,sedan,automatic,2013,13,honda_city
ahmedabad,maruti suzuki,xl6,zeta mt petrol,24620,2022,977832,petrol,1,blue,muv,manual,2023,4,maruti suzuki_xl6
ahmedabad,hyundai,xcent,sx  petrol+cng (outside fitted),52319,2019,542234,cng,1,silver,sedan,manual,2019,7,hyundai_xcent
ahmedabad,maruti suzuki,celerio,zxi,53485,2019,398376,petrol,1,white,hatchback,manual,2019,7,maruti suzuki_celerio
ahmedabad,ford,ecosport,sports petrol,18428,2021,806000,petrol,1,silver,suv,manual,2021,5,ford_ecosport
ahmedabad,maruti suzuki,alto k10,vxi amt,55205,2016,272626,petrol,2,white,hatchback,automatic,2016,10,maruti suzuki_alto k10
ahmedabad,honda,city,v diesel,58257,2019,736392,diesel,1,brown,sedan,manual,2019,7,honda_city
ahmedabad,maruti suzuki,ciaz,alpha petrol+cng(outside fitted),118731,2017,542234,cng,1,white,sedan,manual,2017,9,maruti suzuki_ciaz
ahmedabad,renault,kwid,rxt,39197,2016,255524,petrol,1,red,hatchback,manual,2017,10,renault_kwid
ahmedabad,volkswagen,polo,comfortline 1.0l (p),52141,2020,473826,petrol,2,red,hatchback,manual,2020,6,volkswagen_polo
ahmedabad,renault,kwid,rxt (o) 1.0 sce edition,60134,2018,290734,petrol,1,grey,hatchback,manual,2018,8,renault_kwid
ahmedabad,mahindra,xuv500,w7,46828,2020,915000,diesel,2,white,suv,manual,2020,6,mahindra_xuv500
ahmedabad,maruti suzuki,baleno,zeta 1.3,51803,2019,612654,diesel,1,grey,hatchback,manual,2019,7,maruti suzuki_baleno
ahmedabad,maruti suzuki,wagon r,vxi 1.0,13842,2019,448676,petrol,1,white,hatchback,manual,2019,7,maruti suzuki_wagon r
ahmedabad,hyundai,grand i10 nios,sportz amt 1.2 kappa vtvt,21106,2022,661948,petrol,1,white,hatchback,automatic,2022,4,hyundai_grand i10 nios
ahmedabad,maruti suzuki,wagon r,vxi,65933,2017,342040,petrol,1,white,hatchback,manual,2017,9,maruti suzuki_wagon r
ahmedabad,maruti suzuki,wagon r,vxi,25698,2018,399382,petrol,1,white,hatchback,manual,2018,8,maruti suzuki_wagon r
ahmedabad,tata,tiago,xm cng,4302,2023,615672,cng,1,grey,hatchback,manual,2023,3,tata_tiago
ahmedabad,kia,carens,prestige plus 1.5 diesel mt 7 str,48969,2023,1300383,diesel,1,blue,muv,manual,2023,3,kia_carens
ahmedabad,maruti suzuki,wagon r,lxi 1.0 cng,24306,2023,561348,cng,1,white,hatchback,manual,2023,3,maruti suzuki_wagon r
ahmedabad,maruti suzuki,celerio,zxi amt,61020,2015,350088,petrol,1,grey,hatchback,automatic,2015,11,maruti suzuki_celerio
ahmedabad,maruti suzuki,wagon r,vxi,73233,2014,266590,petrol,2,white,hatchback,manual,2014,12,maruti suzuki_wagon r
ahmedabad,maruti suzuki,vitara brezza,zdi,58762,2016,666978,diesel,1,blue,suv,manual,2016,10,maruti suzuki_vitara brezza
ahmedabad,maruti suzuki,swift,lxi,32756,2019,472820,petrol,1,white,hatchback,manual,2020,7,maruti suzuki_swift
ahmedabad,hyundai,elite i20,sportz 1.2,73970,2016,499982,petrol,1,grey,hatchback,manual,2017,10,hyundai_elite i20
ahmedabad,maruti suzuki,swift,zxi,76621,2013,386304,petrol,1,red,hatchback,manual,2013,13,maruti suzuki_swift
ahmedabad,maruti suzuki,baleno,alpha,73664,2019,566378,petrol,1,grey,hatchback,manual,2019,7,maruti suzuki_baleno
ahmedabad,tata,tiago,xza plus,2123,2023,684080,petrol,1,black,hatchback,automatic,2023,3,tata_tiago
ahmedabad,honda,mobilio,s petrol,36477,2014,401394,petrol,1,white,muv,manual,2014,12,honda_mobilio
ahmedabad,tata,tiago,xt,12366,2023,552294,petrol,1,white,hatchback,manual,2023,3,tata_tiago
ahmedabad,maruti suzuki,alto 800,lxi,78281,2015,228362,petrol,1,white,hatchback,manual,2015,11,maruti suzuki_alto 800
ahmedabad,maruti suzuki,dzire,zxi ags,24825,2020,632774,petrol,1,grey,sedan,automatic,2021,6,maruti suzuki_dzire
ahmedabad,honda,amaze,1.2 s i-vtec opt,101031,2018,386304,petrol,2,white,sedan,manual,2018,8,honda_amaze
ahmedabad,maruti suzuki,vitara brezza,vxi,84794,2021,627744,petrol,1,white,suv,manual,2021,5,maruti suzuki_vitara brezza
ahmedabad,hyundai,xcent,sx,22114,2018,548270,petrol,1,white,sedan,manual,2018,8,hyundai_xcent
ahmedabad,honda,amaze,1.2 s i-vtec,56385,2016,382280,petrol,2,silver,sedan,manual,2016,10,honda_amaze
ahmedabad,maruti suzuki,swift,vxi amt,37083,2018,546258,petrol,1,red,hatchback,automatic,2018,8,maruti suzuki_swift
ahmedabad,hyundai,new i20,sportz 1.5 mt diesel,99515,2021,664966,diesel,1,blue,hatchback,manual,2021,5,hyundai_new i20
ahmedabad,honda,amaze,1.2 s cvt petrol,83840,2019,520102,petrol,1,white,sedan,automatic,2019,7,honda_amaze
ahmedabad,maruti suzuki,celerio x,zxi,14627,2018,439000,petrol,1,white,hatchback,manual,2019,8,maruti suzuki_celerio x
ahmedabad,maruti suzuki,vitara brezza,vxi,44556,2021,720296,petrol,1,silver,suv,manual,2021,5,maruti suzuki_vitara brezza
ahmedabad,maruti suzuki,alto 800,vxi,16491,2021,359142,petrol,1,grey,hatchback,manual,2022,5,maruti suzuki_alto 800
ahmedabad,maruti suzuki,wagon r,vxi,36260,2014,300794,petrol,1,white,hatchback,manual,2014,12,maruti suzuki_wagon r
ahmedabad,mahindra,thar,lx hard top petrol at 4wd,30284,2021,1214023,petrol,1,brown,suv,automatic,2021,5,mahindra_thar
ahmedabad,tata,altroz,xt petrol,30622,2021,601588,petrol,1,grey,hatchback,manual,2021,5,tata_altroz
ahmedabad,honda,wr-v,vx mt petrol,13875,2022,822000,petrol,1,white,suv,manual,2022,4,honda_wr-v
ahmedabad,maruti suzuki,vitara brezza,lxi,94446,2022,561348,petrol,1,white,suv,manual,2022,4,maruti suzuki_vitara brezza
ahmedabad,maruti suzuki,s-cross,zeta,25198,2022,832000,petrol,1,silver,suv,manual,2022,4,maruti suzuki_s-cross
ahmedabad,maruti suzuki,swift,vxi,54001,2013,324000,petrol,2,red,hatchback,manual,2014,13,maruti suzuki_swift
ahmedabad,maruti suzuki,swift,zxi plus,81461,2021,586000,petrol,1,grey,hatchback,manual,2022,5,maruti suzuki_swift
ahmedabad,maruti suzuki,ertiga,vxi,39947,2015,560342,petrol,1,white,muv,manual,2015,11,maruti suzuki_ertiga
ahmedabad,tata,altroz,xza petrol dct,10772,2024,865160,petrol,1,grey,hatchback,automatic,2024,2,tata_altroz
ahmedabad,volkswagen,ameo,highline plus 1.5l at (d),122196,2017,472000,diesel,1,blue,sedan,automatic,2017,9,volkswagen_ameo
ahmedabad,maruti suzuki,wagon r 1.0,vxi,72821,2012,244000,petrol,1,white,hatchback,manual,2012,14,maruti suzuki_wagon r 1.0
ahmedabad,maruti suzuki,grand vitara,zeta smart hybrid,55179,2022,1064671,petrol,1,white,suv,manual,2022,4,maruti suzuki_grand vitara
ahmedabad,maruti suzuki,xl6,zeta at petrol,17781,2024,1242471,petrol,1,white,muv,automatic,2024,2,maruti suzuki_xl6
ahmedabad,maruti suzuki,baleno,zeta 1.2,39917,2018,552000,petrol,1,blue,hatchback,manual,2018,8,maruti suzuki_baleno
ahmedabad,kia,seltos,gtx plus dct,104235,2019,1002982,petrol,1,silver,suv,automatic,2019,7,kia_seltos
ahmedabad,hyundai,creta,sx petrol,30492,2021,1162207,petrol,1,black,suv,manual,2021,5,hyundai_creta
ahmedabad,maruti suzuki,swift,lxi,20321,2021,544246,petrol,1,white,hatchback,manual,2021,5,maruti suzuki_swift
ahmedabad,hyundai,verna,fluidic 1.6 crdi sx,115004,2013,440000,diesel,1,black,sedan,manual,2013,13,hyundai_verna
ahmedabad,renault,kwid,rxt opt,70686,2016,249488,petrol,1,silver,hatchback,manual,2017,10,renault_kwid
ahmedabad,maruti suzuki,baleno,zeta,81691,2021,542000,petrol,2,white,hatchback,manual,2021,5,maruti suzuki_baleno
ahmedabad,maruti suzuki,ciaz,alpha 1.5,67167,2021,749470,petrol,1,grey,sedan,manual,2021,5,maruti suzuki_ciaz
ahmedabad,maruti suzuki,dzire,zxi,20199,2018,594546,petrol,1,grey,sedan,manual,2018,8,maruti suzuki_dzire
ahmedabad,maruti suzuki,celerio,vxi,17564,2022,483886,petrol,1,grey,hatchback,manual,2022,4,maruti suzuki_celerio
ahmedabad,maruti suzuki,baleno,zeta 1.3,70103,2017,538210,diesel,1,grey,hatchback,manual,2017,9,maruti suzuki_baleno
ahmedabad,hyundai,venue,sx 1.2 mt knight edition,14711,2023,984874,petrol,1,black,suv,manual,2023,3,hyundai_venue
ahmedabad,hyundai,eon,era + se,37623,2017,242000,petrol,2,white,hatchback,manual,2017,9,hyundai_eon
ahmedabad,maruti suzuki,swift,zxi,37122,2020,607624,petrol,1,blue,hatchback,manual,2020,6,maruti suzuki_swift
ahmedabad,maruti suzuki,vitara brezza,zxi plus at shvs,23561,2020,900370,petrol,1,grey,suv,automatic,2020,6,maruti suzuki_vitara brezza
ahmedabad,maruti suzuki,swift,vxi,34931,2023,629756,petrol,1,white,hatchback,manual,2023,3,maruti suzuki_swift
ahmedabad,hyundai,creta,sx petrol,29749,2022,1245519,petrol,1,white,suv,manual,2022,4,hyundai_creta
ahmedabad,hyundai,venue,s 1.2 petrol,22647,2021,672008,petrol,1,red,suv,manual,2021,5,hyundai_venue
ahmedabad,hyundai,grand i10 nios,sportz 1.2 kappa vtvt,22743,2022,616678,petrol,1,white,hatchback,manual,2022,4,hyundai_grand i10 nios
ahmedabad,hyundai,grand i10 nios,sportz 1.2 kappa vtvt,7221,2023,671002,petrol,1,green,hatchback,manual,2023,3,hyundai_grand i10 nios
ahmedabad,hyundai,grand i10 nios,sportz 1.2 kappa vtvt,6433,2022,615672,petrol,1,white,hatchback,manual,2022,4,hyundai_grand i10 nios
ahmedabad,honda,amaze,1.2 s mt petrol,46822,2019,514066,petrol,1,brown,sedan,manual,2019,7,honda_amaze
ahmedabad,hyundai,new i20,asta 1.0 turbo dct,76757,2020,693000,petrol,1,grey,hatchback,automatic,2021,6,hyundai_new i20
ahmedabad,hyundai,grand i10 nios,sportz amt 1.2 kappa vtvt,18006,2022,679000,petrol,1,blue,hatchback,automatic,2022,4,hyundai_grand i10 nios
ahmedabad,maruti suzuki,alto 800,lxi (o),9216,2022,375238,petrol,1,grey,hatchback,manual,2022,4,maruti suzuki_alto 800
ahmedabad,renault,kwid,rxt opt,50490,2019,309000,petrol,1,grey,hatchback,manual,2019,7,renault_kwid
ahmedabad,maruti suzuki,baleno,zeta,27592,2019,585492,petrol,1,silver,hatchback,manual,2019,7,maruti suzuki_baleno
ahmedabad,hyundai,elite i20,sportz 1.2 (o),53360,2014,447670,petrol,1,silver,hatchback,manual,2014,12,hyundai_elite i20
ahmedabad,renault,kwid,rxt 1.0 sce special,29710,2018,306000,petrol,1,red,hatchback,manual,2018,8,renault_kwid
ahmedabad,honda,city,zx petrol,63173,2020,899364,petrol,1,brown,sedan,manual,2020,6,honda_city
ahmedabad,mahindra,scorpio n,z8 l 4wd diesel at 7 str,41566,2023,2011583,diesel,1,black,suv,automatic,2024,3,mahindra_scorpio n
ahmedabad,hyundai,venue,sx (o) 1.0 turbo dct,24810,2023,1068001,petrol,1,black,suv,automatic,2023,3,hyundai_venue
ahmedabad,maruti suzuki,baleno,alpha ags,26830,2022,730000,petrol,2,white,hatchback,automatic,2022,4,maruti suzuki_baleno
ahmedabad,kia,sonet,gtx plus 1.0 imt,68457,2021,863000,petrol,1,grey,suv,manual,2021,5,kia_sonet
ahmedabad,honda,elevate,vx 1.5 petrol mt,35007,2023,1133001,petrol,1,white,suv,manual,2023,3,honda_elevate
ahmedabad,renault,kwid,1.0 rxt amt,78655,2017,287716,petrol,1,bronze,hatchback,automatic,2017,9,renault_kwid
ahmedabad,tata,punch,adventure rhythm icng,24180,2024,763554,petrol+cng,1,white,suv,manual,2024,2,tata_punch
ahmedabad,kia,seltos,gtx plus at d,79207,2022,1421000,diesel,1,black,suv,automatic,2022,4,kia_seltos
ahmedabad,honda,amaze,1.2 vx cvt i-vtec,29260,2022,739000,petrol,1,silver,sedan,automatic,2022,4,honda_amaze
ahmedabad,kia,sonet,gtx plus 1.5 at,101043,2022,988000,diesel,1,white,suv,automatic,2022,4,kia_sonet
ahmedabad,maruti suzuki,swift,vxi,44767,2016,435598,petrol,1,silver,hatchback,manual,2016,10,maruti suzuki_swift
ahmedabad,honda,amaze,1.2 vx cvt i-vtec,34866,2021,696000,petrol,1,grey,sedan,automatic,2021,5,honda_amaze
ahmedabad,mg motors,hector plus,sharp 2.0 diesel turbo mt 6-str,89360,2022,1350999,diesel,1,black,suv,manual,2022,4,mg motors_hector plus
ahmedabad,hyundai,venue,sx 1.0  turbo,75941,2021,744000,petrol,1,blue,suv,manual,2021,5,hyundai_venue
ahmedabad,skoda,slavia,active 1.0l tsi mt,19113,2024,965760,petrol,1,grey,sedan,manual,2024,2,skoda_slavia
ahmedabad,tata,punch,creative dual tone,22390,2021,651000,petrol,1,blue,suv,manual,2022,5,tata_punch
ahmedabad,hyundai,verna,sx (o) 1.5 vtvt ivt,65456,2023,1192687,petrol,1,white,sedan,automatic,2024,3,hyundai_verna
ahmedabad,maruti suzuki,swift,lxi (o),49248,2017,420508,petrol,1,silver,hatchback,manual,2017,9,maruti suzuki_swift
ahmedabad,maruti suzuki,swift,zxi amt,27985,2019,633000,petrol,1,grey,hatchback,automatic,2019,7,maruti suzuki_swift
ahmedabad,maruti suzuki,new ertiga,1.5 zdi +,95665,2019,923508,diesel,1,silver,muv,manual,2019,7,maruti suzuki_new ertiga
chennai,renault,kiger,rxt mt,40195,2021,543000,petrol,1,blue,suv,manual,2021,5,renault_kiger
chennai,mercedes-benz,cla,200 sport,50639,2018,2120858,petrol,2,blue,sedan,automatic,2018,8,mercedes-benz_cla
chennai,hyundai,grand i10 nios,sportz u2 1.2 crdi,84422,2022,635000,diesel,1,blue,hatchback,manual,2022,4,hyundai_grand i10 nios
chennai,kia,sonet,gtx plus 1.5 dual tone,48204,2021,1069493,diesel,1,white,suv,manual,2021,5,kia_sonet
chennai,nissan,magnite,xv premium turbo cvt dual tone,34807,2021,851000,petrol,1,red,suv,automatic,2021,5,nissan_magnite
chennai,kia,sonet,htk 1.5 diesel mt,9525,2024,1082578,diesel,1,red,suv,manual,2024,2,kia_sonet
chennai,hyundai,xcent,sx at 1.2 (o),50420,2015,434000,petrol,2,black,sedan,automatic,2015,11,hyundai_xcent
chennai,hyundai,verna,sx 1.5 crdi,110545,2021,878000,diesel,1,red,sedan,manual,2021,5,hyundai_verna
chennai,hyundai,grand i10 nios,sportz u2 1.2 crdi,98211,2022,626000,diesel,1,blue,hatchback,manual,2022,4,hyundai_grand i10 nios
chennai,tata,zest,xms petrol,27439,2016,420000,petrol,1,grey,sedan,manual,2016,10,tata_zest
chennai,jeep,compass,limited plus petrol at,35733,2019,1363358,petrol,1,silver,suv,automatic,2019,7,jeep_compass
chennai,nissan,sunny,xl diesel special edition,44308,2018,587000,diesel,1,white,sedan,manual,2019,8,nissan_sunny
chennai,jeep,compass,model s (o) diesel 4x4 at,59854,2022,2221858,diesel,1,white,suv,automatic,2022,4,jeep_compass
chennai,hyundai,exter,s 1.2 amt,28014,2024,761000,petrol,1,white,suv,automatic,2024,2,hyundai_exter
chennai,hyundai,alcazar,signature 6 str 1.5 diesel,104077,2021,1455313,diesel,1,silver,suv,manual,2021,5,hyundai_alcazar
chennai,maruti suzuki,baleno,alpha 1.2 at,50922,2018,662000,petrol,1,grey,hatchback,automatic,2018,8,maruti suzuki_baleno
chennai,jeep,compass,model s (o) 2.0 diesel,12806,2024,2373358,diesel,1,red,suv,manual,2024,2,jeep_compass
chennai,hyundai,creta,sx (o) diesel,49260,2022,1495668,diesel,1,white,suv,manual,2022,4,hyundai_creta
chennai,hyundai,grand i10 nios,sportz 1.2 kappa vtvt,32758,2020,559000,petrol,1,blue,hatchback,manual,2020,6,hyundai_grand i10 nios
chennai,honda,jazz,v diesel,82940,2016,506000,diesel,1,orange,hatchback,manual,2016,10,honda_jazz
chennai,jeep,compass,sport plus 2.0 diesel,23314,2021,1716858,diesel,1,red,suv,manual,2021,5,jeep_compass
chennai,hyundai,grand i10 nios,sportz 1.2 kappa vtvt,31765,2021,598000,petrol,1,blue,hatchback,manual,2021,5,hyundai_grand i10 nios
chennai,hyundai,creta,sx+ se,45012,2017,780000,petrol,1,white,suv,manual,2017,9,hyundai_creta
chennai,honda,city,v petrol,34805,2022,1049248,petrol,1,silver,sedan,manual,2022,4,honda_city
chennai,honda,amaze,vx cvt 1.2 petrol,10708,2022,839000,petrol,1,grey,sedan,automatic,2022,4,honda_amaze
chennai,kia,seltos,htx plus at d,85989,2020,1068483,diesel,2,orange,suv,automatic,2020,6,kia_seltos
chennai,tata,altroz,xz 1.5,51585,2022,789000,diesel,1,blue,hatchback,manual,2022,4,tata_altroz
chennai,hyundai,i10,sportz 1.2 at kappa2,69355,2012,328000,petrol,1,grey,hatchback,automatic,2012,14,hyundai_i10
chennai,volkswagen,vento,highline 1.2 (p) at,71318,2016,554000,petrol,2,grey,sedan,automatic,2016,10,volkswagen_vento
chennai,hyundai,venue,s plus 1.5 crdi,46307,2023,967000,diesel,1,white,suv,manual,2023,3,hyundai_venue
chennai,mercedes-benz,glc,220d progressive,60037,2017,2726858,diesel,2,white,wagon,automatic,2017,9,mercedes-benz_glc
chennai,kia,seltos,htx plus at diesel dt,120303,2020,1136000,diesel,1,silver,suv,automatic,2020,6,kia_seltos
chennai,bmw,5 series,520d luxury line,66937,2018,2726858,diesel,2,white,sedan,automatic,2018,8,bmw_5 series
chennai,kia,sonet,htx 1.5,60053,2021,928000,diesel,1,black,suv,manual,2021,5,kia_sonet
chennai,honda,city,hybrid ehev zx,25935,2024,1887593,hybrid,1,blue,sedan,automatic,2024,2,honda_city
chennai,renault,kwid,1.0 rxt amt opt,28464,2017,339000,petrol,2,red,hatchback,automatic,2018,9,renault_kwid
chennai,maruti suzuki,baleno,alpha 1.2,62417,2017,521000,petrol,2,grey,hatchback,manual,2017,9,maruti suzuki_baleno
chennai,hyundai,grand i10 nios,sportz amt 1.2 crdi,75362,2021,703000,diesel,1,white,hatchback,automatic,2021,5,hyundai_grand i10 nios
chennai,ford,ecosport,titanium 1.5l ti-vct,52695,2016,555000,petrol,1,bronze,suv,manual,2016,10,ford_ecosport
chennai,volkswagen,taigun,topline 1.0 tsi mt,14458,2023,1420973,petrol,1,grey,suv,manual,2024,3,volkswagen_taigun
chennai,maruti suzuki,ciaz,alpha 1.4 at,118605,2017,614000,petrol,1,brown,sedan,automatic,2017,9,maruti suzuki_ciaz
chennai,hyundai,creta,sx opt turbo dct petrol,69416,2021,1344168,petrol,2,green,suv,automatic,2021,5,hyundai_creta
chennai,hyundai,grand i10 nios,sportz u2 1.2 crdi,101512,2022,597000,diesel,1,blue,hatchback,manual,2022,4,hyundai_grand i10 nios
chennai,kia,seltos,htx ivt g,78608,2019,997000,petrol,1,white,suv,automatic,2019,7,kia_seltos
chennai,mahindra,xuv 3xo,ax5l 1.2 petrol at,12370,2024,1411838,petrol,1,grey,suv,automatic,2024,2,mahindra_xuv 3xo
chennai,mahindra,xuv700,ax 7 petrol at luxury pack 7 str,26684,2021,2162215,petrol,1,silver,suv,automatic,2021,5,mahindra_xuv700
chennai,hyundai,creta,sx (o) 1.5 diesel automatic knight,37950,2023,1822953,diesel,1,black,suv,automatic,2024,3,hyundai_creta
chennai,hyundai,venue,sx (o) 1.0 turbo,37889,2021,903000,petrol,1,blue,suv,manual,2021,5,hyundai_venue
chennai,renault,triber,rxz easy-r amt,53809,2021,600000,petrol,2,orange,muv,automatic,2021,5,renault_triber
chennai,volkswagen,vento,1.2l highline petrol at,71651,2016,508000,petrol,3,brown,sedan,automatic,2016,10,volkswagen_vento
chennai,kia,sonet,gtx plus 1.0 imt,34012,2022,995000,petrol,2,white,suv,manual,2022,4,kia_sonet
chennai,hyundai,venue,sx 1.2 petrol,21533,2023,1053333,petrol,1,blue,suv,manual,2023,3,hyundai_venue
chennai,mg motors,hector,1.5 sharp cvt dual tone,36121,2021,1364368,petrol,2,red,suv,automatic,2021,5,mg motors_hector
chennai,honda,amaze,vx mt 1.2 petrol,33062,2023,814000,petrol,1,white,sedan,manual,2023,3,honda_amaze
chennai,maruti suzuki,brezza,zxi at dual tone,30746,2022,1044198,petrol,2,red,suv,automatic,2022,4,maruti suzuki_brezza
chennai,hyundai,verna,ex 1.6 vtvt at,104634,2018,633000,petrol,2,silver,sedan,automatic,2018,8,hyundai_verna
chennai,maruti suzuki,alto 800,vxi plus,32811,2021,381000,petrol,1,silver,hatchback,manual,2021,5,maruti suzuki_alto 800
chennai,hyundai,creta,1.6 sx plus auto petrol,121059,2016,731000,petrol,1,white,suv,automatic,2016,10,hyundai_creta
chennai,maruti suzuki,ciaz,alpha hybrid 1.5 at,70498,2020,835000,petrol,1,black,sedan,automatic,2020,6,maruti suzuki_ciaz
chennai,maruti suzuki,ciaz,zxi+,117543,2016,520000,petrol,1,brown,sedan,manual,2016,10,maruti suzuki_ciaz
chennai,maruti suzuki,baleno,zeta 1.2 at,48769,2017,551000,petrol,2,blue,hatchback,automatic,2017,9,maruti suzuki_baleno
chennai,hyundai,grand i10,magna at 1.2 kappa vtvt,54357,2019,544000,petrol,1,white,hatchback,automatic,2019,7,hyundai_grand i10
chennai,mahindra,scorpio n,z8 l petrol at 7 str,71284,2022,1849213,petrol,1,silver,suv,automatic,2023,4,mahindra_scorpio n
chennai,mahindra,thar,lx convertible diesel at 4wd,40835,2021,1362295,diesel,1,black,suv,automatic,2021,5,mahindra_thar
chennai,hyundai,creta,1.6 sx,81952,2019,1045253,diesel,1,white,suv,manual,2019,7,hyundai_creta
chennai,volkswagen,virtus,topline 1.0 tsi mt,53159,2022,1191674,petrol,1,grey,sedan,manual,2022,4,volkswagen_virtus
chennai,hyundai,creta,sx diesel,112085,2020,1082578,diesel,1,blue,suv,manual,2020,6,hyundai_creta
chennai,kia,seltos,gtx plus dct,62455,2020,1297753,petrol,1,silver,suv,automatic,2020,6,kia_seltos
chennai,maruti suzuki,a-star,vxi at,67284,2013,314000,petrol,1,brown,hatchback,automatic,2013,13,maruti suzuki_a-star
chennai,hyundai,grand i10,sportz (o) at 1.2 kappa vtvt,100557,2017,484000,petrol,1,silver,hatchback,automatic,2017,9,hyundai_grand i10
chennai,tata,nexon,xza plus dual tone roof optional diesel amt,28774,2021,1044198,diesel,1,white,suv,automatic,2021,5,tata_nexon
chennai,kia,seltos,gtx plus at d,88362,2022,1492683,diesel,1,red,suv,automatic,2022,4,kia_seltos
chennai,hyundai,xcent,sx 1.1 crdi,102535,2015,449000,diesel,1,silver,sedan,manual,2016,11,hyundai_xcent
chennai,skoda,kushaq,style 1.0l tsi mt,21547,2021,1165971,petrol,1,orange,suv,manual,2021,5,skoda_kushaq
chennai,hyundai,xcent,s crdi,125002,2018,498000,diesel,1,silver,sedan,manual,2018,8,hyundai_xcent
chennai,mahindra,scorpio n,z8 l diesel 7 str,66129,2024,2043133,diesel,1,silver,suv,manual,2024,2,mahindra_scorpio n
chennai,honda,jazz,zx,28356,2022,819000,petrol,1,silver,hatchback,manual,2022,4,honda_jazz
chennai,kia,seltos,htx d,75944,2022,1251293,diesel,1,white,suv,manual,2022,4,kia_seltos
chennai,volkswagen,ameo,highline1.5l (d),101964,2017,459000,diesel,2,silver,sedan,manual,2017,9,volkswagen_ameo
chennai,tata,altroz,xz plus 1.5,30303,2023,895000,diesel,1,white,hatchback,manual,2023,3,tata_altroz
chennai,maruti suzuki,ciaz,alpha 1.5,107683,2021,766000,petrol,1,blue,sedan,manual,2021,5,maruti suzuki_ciaz
chennai,tata,altroz,xz 1.5,108102,2021,609000,diesel,1,grey,hatchback,manual,2021,5,tata_altroz
chennai,renault,duster,85 ps rxz 4x2 mt,76333,2016,589000,diesel,1,orange,suv,manual,2016,10,renault_duster
chennai,mahindra,kuv100,k8 6 str,113690,2016,374000,petrol,1,red,crossover,manual,2016,10,mahindra_kuv100
chennai,hyundai,grand i10 nios,sportz 1.0 turbo gdi,19610,2022,712000,petrol,1,blue,hatchback,manual,2022,4,hyundai_grand i10 nios
chennai,volkswagen,t-roc,1.5 tsi dsg,111713,2021,1593638,petrol,1,black,suv,automatic,2022,5,volkswagen_t-roc
chennai,mahindra,thar,lx hard top petrol mt 4wd,23225,2022,1303715,petrol,1,red,suv,manual,2022,4,mahindra_thar
chennai,renault,kwid,climber 1.0 opt,18221,2021,462000,petrol,1,blue,hatchback,manual,2021,5,renault_kwid
chennai,mahindra,xuv 300,w8 (o) amt petrol,6765,2022,1169483,petrol,1,white,suv,automatic,2022,4,mahindra_xuv 300
chennai,hyundai,creta,sx (o) at diesel,95857,2022,1500000,diesel,1,white,suv,automatic,2022,4,hyundai_creta
chennai,hyundai,elite i20,magna executive 1.4 crdi,93607,2017,496000,diesel,1,red,hatchback,manual,2017,9,hyundai_elite i20
chennai,hyundai,creta n-line,n10 1.5 turbo dct,6503,2024,2100703,petrol,1,white,suv,automatic,2024,2,hyundai_creta n-line
chennai,volkswagen,ameo,highline plus 1.5l at (d),98232,2017,530000,diesel,1,brown,sedan,automatic,2018,9,volkswagen_ameo
chennai,ford,ecosport,titanium 1.5l ti-vct,49340,2017,582000,petrol,1,grey,suv,manual,2017,9,ford_ecosport
chennai,hyundai,i20 active,1.2 sx,80493,2016,523000,petrol,1,silver,crossover,manual,2016,10,hyundai_i20 active
chennai,ford,ecosport,trend+ 1.5l tdci,59433,2017,574000,diesel,2,red,suv,manual,2017,9,ford_ecosport
chennai,kia,seltos,gtx plus dct,56128,2022,1495713,petrol,1,silver,suv,automatic,2022,4,kia_seltos
chennai,maruti suzuki,baleno,alpha 1.2,105650,2018,561000,petrol,1,red,hatchback,manual,2018,8,maruti suzuki_baleno
chennai,mahindra,xuv 300,w6 1.2 petrol,4405,2024,982000,petrol,1,blue,suv,manual,2024,2,mahindra_xuv 300
chennai,honda,city,vx cvt petrol,75495,2021,1081000,petrol,1,red,sedan,automatic,2021,5,honda_city
chennai,maruti suzuki,swift dzire,vdi,104457,2012,432000,diesel,1,beige,sedan,manual,2012,14,maruti suzuki_swift dzire
chennai,kia,sonet,htx plus 1.0 imt,34094,2022,1097744,petrol,1,white,suv,manual,2022,4,kia_sonet
chennai,hyundai,aura,sx plus 1.2 amt crdi,88951,2021,675000,diesel,1,silver,sedan,automatic,2021,5,hyundai_aura
chennai,hyundai,i20 active,1.2 sx,141244,2016,492000,petrol,1,brown,crossover,manual,2016,10,hyundai_i20 active
chennai,hyundai,verna,sx (o) 1.5 turbo petrol mt,22327,2023,1498743,petrol,1,black,sedan,manual,2023,3,hyundai_verna
chennai,skoda,slavia,ambition 1.0l tsi mt,97568,2022,999000,petrol,1,white,sedan,manual,2022,4,skoda_slavia
chennai,hyundai,new santro 1.1,sportz mt,113403,2020,420000,petrol,1,blue,hatchback,manual,2020,6,hyundai_new santro 1.1
chennai,maruti suzuki,fronx,alpha 1.0l turbo mt,11239,2024,1147000,petrol,1,blue,suv,manual,2024,2,maruti suzuki_fronx
chennai,renault,triber,rxz,28897,2021,647000,petrol,1,white,muv,manual,2021,5,renault_triber
chennai,maruti suzuki,ciaz,alpha at petrol,112909,2020,778000,petrol,1,blue,sedan,automatic,2020,6,maruti suzuki_ciaz
chennai,hyundai,fluidic verna 4s,1.6 vtvt sx opt,100619,2016,559000,petrol,1,red,sedan,manual,2016,10,hyundai_fluidic verna 4s
chennai,honda,amaze,1.2 vx at i-vtec,71631,2015,460000,petrol,2,brown,sedan,automatic,2015,11,honda_amaze
chennai,tata,tigor,xz plus,29080,2021,617000,petrol,1,grey,sedan,manual,2021,5,tata_tigor
chennai,honda,amaze,1.2 vx cvt i-vtec,24581,2022,830000,petrol,1,brown,sedan,automatic,2022,4,honda_amaze
chennai,volkswagen,ameo,comfortline 1.5l at (d),48255,2017,545000,diesel,1,grey,sedan,automatic,2017,9,volkswagen_ameo
chennai,volkswagen,ameo,trendline 1.5l (d),56326,2019,549000,diesel,1,white,sedan,manual,2020,7,volkswagen_ameo
chennai,renault,kwid,1.0 rxt opt,22261,2022,467000,petrol,1,red,hatchback,manual,2022,4,renault_kwid
chennai,kia,sonet,htx 1.0 imt,50774,2021,810000,petrol,2,blue,suv,manual,2021,5,kia_sonet
chennai,hyundai,aura,sx plus 1.2 amt crdi,114962,2020,602000,diesel,1,brown,sedan,automatic,2020,6,hyundai_aura
chennai,maruti suzuki,celerio,zxi (o) amt,97199,2017,409000,petrol,1,grey,hatchback,automatic,2017,9,maruti suzuki_celerio
chennai,honda,jazz,zx cvt,24960,2022,898000,petrol,1,brown,hatchback,automatic,2022,4,honda_jazz
chennai,maruti suzuki,baleno,zeta automatic,101986,2021,657000,petrol,1,white,hatchback,automatic,2022,5,maruti suzuki_baleno
chennai,ford,ecosport,titanium 1.5 ti-vct at,77128,2015,449000,petrol,3,black,suv,automatic,2016,11,ford_ecosport
chennai,maruti suzuki,alto 800,vxi plus,11780,2022,421000,petrol,1,grey,hatchback,manual,2022,4,maruti suzuki_alto 800
chennai,tata,tigor,revotron xza+ leatherette pack amt,21981,2023,760000,petrol,1,blue,sedan,automatic,2023,3,tata_tigor
chennai,mahindra,xuv700,ax 5 petrol mt 5 str,33875,2021,1481573,petrol,1,blue,suv,manual,2022,5,mahindra_xuv700
chennai,hyundai,creta,sx opt turbo dct petrol,98986,2021,1375478,petrol,1,black,suv,automatic,2021,5,hyundai_creta
chennai,maruti suzuki,swift,vxi,104911,2012,325000,petrol,1,silver,hatchback,manual,2012,14,maruti suzuki_swift
chennai,maruti suzuki,ignis,zeta 1.2 amt,77841,2019,511000,petrol,1,red,hatchback,automatic,2019,7,maruti suzuki_ignis
chennai,honda,amaze,1.2 v cvt petrol,35454,2018,579000,petrol,2,white,sedan,automatic,2018,8,honda_amaze
chennai,renault,kwid,rxt,122376,2017,248000,petrol,3,bronze,hatchback,manual,2017,9,renault_kwid
chennai,hyundai,elite i20,asta 1.2 (o) cvt,18070,2019,748000,petrol,1,silver,hatchback,automatic,2019,7,hyundai_elite i20
chennai,volkswagen,polo,comfortline 1.0l (p),106475,2018,485000,petrol,1,brown,hatchback,manual,2018,8,volkswagen_polo
chennai,hyundai,venue,s (o) 1.2 petrol,11474,2023,916000,petrol,1,red,suv,manual,2023,3,hyundai_venue
chennai,maruti suzuki,brezza,vxi at,75313,2023,956000,petrol,1,red,suv,automatic,2023,3,maruti suzuki_brezza
chennai,hyundai,xcent,sx crdi,85670,2018,512000,diesel,1,white,sedan,manual,2019,8,hyundai_xcent
chennai,maruti suzuki,grand vitara,alpha smart hybrid allgrip,23725,2023,1529043,petrol,1,red,suv,manual,2024,3,maruti suzuki_grand vitara
chennai,volkswagen,taigun,highline 1.0 tsi mt,38272,2022,1070474,petrol,1,white,suv,manual,2022,4,volkswagen_taigun
chennai,volkswagen,polo,comfortline 1.0l (p),119553,2018,489000,petrol,1,white,hatchback,manual,2018,8,volkswagen_polo
chennai,hyundai,i20 n line,n8 1.0 turbo dct,32651,2022,1061413,petrol,1,blue,hatchback,automatic,2022,4,hyundai_i20 n line
chennai,tata,nexon,xz plus diesel,107401,2019,647000,diesel,1,white,suv,manual,2019,7,tata_nexon
chennai,hyundai,xcent,s at,61564,2017,457000,petrol,1,grey,sedan,automatic,2018,9,hyundai_xcent
chennai,mahindra,thar,lx hard top petrol mt 4wd,34252,2022,1282505,petrol,1,red,suv,manual,2022,4,mahindra_thar
chennai,hyundai,new santro 1.1,sportz amt,38876,2021,549000,petrol,1,grey,hatchback,automatic,2021,5,hyundai_new santro 1.1
chennai,honda,amaze,1.2 vx i-vtec,126113,2014,385000,petrol,1,silver,sedan,manual,2014,12,honda_amaze
chennai,ford,ecosport,trend+ 1.5l tdci,116644,2016,460000,diesel,2,grey,suv,manual,2016,10,ford_ecosport
chennai,hyundai,exter,sx 1.2 amt,1394,2025,921000,petrol,1,white,suv,automatic,2025,1,hyundai_exter
chennai,maruti suzuki,swift dzire,zdi amt,121515,2016,538000,diesel,1,grey,sedan,automatic,2016,10,maruti suzuki_swift dzire
chennai,renault,kwid,1.0 rxt amt,37852,2018,380000,petrol,1,bronze,hatchback,automatic,2018,8,renault_kwid
chennai,hyundai,i10,sportz 1.1 irde2,145884,2016,314000,petrol,1,white,hatchback,manual,2016,10,hyundai_i10
chennai,maruti suzuki,baleno,alpha ags,13745,2023,899000,petrol,1,red,hatchback,automatic,2023,3,maruti suzuki_baleno
chennai,hyundai,i10,sportz 1.1 irde2,106541,2014,303000,petrol,1,grey,hatchback,manual,2014,12,hyundai_i10
chennai,nissan,magnite,xv premium turbo cvt,21738,2022,931000,petrol,1,black,suv,automatic,2022,4,nissan_magnite
chennai,hyundai,new santro 1.1,sportz amt,104056,2019,442000,petrol,1,grey,hatchback,automatic,2019,7,hyundai_new santro 1.1
chennai,volkswagen,polo,comfortline 1.2l (p),121991,2016,416000,petrol,1,white,hatchback,manual,2016,10,volkswagen_polo
chennai,hyundai,elite i20,sportz 1.4 crdi,93094,2017,551000,diesel,1,blue,hatchback,manual,2017,9,hyundai_elite i20
chennai,maruti suzuki,dzire,vxi ags,13591,2024,804000,petrol,1,grey,sedan,automatic,2024,2,maruti suzuki_dzire
chennai,honda,elevate,zx 1.5 petrol cvt,42472,2023,1430000,petrol,1,red,suv,automatic,2023,3,honda_elevate
chennai,tata,tiago,revotron xz plus,10511,2023,649000,petrol,1,blue,hatchback,manual,2023,3,tata_tiago
chennai,hyundai,aura,sx plus 1.2 amt crdi,91542,2021,659000,diesel,1,white,sedan,automatic,2021,5,hyundai_aura
chennai,kia,sonet,gtx plus 1.5,35868,2022,1055353,diesel,2,white,suv,manual,2022,4,kia_sonet
chennai,honda,amaze,vx 1.2 petrol mt,36633,2023,794000,petrol,1,silver,sedan,manual,2023,3,honda_amaze
chennai,maruti suzuki,ciaz,zeta 1.5 at,22967,2023,1026000,petrol,1,white,sedan,automatic,2023,3,maruti suzuki_ciaz
chennai,kia,seltos,htx ivt g,25619,2020,1152313,petrol,2,white,suv,automatic,2020,6,kia_seltos
chennai,maruti suzuki,s-presso,vxi plus amt,21165,2021,426000,petrol,2,grey,hatchback,automatic,2021,5,maruti suzuki_s-presso
chennai,ford,ecosport,trend 1.5l tdci,96167,2016,449000,diesel,3,grey,suv,manual,2016,10,ford_ecosport
chennai,maruti suzuki,swift,zxi plus amt,27205,2023,837000,petrol,1,silver,hatchback,automatic,2023,3,maruti suzuki_swift
chennai,honda,wr-v,vx mt petrol,33187,2022,748000,petrol,2,brown,suv,manual,2022,4,honda_wr-v
chennai,nissan,magnite,xv premium,22251,2023,768000,petrol,1,red,suv,manual,2023,3,nissan_magnite
chennai,renault,kwid,1.0 rxt amt,40418,2017,327000,petrol,2,bronze,hatchback,automatic,2017,9,renault_kwid
chennai,tata,harrier,xz plus,36764,2022,1589545,diesel,1,white,suv,manual,2023,4,tata_harrier
chennai,nissan,kicks,xl diesel,123638,2019,654000,diesel,1,white,suv,manual,2019,7,nissan_kicks
chennai,maruti suzuki,celerio,vxi amt,57851,2014,344000,petrol,1,grey,hatchback,automatic,2014,12,maruti suzuki_celerio
chennai,hyundai,venue,sx (o) 1.0 turbo imt,16609,2022,1097773,petrol,1,blue,suv,manual,2022,4,hyundai_venue
chennai,hyundai,new i20,asta (o) 1.0 turbo dct,6567,2023,1066000,petrol,1,blue,hatchback,automatic,2023,3,hyundai_new i20
chennai,honda,city,zx petrol,40270,2021,1137000,petrol,1,grey,sedan,manual,2021,5,honda_city
chennai,renault,kwid,1.0 rxt amt,79457,2017,343000,petrol,1,silver,hatchback,automatic,2017,9,renault_kwid
chennai,maruti suzuki,swift dzire,zdi,71284,2013,512000,diesel,1,silver,sedan,manual,2013,13,maruti suzuki_swift dzire
chennai,volkswagen,ameo,highline1.5l (d),149116,2016,425000,diesel,1,blue,sedan,manual,2017,10,volkswagen_ameo
chennai,volkswagen,ameo,1.0 comfortline petrol,74500,2018,464000,petrol,1,white,sedan,manual,2018,8,volkswagen_ameo
chennai,hyundai,new i20,asta 1.0 turbo imt,100019,2021,693000,petrol,1,blue,hatchback,manual,2021,5,hyundai_new i20
chennai,maruti suzuki,swift,vdi,61931,2014,468000,diesel,1,grey,hatchback,manual,2014,12,maruti suzuki_swift
chennai,renault,kwid,rxt 1.0,6801,2023,506000,petrol,1,red,hatchback,manual,2024,3,renault_kwid
chennai,volkswagen,vento,1.5l highline diesel,111994,2017,578000,diesel,1,grey,sedan,manual,2018,9,volkswagen_vento
chennai,kia,sonet,gtx plus 1.0 dct,48096,2021,987000,petrol,2,red,suv,automatic,2021,5,kia_sonet
chennai,ford,ecosport,titanium 1.5l ti-vct at,28932,2016,605000,petrol,1,silver,suv,automatic,2016,10,ford_ecosport
chennai,hyundai,elite i20,magna executive 1.2,17806,2018,466000,petrol,3,blue,hatchback,manual,2018,8,hyundai_elite i20
chennai,hyundai,tucson,gls 4wd at diesel,66765,2021,1690000,diesel,2,white,suv,automatic,2021,5,hyundai_tucson
chennai,hyundai,elite i20,asta 1.2,131900,2015,463000,petrol,1,white,hatchback,manual,2015,11,hyundai_elite i20
chennai,hyundai,elite i20,asta 1.2 (o),99100,2019,613000,petrol,1,blue,hatchback,manual,2019,7,hyundai_elite i20
chennai,tata,tiago,revotron xz plus,19382,2023,640000,petrol,1,grey,hatchback,manual,2023,3,tata_tiago
chennai,tata,tigor,revotron xz+ cng,20518,2022,726000,petrol+cng,1,brown,sedan,manual,2022,4,tata_tigor
chennai,maruti suzuki,celerio,zxi amt,57839,2016,383000,petrol,2,red,hatchback,automatic,2016,10,maruti suzuki_celerio
chennai,datsun,redi-go,t(o) 1.0,33594,2021,345000,petrol,1,grey,hatchback,manual,2021,5,datsun_redi-go
chennai,maruti suzuki,s-presso,vxi plus,40892,2020,420000,petrol,1,blue,hatchback,manual,2020,6,maruti suzuki_s-presso
chennai,hyundai,creta,s plus 1.5 petrol knight,47519,2023,1249228,petrol,1,silver,suv,manual,2023,3,hyundai_creta
chennai,hyundai,xcent,sx at (o) petrol,101104,2014,398000,petrol,1,silver,sedan,automatic,2014,12,hyundai_xcent
chennai,hyundai,new santro 1.1,sportz mt,8835,2022,565000,petrol,1,red,hatchback,manual,2022,4,hyundai_new santro 1.1
chennai,hyundai,creta,sx petrol,21134,2022,1376488,petrol,1,white,suv,manual,2022,4,hyundai_creta
chennai,renault,kwid,rxt,91895,2016,292000,petrol,1,red,hatchback,manual,2016,10,renault_kwid
chennai,maruti suzuki,ciaz,zxi+,122995,2016,522000,petrol,1,black,sedan,manual,2016,10,maruti suzuki_ciaz
chennai,nissan,micra,xv cvt,84051,2014,332000,petrol,2,blue,hatchback,automatic,2014,12,nissan_micra
chennai,ford,figo,titanium petrol,52554,2021,518000,petrol,2,red,hatchback,manual,2021,5,ford_figo
chennai,hyundai,verna,sx (o)1.5 mpi,91083,2021,988000,petrol,1,black,sedan,manual,2021,5,hyundai_verna
chennai,hyundai,aura,sx plus 1.0 petrol,33245,2021,647000,petrol,2,red,sedan,manual,2021,5,hyundai_aura
chennai,nissan,magnite,xv premium turbo cvt (o),18267,2021,868000,petrol,1,black,suv,automatic,2021,5,nissan_magnite
chennai,renault,triber,rxz amt,64906,2022,661000,petrol,1,blue,muv,automatic,2022,4,renault_triber
chennai,honda,amaze,1.2 vx at i-vtec,74003,2014,377000,petrol,3,silver,sedan,automatic,2014,12,honda_amaze
chennai,maruti suzuki,swift,zxi plus amt,106592,2019,613000,petrol,1,white,hatchback,automatic,2020,7,maruti suzuki_swift
chennai,mahindra,scorpio n,z8 l petrol 7 str,18498,2022,1851098,petrol,1,bronze,suv,manual,2023,4,mahindra_scorpio n
chennai,hyundai,creta,sx (o) at diesel,67930,2021,1417000,diesel,1,black,suv,automatic,2021,5,hyundai_creta
chennai,hyundai,creta,sx petrol,4992,2022,1401783,petrol,1,red,suv,manual,2022,4,hyundai_creta
chennai,maruti suzuki,ciaz,alpha at petrol,47663,2019,741000,petrol,2,brown,sedan,automatic,2019,7,maruti suzuki_ciaz
chennai,maruti suzuki,alto k10,vxi plus,8483,2023,492000,petrol,1,grey,hatchback,manual,2023,3,maruti suzuki_alto k10
chennai,honda,wr-v,vx mt petrol,125406,2019,599000,petrol,1,brown,suv,manual,2019,7,honda_wr-v
chennai,tata,tiago,revotron xz plus cng,68389,2022,574000,petrol+cng,1,brown,hatchback,manual,2022,4,tata_tiago
chennai,maruti suzuki,ignis,zeta 1.2 amt,22195,2023,701000,petrol,1,blue,hatchback,automatic,2023,3,maruti suzuki_ignis
chennai,renault,kwid,climber 1.0 amt,33321,2018,409000,petrol,1,blue,hatchback,automatic,2018,8,renault_kwid
chennai,honda,city,vx cvt,59097,2017,701000,petrol,2,red,sedan,automatic,2017,9,honda_city
chennai,hyundai,creta,s petrol,30603,2022,1148000,petrol,1,grey,suv,manual,2022,4,hyundai_creta
chennai,hyundai,new santro 1.1,sportz mt,85335,2018,398000,petrol,1,grey,hatchback,manual,2018,8,hyundai_new santro 1.1
chennai,hyundai,eon,magna +,37494,2018,327000,petrol,2,blue,hatchback,manual,2018,8,hyundai_eon
chennai,renault,kwid,rxl,61872,2016,229000,petrol,3,grey,hatchback,manual,2016,10,renault_kwid
chennai,hyundai,tucson,gls 2wd at diesel,69533,2021,1728000,diesel,1,black,suv,automatic,2021,5,hyundai_tucson
chennai,honda,city,v diesel,118253,2015,524000,diesel,1,red,sedan,manual,2015,11,honda_city
chennai,maruti suzuki,baleno,zeta 1.2 at,56687,2018,636000,petrol,1,orange,hatchback,automatic,2018,8,maruti suzuki_baleno
chennai,tata,tigor,xza plus icng,2581,2024,810000,petrol+cng,2,brown,sedan,automatic,2024,2,tata_tigor
chennai,renault,kwid,climber 1.0 opt,59058,2022,425000,petrol,1,green,hatchback,manual,2022,4,renault_kwid
chennai,skoda,octavia,1.8 tsi style plus at,64261,2016,1005000,petrol,2,unknown,sedan,automatic,2016,10,skoda_octavia
chennai,renault,kwid,climber 1.0 opt,34505,2021,425000,petrol,1,blue,hatchback,manual,2021,5,renault_kwid
chennai,maruti suzuki,swift,zxi,121695,2021,597000,petrol,1,white,hatchback,manual,2021,5,maruti suzuki_swift
chennai,hyundai,santa fe,2wd at,134472,2016,959000,diesel,1,silver,suv,automatic,2016,10,hyundai_santa fe
chennai,maruti suzuki,eeco,ac 5 str,25153,2021,492000,petrol,1,grey,muv,manual,2021,5,maruti suzuki_eeco
chennai,maruti suzuki,eeco,5 str with a/c+htr,19864,2021,489000,petrol,1,grey,muv,manual,2021,5,maruti suzuki_eeco
chennai,mahindra,xuv700,ax 5 petrol mt 5 str,14635,2023,1778513,petrol,1,white,suv,manual,2024,3,mahindra_xuv700
chennai,volkswagen,polo,highline1.2l (p),148213,2015,407000,petrol,2,red,hatchback,manual,2015,11,volkswagen_polo
chennai,volkswagen,vento,1.6l highline petrol,92766,2015,395000,petrol,3,silver,sedan,manual,2015,11,volkswagen_vento
chennai,honda,wr-v,vx mt petrol,18041,2019,746000,petrol,1,red,suv,manual,2019,7,honda_wr-v
chennai,maruti suzuki,swift,zxi amt,23701,2023,797000,petrol,1,blue,hatchback,automatic,2023,3,maruti suzuki_swift
chennai,mahindra,kuv100,k8 6 str,60187,2016,405000,petrol,1,silver,crossover,manual,2016,10,mahindra_kuv100
chennai,hyundai,grand i10,sportz 1.1 crdi,144384,2016,368000,diesel,1,blue,hatchback,manual,2016,10,hyundai_grand i10
chennai,tata,punch,accomplished amt,29169,2022,713000,petrol,1,white,suv,automatic,2022,4,tata_punch
chennai,kia,seltos,gtx plus,50296,2021,1305000,petrol,1,black,suv,manual,2021,5,kia_seltos
chennai,mahindra,kuv100 nxt,k4+ 6 str,14720,2018,447000,petrol,2,orange,crossover,manual,2018,8,mahindra_kuv100 nxt
chennai,maruti suzuki,wagon r 1.0,vxi,46010,2012,309000,petrol,1,grey,hatchback,manual,2012,14,maruti suzuki_wagon r 1.0
chennai,tata,zest,xt petrol,96734,2015,354000,petrol,2,grey,sedan,manual,2015,11,tata_zest
chennai,volkswagen,polo,trendline 1.0 (p),124581,2020,479000,petrol,1,red,hatchback,manual,2020,6,volkswagen_polo
chennai,honda,city,v cvt,97327,2018,692000,petrol,1,white,sedan,automatic,2018,8,honda_city
chennai,volkswagen,vento,1.5l comfortline diesel at,106285,2016,475000,diesel,2,grey,sedan,automatic,2017,10,volkswagen_vento
chennai,honda,jazz,vx cvt,46304,2022,797000,petrol,1,grey,hatchback,automatic,2022,4,honda_jazz
chennai,nissan,micra,xv cvt,93710,2015,339000,petrol,1,white,hatchback,automatic,2015,11,nissan_micra
chennai,volkswagen,vento,1.5l highline diesel at,118676,2016,525000,diesel,1,silver,sedan,automatic,2016,10,volkswagen_vento
chennai,hyundai,grand i10,sportz 1.2 kappa vtvt,34999,2019,523000,petrol,1,white,hatchback,manual,2019,7,hyundai_grand i10
chennai,hyundai,grand i10,sportz at 1.2 kappa vtvt,54032,2019,580000,petrol,1,silver,hatchback,automatic,2019,7,hyundai_grand i10
chennai,kia,seltos,htk plus g,56154,2020,941000,petrol,1,blue,suv,manual,2020,6,kia_seltos
chennai,kia,sonet,gtx plus 1.0 dct,34079,2020,926000,petrol,2,golden,suv,automatic,2020,6,kia_sonet
chennai,maruti suzuki,alto k10,vxi,84152,2015,309000,petrol,1,silver,hatchback,manual,2015,11,maruti suzuki_alto k10
chennai,renault,duster,110 ps rxz mt diesel,79012,2019,781000,diesel,1,blue,suv,manual,2020,7,renault_duster
chennai,maruti suzuki,xl6,alpha plus dual tone mt petrol,38719,2022,1168000,petrol,1,red,muv,manual,2022,4,maruti suzuki_xl6
chennai,renault,triber,rxz amt,16832,2022,727000,petrol,1,blue,muv,automatic,2022,4,renault_triber
chennai,tata,nexon,xza plus diesel dark edition,18524,2022,1060955,diesel,1,black,suv,automatic,2022,4,tata_nexon
chennai,honda,city,vx cvt,63232,2015,637000,petrol,1,white,sedan,automatic,2015,11,honda_city
chennai,maruti suzuki,wagon r,vxi,56933,2015,359000,petrol,1,blue,hatchback,manual,2015,11,maruti suzuki_wagon r
chennai,honda,city,v cvt petrol,14979,2022,1160000,petrol,1,red,sedan,automatic,2022,4,honda_city
chennai,renault,kiger,rxz turbo cvt,25523,2021,755000,petrol,1,white,suv,automatic,2021,5,renault_kiger
chennai,maruti suzuki,celerio,vxi cng,48889,2022,526000,petrol+cng,1,silver,hatchback,manual,2022,4,maruti suzuki_celerio
chennai,mahindra,xuv700,ax 5 diesel at 7 str,18948,2022,1952000,diesel,1,red,suv,automatic,2022,4,mahindra_xuv700
chennai,kia,seltos,htk plus g,28788,2020,996000,petrol,1,orange,suv,manual,2020,6,kia_seltos
chennai,hyundai,i10,sportz 1.1 petrol,72760,2015,356000,petrol,1,silver,hatchback,manual,2015,11,hyundai_i10
chennai,tata,nexon,xma (s),14462,2023,902000,petrol,1,white,suv,automatic,2023,3,tata_nexon
chennai,hyundai,creta,sx opt turbo dct petrol,77828,2020,1273000,petrol,1,orange,suv,automatic,2020,6,hyundai_creta
chennai,kia,sonet,gtx plus 1.0 dct,44760,2023,1206000,petrol,1,black,suv,automatic,2023,3,kia_sonet
chennai,ford,ecosport,titanium 1.5l tdci,95174,2018,592000,diesel,2,red,suv,manual,2018,8,ford_ecosport
chennai,nissan,sunny,xv diesel,78088,2015,448000,diesel,1,grey,sedan,manual,2015,11,nissan_sunny
chennai,mahindra,xuv 300,w8 1.2 petrol,47607,2021,752000,petrol,2,blue,suv,manual,2021,5,mahindra_xuv 300
chennai,ford,ecosport,titanium 1.5l tdci,110118,2021,741000,diesel,1,grey,suv,manual,2021,5,ford_ecosport
chennai,maruti suzuki,ciaz,zxi+,90103,2016,545000,petrol,1,grey,sedan,manual,2016,10,maruti suzuki_ciaz
chennai,ford,figo,titanium 1.2 ti-vct,76178,2016,329000,petrol,2,white,hatchback,manual,2016,10,ford_figo
chennai,maruti suzuki,dzire,zdi plus amt,81551,2017,573000,diesel,2,grey,sedan,automatic,2017,9,maruti suzuki_dzire
chennai,ford,ecosport,titanium 1.5l ti-vct,53434,2019,692000,petrol,1,blue,suv,manual,2019,7,ford_ecosport
chennai,maruti suzuki,baleno,alpha mt,18722,2023,859000,petrol,1,violet,hatchback,manual,2023,3,maruti suzuki_baleno
chennai,tata,altroz,xz plus diesel,22653,2022,856000,diesel,1,red,hatchback,manual,2022,4,tata_altroz
chennai,maruti suzuki,baleno,zeta mt,8705,2023,791000,petrol,1,grey,hatchback,manual,2023,3,maruti suzuki_baleno
chennai,toyota,etios,g,36312,2016,465000,petrol,2,white,sedan,manual,2017,10,toyota_etios
chennai,maruti suzuki,baleno,zeta mt,13926,2023,791000,petrol,1,blue,hatchback,manual,2023,3,maruti suzuki_baleno
chennai,tata,tiago,revotron xza,23570,2018,492000,petrol,1,brown,hatchback,automatic,2018,8,tata_tiago
chennai,tata,punch,adventure plus,12798,2025,780000,petrol,1,blue,suv,manual,2025,1,tata_punch
chennai,maruti suzuki,baleno,zeta ags,7038,2024,795000,petrol,2,grey,hatchback,automatic,2024,2,maruti suzuki_baleno
chennai,renault,kwid,neotech 1.0 rxl amt,43332,2020,359000,petrol,2,silver,hatchback,automatic,2020,6,renault_kwid
chennai,ford,figo,duratec petrol exi 1.2,37164,2011,193000,petrol,1,grey,hatchback,manual,2011,15,ford_figo
chennai,volkswagen,polo,highline plus 1.0 (p),14612,2019,601000,petrol,2,brown,hatchback,manual,2019,7,volkswagen_polo
chennai,honda,city,v,107682,2015,457000,petrol,2,white,sedan,manual,2015,11,honda_city
chennai,honda,amaze,1.5 v cvt diesel,85049,2018,519000,diesel,3,grey,sedan,automatic,2018,8,honda_amaze
chennai,honda,wr-v,vx mt diesel,74392,2020,752000,diesel,2,white,suv,manual,2020,6,honda_wr-v
chennai,honda,jazz,s at,60351,2015,455000,petrol,1,white,hatchback,automatic,2016,11,honda_jazz
chennai,maruti suzuki,swift dzire,zxi,118079,2016,450000,petrol,1,red,sedan,manual,2016,10,maruti suzuki_swift dzire
chennai,maruti suzuki,ignis,zeta 1.2 mt,4511,2023,664000,petrol,1,silver,hatchback,manual,2023,3,maruti suzuki_ignis
chennai,honda,elevate,sv mt,22690,2023,1125043,petrol,1,silver,suv,manual,2023,3,honda_elevate
chennai,ford,ecosport,titanium 1.0 ecoboost,107711,2014,405000,petrol,2,grey,suv,manual,2014,12,ford_ecosport
chennai,maruti suzuki,alto k10,vxi amt,18746,2016,343000,petrol,1,grey,hatchback,automatic,2017,10,maruti suzuki_alto k10
chennai,honda,city,v petrol,56622,2019,598000,petrol,3,silver,sedan,manual,2019,7,honda_city
chennai,hyundai,elite i20,magna 1.2,66910,2015,412000,petrol,2,silver,hatchback,manual,2015,11,hyundai_elite i20
chennai,renault,kwid,climber 1.0 (o),63008,2021,409000,petrol,1,blue,hatchback,manual,2021,5,renault_kwid
chennai,maruti suzuki,ciaz,alpha hybrid 1.5 at,57136,2018,677000,petrol,2,silver,sedan,automatic,2018,8,maruti suzuki_ciaz
chennai,hyundai,grand i10,asta 1.2 kappa vtvt,58329,2014,397000,petrol,1,red,hatchback,manual,2014,12,hyundai_grand i10
chennai,hyundai,elite i20,sportz 1.2,23610,2016,539000,petrol,1,red,hatchback,manual,2017,10,hyundai_elite i20
chennai,hyundai,verna,sx (o) 1.6 crdi,120113,2018,697000,diesel,2,silver,sedan,manual,2018,8,hyundai_verna
chennai,hyundai,grand i10,asta 1.2 kappa vtvt,53302,2018,517000,petrol,1,white,hatchback,manual,2018,8,hyundai_grand i10
chennai,hyundai,grand i10 nios,sportz amt 1.2 kappa vtvt,12585,2020,611000,petrol,1,silver,hatchback,automatic,2020,6,hyundai_grand i10 nios
chennai,ford,freestyle,titanium 1.5 tdci,76636,2018,531000,diesel,1,red,crossover,manual,2018,8,ford_freestyle
chennai,maruti suzuki,wagon r 1.0,vxi,48978,2012,293000,petrol,1,grey,hatchback,manual,2012,14,maruti suzuki_wagon r 1.0
chennai,maruti suzuki,celerio,zxi plus,28293,2022,553000,petrol,1,red,hatchback,manual,2022,4,maruti suzuki_celerio
chennai,mahindra,xuv 300,w6 diesel,26291,2023,997000,diesel,1,red,suv,manual,2023,3,mahindra_xuv 300
chennai,hyundai,xcent,s crdi,85191,2018,497000,diesel,1,grey,sedan,manual,2019,8,hyundai_xcent
chennai,honda,amaze,1.2 vx i-vtec,90010,2015,444000,petrol,1,brown,sedan,manual,2015,11,honda_amaze
chennai,maruti suzuki,baleno,alpha automatic,98810,2019,607000,petrol,1,blue,hatchback,automatic,2019,7,maruti suzuki_baleno
chennai,honda,amaze,1.2 vx i-vtec,45813,2015,433000,petrol,2,brown,sedan,manual,2015,11,honda_amaze
chennai,honda,amaze,vx cvt 1.2 petrol,33704,2022,828000,petrol,1,brown,sedan,automatic,2022,4,honda_amaze
chennai,mahindra,xuv700,ax 7 luxury pack petrol at 7 str,23214,2023,2283513,petrol,1,blue,suv,automatic,2023,3,mahindra_xuv700
chennai,hyundai,new santro 1.1,asta mt,66750,2019,455000,petrol,1,grey,hatchback,manual,2019,7,hyundai_new santro 1.1
chennai,volkswagen,ameo,highline1.2l (p),93295,2017,449000,petrol,2,blue,sedan,manual,2017,9,volkswagen_ameo
chennai,maruti suzuki,vitara brezza,zdi plus,73732,2017,674000,diesel,2,white,suv,manual,2017,9,maruti suzuki_vitara brezza
chennai,maruti suzuki,ignis,alpha mt petrol dual tone,100312,2017,456000,petrol,1,blue,hatchback,manual,2017,9,maruti suzuki_ignis
chennai,renault,kwid,rxt 1.0 amt,8230,2023,539000,petrol,1,bronze,hatchback,automatic,2024,3,renault_kwid
chennai,maruti suzuki,baleno,zeta 1.2,36918,2018,606000,petrol,1,red,hatchback,manual,2018,8,maruti suzuki_baleno
chennai,maruti suzuki,alto 800,vxi,36778,2018,314000,petrol,2,white,hatchback,manual,2018,8,maruti suzuki_alto 800
chennai,kia,seltos,htx ivt g,12098,2023,1556313,petrol,1,red,suv,automatic,2023,3,kia_seltos
chennai,maruti suzuki,s-cross,zeta,53737,2021,789000,petrol,1,grey,suv,manual,2021,5,maruti suzuki_s-cross
chennai,hyundai,grand i10,asta 1.2 kappa vtvt,37047,2018,536000,petrol,1,red,hatchback,manual,2018,8,hyundai_grand i10
chennai,maruti suzuki,celerio,zxi (o) amt,44926,2019,417000,petrol,3,silver,hatchback,automatic,2019,7,maruti suzuki_celerio
chennai,tata,tiago,xe,13481,2023,509000,petrol,1,white,hatchback,manual,2023,3,tata_tiago
chennai,hyundai,elite i20,sportz 1.2,88026,2016,482000,petrol,1,grey,hatchback,manual,2016,10,hyundai_elite i20
chennai,maruti suzuki,swift,vdi,95663,2017,494000,diesel,1,violet,hatchback,manual,2017,9,maruti suzuki_swift
chennai,ford,ecosport,titanium 1.5 ti-vct at,60727,2015,501000,petrol,2,silver,suv,automatic,2015,11,ford_ecosport
chennai,maruti suzuki,ignis,zeta 1.2 mt,14874,2021,573000,petrol,1,white,hatchback,manual,2021,5,maruti suzuki_ignis
chennai,hyundai,new santro 1.1,magna amt,90873,2020,448000,petrol,1,silver,hatchback,automatic,2020,6,hyundai_new santro 1.1
chennai,mahindra,thar,lx hard top petrol at 4wd,41521,2022,1383603,petrol,1,blue,suv,automatic,2022,4,mahindra_thar
chennai,hyundai,grand i10 nios,asta 1.2 kappa,8662,2024,795000,petrol,1,red,hatchback,manual,2024,2,hyundai_grand i10 nios
chennai,tata,altroz,xza plus petrol,19942,2022,789000,petrol,1,grey,hatchback,automatic,2022,4,tata_altroz
chennai,hyundai,elite i20,asta cvt,82288,2018,530000,petrol,2,red,hatchback,automatic,2018,8,hyundai_elite i20
chennai,volkswagen,virtus,highline 1.0 tsi mt,12209,2023,1268463,petrol,1,red,sedan,manual,2023,3,volkswagen_virtus
chennai,hyundai,eon,magna,56969,2014,293000,petrol,1,blue,hatchback,manual,2014,12,hyundai_eon
chennai,hyundai,i20 active,1.2 sx,43757,2016,577000,petrol,1,white,crossover,manual,2016,10,hyundai_i20 active
chennai,renault,kwid,rxt 1.0 amt (o),25571,2021,418000,petrol,2,silver,hatchback,automatic,2021,5,renault_kwid
chennai,renault,kwid,1.0 rxt sce,24823,2022,427000,petrol,1,red,hatchback,manual,2022,4,renault_kwid
chennai,hyundai,elite i20,magna executive 1.2,33907,2017,515000,petrol,1,silver,hatchback,manual,2017,9,hyundai_elite i20
chennai,volkswagen,virtus,highline 1.0 tsi mt,10822,2023,1263413,petrol,1,blue,sedan,manual,2023,3,volkswagen_virtus
chennai,kia,sonet,gtx plus 1.0 imt,25795,2021,949000,petrol,2,grey,suv,manual,2021,5,kia_sonet
chennai,volkswagen,virtus,gt plus 1.5 tsi evo dsg,39681,2022,1546168,petrol,1,white,sedan,automatic,2022,4,volkswagen_virtus
chennai,hyundai,new santro 1.1,sportz mt,29672,2021,511000,petrol,1,grey,hatchback,manual,2021,5,hyundai_new santro 1.1
chennai,mahindra,xuv 3xo,mx3 1.2 petrol,4445,2024,948000,petrol,1,red,suv,manual,2024,2,mahindra_xuv 3xo
chennai,datsun,redi-go,t(o) 1.0 amt,11755,2019,337000,petrol,1,red,hatchback,automatic,2019,7,datsun_redi-go
chennai,kia,seltos,htx ivt g,24619,2023,1498698,petrol,1,white,suv,automatic,2023,3,kia_seltos
chennai,renault,kwid,1.0 rxt amt opt,45155,2017,362000,petrol,1,silver,hatchback,automatic,2018,9,renault_kwid
chennai,renault,kwid,1.0 rxt amt opt,33559,2017,361000,petrol,1,grey,hatchback,automatic,2018,9,renault_kwid
chennai,volkswagen,vento,highline plus 1.2 (p) at,62072,2019,769000,petrol,1,grey,sedan,automatic,2019,7,volkswagen_vento
chennai,mahindra,xuv700,ax 7 luxury pack petrol at 7 str,27108,2023,2296643,petrol,1,white,suv,automatic,2023,3,mahindra_xuv700
chennai,maruti suzuki,alto 800,lxi,19223,2020,349000,petrol,1,grey,hatchback,manual,2020,6,maruti suzuki_alto 800
chennai,renault,triber,rxz,30799,2020,607000,petrol,1,red,muv,manual,2020,6,renault_triber
chennai,renault,kwid,1.0 rxt sce,13666,2023,468000,petrol,1,brown,hatchback,manual,2023,3,renault_kwid
chennai,maruti suzuki,swift,vxi,34528,2023,672000,petrol,1,grey,hatchback,manual,2023,3,maruti suzuki_swift
chennai,maruti suzuki,s-presso,vxi plus (o),5087,2024,544000,petrol,1,red,hatchback,manual,2024,2,maruti suzuki_s-presso
chennai,tata,altroz,xm plus 1.5,18553,2022,719000,diesel,1,grey,hatchback,manual,2022,4,tata_altroz
chennai,maruti suzuki,s-presso,vxi (o) amt,17167,2022,488000,petrol,1,white,hatchback,automatic,2022,4,maruti suzuki_s-presso
chennai,tata,altroz,xt 1.2,46994,2021,600000,petrol,1,grey,hatchback,manual,2021,5,tata_altroz
chennai,mahindra,thar,lx hard top petrol at 4wd,38859,2021,1286545,petrol,1,black,suv,automatic,2021,5,mahindra_thar
chennai,hyundai,creta,sx opt turbo dct petrol,19022,2022,1645148,petrol,1,white,suv,automatic,2022,4,hyundai_creta
chennai,maruti suzuki,alto 800,lxi,68398,2015,259000,petrol,1,blue,hatchback,manual,2015,11,maruti suzuki_alto 800
chennai,tata,tigor,revotron xz+,44579,2021,589000,petrol,1,blue,sedan,manual,2021,5,tata_tigor
chennai,hyundai,new santro 1.1,asta amt,20180,2021,563000,petrol,1,blue,hatchback,automatic,2021,5,hyundai_new santro 1.1
chennai,maruti suzuki,swift,vxi,30261,2014,427000,petrol,1,blue,hatchback,manual,2014,12,maruti suzuki_swift
chennai,toyota,urban cruiser hyryder,v hybrid dual tone,55486,2022,1725000,hybrid,1,red,suv,automatic,2022,4,toyota_urban cruiser hyryder
chennai,maruti suzuki,ignis,zeta 1.2 amt,14759,2021,614000,petrol,1,silver,hatchback,automatic,2021,5,maruti suzuki_ignis
chennai,tata,punch,creative dual tone,29086,2022,734000,petrol,1,blue,suv,manual,2022,4,tata_punch
chennai,maruti suzuki,dzire,zxi plus ags,51652,2023,777000,petrol,1,blue,sedan,automatic,2023,3,maruti suzuki_dzire
chennai,tata,zest,xt petrol,63493,2016,436000,petrol,1,grey,sedan,manual,2016,10,tata_zest
chennai,maruti suzuki,eeco,5 str ac,15362,2023,553000,petrol,1,grey,muv,manual,2023,3,maruti suzuki_eeco
chennai,maruti suzuki,ignis,alpha 1.2 amt,75395,2019,551000,petrol,1,grey,hatchback,automatic,2019,7,maruti suzuki_ignis
chennai,skoda,rapid new,active 1.0 tsi at,47748,2021,726000,petrol,1,grey,sedan,automatic,2021,5,skoda_rapid new
chennai,maruti suzuki,baleno,zeta at petrol,59499,2017,588000,petrol,1,blue,hatchback,automatic,2017,9,maruti suzuki_baleno
chennai,hyundai,venue,sx plus 1.0 turbo dct,44973,2019,852000,petrol,1,blue,suv,automatic,2019,7,hyundai_venue
chennai,hyundai,creta,sx petrol,21101,2023,1293713,petrol,2,grey,suv,manual,2023,3,hyundai_creta
chennai,hyundai,grand i10,sportz (o) at 1.2 kappa vtvt,16412,2017,539000,petrol,1,grey,hatchback,automatic,2017,9,hyundai_grand i10
chennai,toyota,etios,vd,80750,2016,686000,diesel,1,white,sedan,manual,2016,10,toyota_etios
chennai,hyundai,xcent,sx,40644,2018,504000,petrol,1,silver,sedan,manual,2019,8,hyundai_xcent
chennai,maruti suzuki,alto 800,lxi,48657,2014,260000,petrol,1,white,hatchback,manual,2014,12,maruti suzuki_alto 800
chennai,maruti suzuki,ciaz,alpha petrol,25536,2019,793000,petrol,1,silver,sedan,manual,2019,7,maruti suzuki_ciaz
chennai,mahindra,xuv700,ax 5 petrol at 5 str,29878,2022,1705098,petrol,1,blue,suv,automatic,2022,4,mahindra_xuv700
kolkata,maruti suzuki,swift,lxi,62299,2015,304000,petrol,1,purple,hatchback,manual,2015,11,maruti suzuki_swift
kolkata,honda,city,zx petrol cvt,8304,2023,1334113,petrol,1,grey,sedan,automatic,2023,3,honda_city
kolkata,maruti suzuki,swift,zxi plus,22318,2022,714000,petrol,1,grey,hatchback,manual,2022,4,maruti suzuki_swift
kolkata,maruti suzuki,swift,zxi,22932,2021,570000,petrol,2,grey,hatchback,manual,2021,5,maruti suzuki_swift
kolkata,hyundai,venue,s plus 1.2 petrol,17987,2022,749000,petrol,1,grey,suv,manual,2022,4,hyundai_venue
kolkata,hyundai,i20 n line,n8 1.0 turbo dct,38931,2022,917000,petrol,1,grey,hatchback,automatic,2022,4,hyundai_i20 n line
kolkata,honda,city,zx cvt petrol,21494,2022,1202813,petrol,1,red,sedan,automatic,2022,4,honda_city
kolkata,toyota,urban cruiser taisor,g 1.0 petrol mt,19113,2024,831000,petrol,2,grey,hatchback,manual,2024,2,toyota_urban cruiser taisor
kolkata,hyundai,aura,s 1.2 crdi,57431,2022,589000,diesel,1,grey,sedan,manual,2022,4,hyundai_aura
kolkata,nissan,magnite,xv,9506,2021,599000,petrol,1,white,suv,manual,2021,5,nissan_magnite
kolkata,maruti suzuki,alto 800,lxi,22296,2016,249000,petrol,1,blue,hatchback,manual,2016,10,maruti suzuki_alto 800
kolkata,maruti suzuki,wagon r,vxi,49787,2015,289000,petrol,1,blue,hatchback,manual,2015,11,maruti suzuki_wagon r
kolkata,hyundai,venue,s 1.2 petrol,43346,2021,646000,petrol,1,silver,suv,manual,2021,5,hyundai_venue
kolkata,nissan,magnite,xv,21564,2023,661000,petrol,1,white,suv,manual,2023,3,nissan_magnite
kolkata,honda,amaze,1.2 vx mt petrol,76967,2019,476000,petrol,1,red,sedan,manual,2019,7,honda_amaze
kolkata,toyota,urban cruiser,high grade mt,15603,2022,805000,petrol,1,grey,suv,manual,2022,4,toyota_urban cruiser
kolkata,honda,amaze,1.2 vx mt petrol,12659,2021,654000,petrol,1,grey,sedan,manual,2021,5,honda_amaze
kolkata,maruti suzuki,wagon r 1.0,vxi 1.0,7938,2021,489000,petrol,1,grey,hatchback,manual,2021,5,maruti suzuki_wagon r 1.0
kolkata,maruti suzuki,alto k10,vxi (o) ags,1466,2024,546000,petrol,1,grey,hatchback,automatic,2024,2,maruti suzuki_alto k10
kolkata,maruti suzuki,swift,vxi,21720,2022,598000,petrol,1,grey,hatchback,manual,2022,4,maruti suzuki_swift
kolkata,kia,carens,luxury plus 1.5 turbo petrol imt 7 str,24406,2023,1498743,petrol,1,blue,muv,manual,2023,3,kia_carens
kolkata,renault,kwid,rxt 1.0 (o),18589,2021,399000,petrol,1,red,hatchback,manual,2021,5,renault_kwid
kolkata,maruti suzuki,baleno,zeta automatic,50839,2020,621000,petrol,1,blue,hatchback,automatic,2020,6,maruti suzuki_baleno
kolkata,kia,carens,luxury 1.5 diesel 7 str,48685,2022,1297753,diesel,1,blue,muv,manual,2022,4,kia_carens
kolkata,volkswagen,virtus,topline 1.0 tsi at,19596,2023,1360344,petrol,1,white,sedan,automatic,2023,3,volkswagen_virtus
kolkata,renault,duster,rxz 1.3 turbo petrol mt,70324,2021,675000,petrol,1,white,suv,manual,2021,5,renault_duster
kolkata,honda,city,zx petrol mt,8521,2023,1254278,petrol,1,red,sedan,manual,2023,3,honda_city
kolkata,honda,amaze,vx mt 1.2 petrol,12213,2023,797000,petrol,1,silver,sedan,manual,2023,3,honda_amaze
kolkata,maruti suzuki,baleno,zeta automatic,25621,2021,681000,petrol,1,blue,hatchback,automatic,2021,5,maruti suzuki_baleno
kolkata,kia,carens,luxury plus 1.4 petrol 7 str,23551,2022,1481573,petrol,1,grey,muv,manual,2022,4,kia_carens
kolkata,honda,city,zx petrol,35363,2021,941000,petrol,1,beige,sedan,manual,2021,5,honda_city
kolkata,honda,city,zx cvt petrol,101053,2017,615000,petrol,1,grey,sedan,automatic,2017,9,honda_city
kolkata,skoda,rapid,style 1.5 tdi at,106324,2018,523000,diesel,2,blue,sedan,automatic,2018,8,skoda_rapid
kolkata,hyundai,new i20,sportz 1.0 turbo imt,62689,2021,596000,petrol,1,blue,hatchback,manual,2021,5,hyundai_new i20
kolkata,hyundai,creta,ex petrol,33126,2023,993000,petrol,1,black,suv,manual,2023,3,hyundai_creta
kolkata,skoda,rapid,style 1.5 tdi,107048,2018,489000,diesel,1,grey,sedan,manual,2018,8,skoda_rapid
kolkata,maruti suzuki,alto 800,vxi plus,25279,2020,327000,petrol,1,grey,hatchback,manual,2020,6,maruti suzuki_alto 800
kolkata,kia,carens,luxury plus 1.5 diesel at 6 str,27439,2022,1565403,diesel,1,blue,muv,automatic,2022,4,kia_carens
kolkata,honda,city,vx petrol,62695,2020,770000,petrol,1,brown,sedan,manual,2020,6,honda_city
kolkata,tata,curvv,accomplished s 1.2 revotron petrol 6mt,5550,2024,1416933,petrol,1,red,suv,manual,2024,2,tata_curvv
kolkata,hyundai,verna,sx 1.6 vtvt,41558,2018,625000,petrol,1,brown,sedan,manual,2018,8,hyundai_verna
kolkata,volkswagen,vento,highline 1.0l tsi,40031,2021,739000,petrol,1,white,sedan,manual,2021,5,volkswagen_vento
kolkata,renault,kwid,rxt 1.0 amt opt,28965,2020,382000,petrol,1,silver,hatchback,automatic,2020,6,renault_kwid
kolkata,maruti suzuki,xl6,alpha plus mt petrol,38801,2022,1054343,petrol,1,white,muv,manual,2022,4,maruti suzuki_xl6
kolkata,honda,city,vx petrol,41062,2021,754000,petrol,3,brown,sedan,manual,2021,5,honda_city
kolkata,maruti suzuki,dzire,zxi plus amt,38448,2019,554000,petrol,2,brown,sedan,automatic,2019,7,maruti suzuki_dzire
kolkata,maruti suzuki,xl6,alpha mt petrol,34371,2021,909000,petrol,1,white,muv,manual,2021,5,maruti suzuki_xl6
kolkata,honda,city,vx petrol,63668,2018,605000,petrol,1,grey,sedan,manual,2018,8,honda_city
kolkata,hyundai,i20,asta 1.2 ivt,16499,2021,763000,petrol,1,blue,hatchback,automatic,2021,5,hyundai_i20
kolkata,kia,sonet,gtx plus 1.0 imt,52882,2020,731000,petrol,2,red,suv,manual,2020,6,kia_sonet
kolkata,hyundai,aura,s 1.2 petrol,74974,2022,504000,petrol,1,white,sedan,manual,2022,4,hyundai_aura
kolkata,maruti suzuki,swift,vxi,33894,2020,509000,petrol,1,blue,hatchback,manual,2020,6,maruti suzuki_swift
kolkata,maruti suzuki,alto 800,lxi (o),35737,2021,328000,petrol,1,blue,hatchback,manual,2022,5,maruti suzuki_alto 800
kolkata,maruti suzuki,brezza,zxi plus,32764,2022,978000,petrol,1,red,suv,manual,2022,4,maruti suzuki_brezza
kolkata,renault,kwid,climber 1.0 opt,84132,2021,391000,petrol,1,blue,hatchback,manual,2021,5,renault_kwid
kolkata,renault,triber,rxl,49565,2022,486000,petrol,1,yellow,muv,manual,2022,4,renault_triber
kolkata,honda,city,vx petrol,52854,2017,576000,petrol,1,grey,sedan,manual,2017,9,honda_city
kolkata,tata,altroz,xta petrol dct,15113,2022,711000,petrol,1,blue,hatchback,automatic,2022,4,tata_altroz
kolkata,maruti suzuki,a-star,lxi,32023,2011,174000,petrol,1,silver,hatchback,manual,2011,15,maruti suzuki_a-star
kolkata,honda,city,v petrol,31987,2022,903000,petrol,1,white,sedan,manual,2022,4,honda_city
kolkata,kia,sonet,gtx plus 1.5 at,51197,2022,1054045,diesel,1,golden,suv,automatic,2022,4,kia_sonet
kolkata,honda,city,v petrol,31193,2022,851000,petrol,1,grey,sedan,manual,2023,4,honda_city
kolkata,skoda,superb,style tdi at,72239,2017,1160000,diesel,1,white,sedan,automatic,2017,9,skoda_superb
kolkata,hyundai,venue,sx 1.2 petrol,20743,2022,801000,petrol,2,blue,suv,manual,2022,4,hyundai_venue
kolkata,tata,altroz,xt 1.2,18543,2024,715000,petrol,1,red,hatchback,manual,2024,2,tata_altroz
kolkata,maruti suzuki,s-cross,zeta,96799,2020,613000,petrol,1,blue,suv,manual,2020,6,maruti suzuki_s-cross
kolkata,mahindra,xuv 300,w8 (o) diesel,56294,2022,891000,diesel,1,white,suv,manual,2022,4,mahindra_xuv 300
kolkata,maruti suzuki,dzire,vxi,9578,2022,640000,petrol,1,golden,sedan,manual,2022,4,maruti suzuki_dzire
kolkata,tata,altroz,xz petrol,15292,2022,606000,petrol,2,grey,hatchback,manual,2022,4,tata_altroz
kolkata,tata,tiago,revotron xz plus,51650,2021,508000,petrol,1,red,hatchback,manual,2021,5,tata_tiago
kolkata,maruti suzuki,ciaz,delta at petrol,23895,2021,695000,petrol,1,blue,sedan,automatic,2021,5,maruti suzuki_ciaz
kolkata,hyundai,new i20,asta (o) 1.0 turbo dct,8629,2022,961000,petrol,1,blue,hatchback,automatic,2022,4,hyundai_new i20
kolkata,maruti suzuki,xl6,alpha mt petrol,27846,2021,912000,petrol,1,grey,muv,manual,2021,5,maruti suzuki_xl6
kolkata,hyundai,creta,ex petrol,55026,2022,874000,petrol,1,white,suv,manual,2022,4,hyundai_creta
kolkata,maruti suzuki,s-presso,vxi,51407,2021,374000,petrol,1,silver,hatchback,manual,2021,5,maruti suzuki_s-presso
kolkata,kia,carens,prestige plus 1.4 petrol mt 7 str,32859,2022,1097000,petrol,1,grey,muv,manual,2022,4,kia_carens
kolkata,maruti suzuki,baleno,delta 1.2,35447,2018,448000,petrol,1,orange,hatchback,manual,2018,8,maruti suzuki_baleno
kolkata,mahindra,kuv100,k8 6 str,107256,2017,319000,petrol,1,orange,crossover,manual,2017,9,mahindra_kuv100
kolkata,mahindra,xuv 300,w8 (o) petrol,26746,2021,835000,petrol,1,red,suv,manual,2021,5,mahindra_xuv 300
kolkata,renault,kwid,climber 1.0 opt,18424,2022,464000,petrol,1,white,hatchback,manual,2022,4,renault_kwid
kolkata,maruti suzuki,s-cross,alpha,11927,2021,788000,petrol,1,blue,suv,manual,2021,5,maruti suzuki_s-cross
kolkata,maruti suzuki,ciaz,alpha at petrol,45070,2019,694000,petrol,1,brown,sedan,automatic,2019,7,maruti suzuki_ciaz
kolkata,skoda,kushaq,monte carlo 1.0 tsi mt,26579,2022,1185000,petrol,1,white,suv,manual,2022,4,skoda_kushaq
kolkata,maruti suzuki,wagon r 1.0,vxi,34071,2011,220000,petrol,1,red,hatchback,manual,2011,15,maruti suzuki_wagon r 1.0
kolkata,maruti suzuki,swift,zxi plus amt,4416,2023,789000,petrol,1,grey,hatchback,automatic,2023,3,maruti suzuki_swift
kolkata,maruti suzuki,xl6,alpha at petrol,31952,2023,1188673,petrol,1,grey,muv,automatic,2023,3,maruti suzuki_xl6
kolkata,tata,nexon,xz plus (hs),29993,2022,836000,petrol,1,red,suv,manual,2022,4,tata_nexon
kolkata,tata,altroz,xz 1.2,51938,2021,587000,petrol,1,red,hatchback,manual,2021,5,tata_altroz
kolkata,tata,altroz,xt turbo 1.2,45334,2021,575000,petrol,1,blue,hatchback,manual,2021,5,tata_altroz
kolkata,hyundai,new i20,asta (o) 1.2 mt,2191,2024,926000,petrol,1,grey,hatchback,manual,2024,2,hyundai_new i20
kolkata,renault,kwid,climber,16412,2023,481000,petrol,1,white,hatchback,manual,2023,3,renault_kwid
kolkata,tata,altroz,xz plus 1.5,72829,2022,659000,diesel,1,grey,hatchback,manual,2022,4,tata_altroz
kolkata,maruti suzuki,alto 800,vxi,42529,2020,322000,petrol,1,grey,hatchback,manual,2020,6,maruti suzuki_alto 800
kolkata,renault,kwid,climber 1.0 opt,22779,2021,429000,petrol,1,blue,hatchback,manual,2021,5,renault_kwid
kolkata,ford,freestyle,titanium plus 1.5 tdci,57683,2021,567000,diesel,1,red,crossover,manual,2021,5,ford_freestyle
kolkata,tata,altroz,xm plus petrol,2290,2022,672000,petrol,1,blue,hatchback,manual,2025,4,tata_altroz
kolkata,maruti suzuki,wagon r 1.0,lxi,25340,2011,212000,petrol,1,brown,hatchback,manual,2011,15,maruti suzuki_wagon r 1.0
kolkata,maruti suzuki,wagon r 1.0,vxi amt,8438,2018,402000,petrol,1,grey,hatchback,automatic,2018,8,maruti suzuki_wagon r 1.0
kolkata,maruti suzuki,ciaz,zxi+,91119,2016,422000,petrol,1,brown,sedan,manual,2016,10,maruti suzuki_ciaz
kolkata,renault,triber,rxz,34496,2023,648000,petrol,1,brown,muv,manual,2023,3,renault_triber
kolkata,renault,triber,rxz easy-r amt,26562,2021,622000,petrol,1,blue,muv,automatic,2022,5,renault_triber
kolkata,tata,nexon,xz plus (o) dark edition,18421,2022,914000,petrol,1,black,suv,manual,2022,4,tata_nexon
kolkata,mahindra,xuv 300,w8 (o) dual tone diesel,38803,2021,930000,diesel,1,green,suv,manual,2021,5,mahindra_xuv 300
kolkata,maruti suzuki,alto 800,vxi,4623,2022,392000,petrol,1,grey,hatchback,manual,2022,4,maruti suzuki_alto 800
kolkata,honda,city,v 4th gen,70450,2019,725000,petrol,1,red,sedan,manual,2019,7,honda_city
kolkata,skoda,kushaq,style 1.5l tsi mt,33195,2021,1193000,petrol,1,grey,suv,manual,2021,5,skoda_kushaq
kolkata,maruti suzuki,ciaz,zxi+,91053,2016,391000,petrol,2,grey,sedan,manual,2016,10,maruti suzuki_ciaz
kolkata,volkswagen,polo,comfortline 1.2l (p),87319,2013,275000,petrol,1,grey,hatchback,manual,2013,13,volkswagen_polo
kolkata,honda,amaze,vx mt 1.2 petrol,33920,2021,649000,petrol,1,red,sedan,manual,2021,5,honda_amaze
kolkata,maruti suzuki,swift dzire,vxi,64329,2016,360000,petrol,2,black,sedan,manual,2016,10,maruti suzuki_swift dzire
kolkata,honda,amaze,vx cvt 1.2 petrol,20965,2022,786000,petrol,1,brown,sedan,automatic,2022,4,honda_amaze
kolkata,maruti suzuki,swift,lxi,9843,2023,574000,petrol,1,grey,hatchback,manual,2023,3,maruti suzuki_swift
kolkata,mahindra,xuv 300,w8 petrol,31691,2021,763000,petrol,1,green,suv,manual,2021,5,mahindra_xuv 300
kolkata,maruti suzuki,alto 800,vxi,3457,2021,353000,petrol,1,silver,hatchback,manual,2021,5,maruti suzuki_alto 800
kolkata,hyundai,fluidic verna 4s,1.6 crdi sx at,90520,2016,419000,diesel,3,grey,sedan,automatic,2016,10,hyundai_fluidic verna 4s
kolkata,maruti suzuki,s-presso,vxi plus,36347,2022,417000,petrol,1,grey,hatchback,manual,2022,4,maruti suzuki_s-presso
kolkata,hyundai,aura,sx 1.2 (o) petrol,23888,2021,617000,petrol,1,brown,sedan,manual,2021,5,hyundai_aura
kolkata,maruti suzuki,alto k10,vxi,51422,2018,276000,petrol,2,grey,hatchback,manual,2018,8,maruti suzuki_alto k10
kolkata,maruti suzuki,s-presso,vxi plus,81790,2020,334000,petrol,1,grey,hatchback,manual,2020,6,maruti suzuki_s-presso
kolkata,maruti suzuki,swift,vxi,13797,2024,673000,petrol,1,blue,hatchback,manual,2024,2,maruti suzuki_swift
kolkata,maruti suzuki,s-presso,vxi,9643,2023,465000,petrol,1,grey,hatchback,manual,2023,3,maruti suzuki_s-presso
kolkata,honda,amaze,vx mt 1.2 petrol,7296,2022,746000,petrol,1,brown,sedan,manual,2022,4,honda_amaze
kolkata,tata,tiago nrg,xz,97267,2022,470000,petrol,1,red,hatchback,manual,2022,4,tata_tiago nrg
kolkata,renault,kiger,rxz mt,59502,2022,537000,petrol,1,silver,suv,manual,2022,4,renault_kiger
kolkata,maruti suzuki,s-presso,vxi plus,12148,2023,478000,petrol,1,red,hatchback,manual,2023,3,maruti suzuki_s-presso
kolkata,renault,kwid,rxl 0.8,37754,2021,364000,petrol,1,bronze,hatchback,manual,2021,5,renault_kwid
kolkata,kia,seltos,htk plus g,55603,2021,855000,petrol,1,maroon,suv,manual,2021,5,kia_seltos
kolkata,honda,jazz,zx cvt,35075,2022,686000,petrol,1,silver,hatchback,automatic,2022,4,honda_jazz
kolkata,hyundai,grand i10 nios,sportz amt 1.2 kappa vtvt,19549,2021,600000,petrol,1,blue,hatchback,automatic,2021,5,hyundai_grand i10 nios
kolkata,honda,city,vx petrol,58465,2017,577000,petrol,1,brown,sedan,manual,2017,9,honda_city
kolkata,maruti suzuki,s-presso,vxi plus,23935,2021,340000,petrol,3,orange,hatchback,manual,2021,5,maruti suzuki_s-presso
kolkata,renault,kwid,1.0l rxt(o) amt,41962,2020,373000,petrol,1,bronze,hatchback,automatic,2020,6,renault_kwid
kolkata,honda,amaze,vx cvt 1.2 petrol,13322,2022,794000,petrol,1,silver,sedan,automatic,2022,4,honda_amaze
kolkata,hyundai,creta,sx petrol,16573,2022,1248263,petrol,1,silver,suv,manual,2022,4,hyundai_creta
kolkata,hyundai,i20 n line,n8 1.0 turbo dct,25882,2024,1069493,petrol,1,blue,hatchback,automatic,2024,2,hyundai_i20 n line
kolkata,toyota,urban cruiser,premium grade mt dual tone,12710,2022,755000,petrol,2,brown,suv,manual,2022,4,toyota_urban cruiser
kolkata,toyota,corolla altis,g petrol,50836,2017,629000,petrol,1,grey,sedan,manual,2017,9,toyota_corolla altis
kolkata,maruti suzuki,wagon r 1.0,vxi 1.0,52875,2021,441000,petrol,1,brown,hatchback,manual,2021,5,maruti suzuki_wagon r 1.0
kolkata,kia,carens,luxury plus 1.5 diesel 7 str,41004,2022,1249000,diesel,2,silver,muv,manual,2022,4,kia_carens
kolkata,renault,duster,110 ps rxz 4x2 amt,90294,2018,531000,diesel,1,white,suv,automatic,2019,8,renault_duster
kolkata,tata,tiago,revotron xz plus cng,33069,2022,597000,petrol+cng,1,violet,hatchback,manual,2022,4,tata_tiago
kolkata,maruti suzuki,ignis,alpha 1.2 amt,22794,2021,564000,petrol,2,blue,hatchback,automatic,2021,5,maruti suzuki_ignis
kolkata,volkswagen,vento,highline 1.0l tsi,28301,2022,795000,petrol,1,silver,sedan,manual,2022,4,volkswagen_vento
kolkata,hyundai,new i20,asta (o) 1.0 turbo dct,25714,2021,817000,petrol,1,white,hatchback,automatic,2021,5,hyundai_new i20
kolkata,maruti suzuki,baleno,alpha petrol,17951,2023,795000,petrol,1,blue,hatchback,manual,2023,3,maruti suzuki_baleno
kolkata,renault,triber,rxz,84611,2020,482000,petrol,1,silver,muv,manual,2020,6,renault_triber
kolkata,kia,sonet,gtx plus 1.0 dct,65857,2021,848000,petrol,1,black,suv,automatic,2021,5,kia_sonet
kolkata,renault,duster,85 ps rxl diesel,93756,2015,354000,diesel,1,white,suv,manual,2016,11,renault_duster
kolkata,honda,city,v petrol,21188,2021,822000,petrol,1,white,sedan,manual,2021,5,honda_city
kolkata,renault,triber,rxz dual tone,14720,2022,643000,petrol,1,silver,muv,manual,2022,4,renault_triber
kolkata,maruti suzuki,dzire,lxi,25844,2022,515000,petrol,1,grey,sedan,manual,2022,4,maruti suzuki_dzire
kolkata,tata,altroz,xta petrol dct,20341,2022,749000,petrol,1,blue,hatchback,automatic,2023,4,tata_altroz
kolkata,maruti suzuki,s-presso,vxi plus,74321,2022,386000,petrol,1,red,hatchback,manual,2022,4,maruti suzuki_s-presso
kolkata,maruti suzuki,ciaz,zeta at petrol,38188,2022,780000,petrol,1,silver,sedan,automatic,2022,4,maruti suzuki_ciaz
kolkata,maruti suzuki,alto 800,lxi,40527,2016,239000,petrol,1,red,hatchback,manual,2016,10,maruti suzuki_alto 800
kolkata,renault,kwid,climber 1.0 opt,39833,2022,432000,petrol,1,blue,hatchback,manual,2022,4,renault_kwid
kolkata,hyundai,creta,sx opt turbo dct dual tone petrol,59744,2020,1131000,petrol,1,red,suv,automatic,2020,6,hyundai_creta
kolkata,renault,kwid,rxt,31002,2015,219000,petrol,2,silver,hatchback,manual,2016,11,renault_kwid
kolkata,maruti suzuki,alto 800,lxi,25502,2015,195000,petrol,2,silver,hatchback,manual,2015,11,maruti suzuki_alto 800
kolkata,volkswagen,virtus,highline 1.0 tsi mt,25304,2023,1037000,petrol,1,grey,sedan,manual,2023,3,volkswagen_virtus
kolkata,maruti suzuki,alto k10,vxi,53798,2018,295000,petrol,1,red,hatchback,manual,2018,8,maruti suzuki_alto k10
kolkata,volkswagen,virtus,topline 1.0 tsi at,23141,2023,1297000,petrol,1,white,sedan,automatic,2023,3,volkswagen_virtus
kolkata,maruti suzuki,baleno,delta,10848,2021,595000,petrol,1,blue,hatchback,manual,2021,5,maruti suzuki_baleno
kolkata,maruti suzuki,celerio,zxi amt,13492,2023,559000,petrol,1,grey,hatchback,automatic,2023,3,maruti suzuki_celerio
kolkata,volkswagen,polo,trendline 1.2l (p),66097,2015,297000,petrol,1,white,hatchback,manual,2015,11,volkswagen_polo
kolkata,mahindra,scorpio n,z8 l diesel at 4wd 7 str,64118,2022,1859000,diesel,1,white,suv,automatic,2022,4,mahindra_scorpio n
kolkata,maruti suzuki,s-presso,vxi plus,14377,2024,496000,petrol,1,silver,hatchback,manual,2024,2,maruti suzuki_s-presso
kolkata,maruti suzuki,alto 800,vxi plus,11503,2021,357000,petrol,1,black,hatchback,manual,2021,5,maruti suzuki_alto 800
kolkata,tata,altroz,xz 1.5,41439,2021,659000,diesel,1,grey,hatchback,manual,2021,5,tata_altroz
kolkata,maruti suzuki,dzire,zxi cng,28029,2022,696000,petrol+cng,1,brown,sedan,manual,2022,4,maruti suzuki_dzire
kolkata,hyundai,new i20,asta 1.0 turbo imt,33563,2021,710000,petrol,1,blue,hatchback,manual,2021,5,hyundai_new i20
kolkata,skoda,kushaq,style 1.0l tsi mt,22129,2022,1150000,petrol,1,white,suv,manual,2022,4,skoda_kushaq
kolkata,maruti suzuki,baleno,alpha amt petrol,27170,2022,715000,petrol,2,silver,hatchback,automatic,2022,4,maruti suzuki_baleno
kolkata,maruti suzuki,alto 800,lxi (o),17291,2022,345000,petrol,1,red,hatchback,manual,2022,4,maruti suzuki_alto 800
kolkata,hyundai,grand i10,magna 1.2 kappa vtvt,31142,2016,298000,petrol,2,maroon,hatchback,manual,2017,10,hyundai_grand i10
kolkata,renault,kwid,rxl,29864,2019,276000,petrol,1,grey,hatchback,manual,2019,7,renault_kwid
kolkata,honda,city,sv,76961,2016,356000,petrol,1,grey,sedan,manual,2016,10,honda_city
kolkata,maruti suzuki,celerio,vxi,52853,2014,233000,petrol,2,red,hatchback,manual,2014,12,maruti suzuki_celerio
kolkata,maruti suzuki,dzire,vxi,14228,2018,494000,petrol,1,blue,sedan,manual,2018,8,maruti suzuki_dzire
kolkata,renault,kiger,rxt turbo cvt,10093,2022,747000,petrol,1,white,suv,automatic,2022,4,renault_kiger
kolkata,datsun,redi-go,1.0 gold,54745,2018,238000,petrol,1,white,hatchback,manual,2018,8,datsun_redi-go
kolkata,mg motors,hector,sharp 2.0 diesel turbo mt,36592,2022,1445000,diesel,1,grey,suv,manual,2022,4,mg motors_hector
kolkata,maruti suzuki,celerio,zxi,37882,2022,460000,petrol,1,silver,hatchback,manual,2022,4,maruti suzuki_celerio
kolkata,skoda,slavia,style 1.5l tsi at,11352,2022,1375045,petrol,1,grey,sedan,automatic,2022,4,skoda_slavia
kolkata,hyundai,verna,sx (o)1.5 mpi,61472,2021,925000,petrol,1,silver,sedan,manual,2021,5,hyundai_verna
kolkata,honda,amaze,1.2 vx cvt i-vtec,25325,2021,701000,petrol,1,grey,sedan,automatic,2021,5,honda_amaze
kolkata,hyundai,venue,s(o) 1.2,29671,2023,794000,petrol,1,grey,suv,manual,2023,3,hyundai_venue
kolkata,hyundai,verna,sx (o)1.5 mpi,96787,2020,835000,petrol,1,white,sedan,manual,2020,6,hyundai_verna
kolkata,skoda,rapid new,style petrol at,36704,2018,597000,petrol,1,grey,sedan,automatic,2018,8,skoda_rapid new
kolkata,maruti suzuki,celerio,zxi plus,15878,2022,533000,petrol,1,silver,hatchback,manual,2022,4,maruti suzuki_celerio
kolkata,ford,freestyle,titanium plus 1.5 tdci,44211,2020,529000,diesel,1,golden,crossover,manual,2020,6,ford_freestyle
kolkata,mahindra,xuv 300,w8 (o) diesel,86267,2020,725000,diesel,1,grey,suv,manual,2020,6,mahindra_xuv 300
kolkata,hyundai,creta,ex petrol,50511,2021,819000,petrol,1,red,suv,manual,2021,5,hyundai_creta
kolkata,kia,seltos,htx plus d,83980,2021,1075045,diesel,1,white,suv,manual,2021,5,kia_seltos
kolkata,ford,freestyle,titanium 1.5 tdci,101381,2018,398000,diesel,1,beige,crossover,manual,2019,8,ford_freestyle
kolkata,mahindra,xuv 300,w8 (o) amt petrol,5917,2023,855000,petrol,3,white,suv,automatic,2023,3,mahindra_xuv 300
kolkata,renault,kwid,rxl,100135,2017,204000,petrol,1,bronze,hatchback,manual,2017,9,renault_kwid
kolkata,hyundai,i10,magna 1.1 irde2,41337,2015,252000,petrol,1,silver,hatchback,manual,2015,11,hyundai_i10
kolkata,hyundai,grand i10,asta 1.2 kappa vtvt,48827,2016,334000,petrol,2,silver,hatchback,manual,2016,10,hyundai_grand i10
kolkata,maruti suzuki,swift dzire,zxi,35896,2017,425000,petrol,1,grey,sedan,manual,2017,9,maruti suzuki_swift dzire
kolkata,tata,nexon,xz plus,18861,2023,865000,petrol,1,white,suv,manual,2023,3,tata_nexon
kolkata,mahindra,thar,lx 4 str convertible diesel at 4wd,41753,2021,1150000,diesel,1,brown,suv,automatic,2021,5,mahindra_thar
kolkata,mahindra,xuv 300,w8 (o) diesel,67812,2020,734000,diesel,1,white,suv,manual,2020,6,mahindra_xuv 300
kolkata,mahindra,thar,lx hard top petrol mt 4wd,17376,2021,1107873,petrol,1,black,suv,manual,2021,5,mahindra_thar
kolkata,hyundai,grand i10,sportz 1.2 kappa vtvt,65445,2018,389000,petrol,1,grey,hatchback,manual,2018,8,hyundai_grand i10
kolkata,hyundai,grand i10,asta 1.2 kappa vtvt,97430,2017,375000,petrol,1,blue,hatchback,manual,2017,9,hyundai_grand i10
kolkata,honda,city,v,43317,2016,399000,petrol,1,brown,sedan,manual,2017,10,honda_city
kolkata,tata,tiago,revotron xz,47494,2016,323000,petrol,1,yellow,hatchback,manual,2016,10,tata_tiago
kolkata,renault,kwid,climber 1.0 amt,16884,2019,359000,petrol,1,blue,hatchback,automatic,2019,7,renault_kwid
kolkata,maruti suzuki,ignis,zeta 1.2 mt,26740,2022,565000,petrol,1,blue,hatchback,manual,2022,4,maruti suzuki_ignis
kolkata,mahindra,scorpio n,z8 l diesel at 2wd 7 str,24581,2024,1988495,diesel,1,white,suv,automatic,2024,2,mahindra_scorpio n
kolkata,renault,kiger,rxz amt,14660,2021,641000,petrol,1,blue,suv,automatic,2021,5,renault_kiger
kolkata,nissan,magnite,xv premium turbo (o) dual tone,19162,2021,620000,petrol,2,red,suv,manual,2021,5,nissan_magnite
kolkata,maruti suzuki,celerio,zxi amt,7128,2018,388000,petrol,1,silver,hatchback,automatic,2018,8,maruti suzuki_celerio
kolkata,hyundai,new santro 1.1,asta mt,124868,2019,311000,petrol,1,golden,hatchback,manual,2020,7,hyundai_new santro 1.1
kolkata,maruti suzuki,swift,lxi,5409,2021,529000,petrol,1,grey,hatchback,manual,2021,5,maruti suzuki_swift
kolkata,tata,nexon,xm,42740,2018,489000,petrol,1,grey,suv,manual,2018,8,tata_nexon
kolkata,renault,kwid,rxt 1.0 sce special (o),73533,2018,265000,petrol,2,brown,hatchback,manual,2018,8,renault_kwid
kolkata,maruti suzuki,swift,vdi,32884,2018,529000,diesel,1,orange,hatchback,manual,2018,8,maruti suzuki_swift
kolkata,maruti suzuki,alto 800,lxi,21404,2019,281000,petrol,1,red,hatchback,manual,2019,7,maruti suzuki_alto 800
kolkata,hyundai,grand i10 nios,asta 1.2 kappa vtvt,22451,2021,616000,petrol,1,red,hatchback,manual,2021,5,hyundai_grand i10 nios
kolkata,maruti suzuki,baleno,alpha 1.2,43623,2016,441000,petrol,2,silver,hatchback,manual,2016,10,maruti suzuki_baleno
kolkata,maruti suzuki,swift,zxi plus amt,43470,2020,609000,petrol,1,silver,hatchback,automatic,2020,6,maruti suzuki_swift
kolkata,maruti suzuki,wagon r,zxi 1.2 ags,9643,2022,557000,petrol,1,grey,hatchback,automatic,2022,4,maruti suzuki_wagon r
kolkata,maruti suzuki,swift dzire,zdi,56186,2013,340000,diesel,1,blue,sedan,manual,2013,13,maruti suzuki_swift dzire
kolkata,hyundai,creta,sx petrol,41899,2022,1157363,petrol,1,red,suv,manual,2022,4,hyundai_creta
kolkata,hyundai,grand i10,magna 1.2 kappa vtvt,50715,2015,299000,petrol,1,silver,hatchback,manual,2015,11,hyundai_grand i10
kolkata,volkswagen,ameo,comfortline 1.2l (p),67206,2017,307000,petrol,2,blue,sedan,manual,2017,9,volkswagen_ameo
kolkata,maruti suzuki,alto 800,lxi,19345,2016,229000,petrol,2,green,hatchback,manual,2016,10,maruti suzuki_alto 800
kolkata,mahindra,xuv 300,w8 (o) diesel,53173,2022,899000,diesel,1,white,suv,manual,2022,4,mahindra_xuv 300
kolkata,hyundai,elite i20,sportz plus 1.2,13396,2019,532000,petrol,1,grey,hatchback,manual,2019,7,hyundai_elite i20
kolkata,tata,nexon,xm,17375,2021,664000,petrol,1,green,suv,manual,2021,5,tata_nexon
kolkata,volkswagen,vento,highline plus 1.0l tsi petrol at,45243,2021,789000,petrol,1,red,sedan,automatic,2021,5,volkswagen_vento
kolkata,tata,tiago,xz plus,9830,2022,580000,petrol,1,grey,hatchback,manual,2023,4,tata_tiago
kolkata,honda,city,v petrol,25492,2022,897000,petrol,1,white,sedan,manual,2022,4,honda_city
kolkata,maruti suzuki,baleno,delta,23887,2019,506000,petrol,1,blue,hatchback,manual,2019,7,maruti suzuki_baleno
kolkata,hyundai,venue,sx 1.0  turbo,51203,2021,650000,petrol,2,silver,suv,manual,2021,5,hyundai_venue
kolkata,hyundai,grand i10 nios,asta u2 1.2 crdi,14121,2020,654000,diesel,1,blue,hatchback,manual,2020,6,hyundai_grand i10 nios
kolkata,hyundai,eon,sportz,16905,2017,279000,petrol,1,blue,hatchback,manual,2017,9,hyundai_eon
kolkata,renault,kwid,rxt,16186,2017,268000,petrol,1,bronze,hatchback,manual,2017,9,renault_kwid
kolkata,maruti suzuki,celerio,vxi (o) amt,30396,2017,316000,petrol,2,grey,hatchback,automatic,2017,9,maruti suzuki_celerio
kolkata,maruti suzuki,baleno,delta ags,3261,2023,696000,petrol,1,white,hatchback,automatic,2024,3,maruti suzuki_baleno
kolkata,maruti suzuki,baleno,zeta 1.2,43353,2016,455000,petrol,1,grey,hatchback,manual,2016,10,maruti suzuki_baleno
kolkata,maruti suzuki,s-presso,vxi plus,13182,2021,374000,petrol,2,red,hatchback,manual,2021,5,maruti suzuki_s-presso
kolkata,maruti suzuki,ignis,zeta mt petrol,41285,2020,480000,petrol,1,grey,hatchback,manual,2020,6,maruti suzuki_ignis
kolkata,hyundai,grand i10,magna 1.2 kappa vtvt,41352,2015,301000,petrol,1,grey,hatchback,manual,2016,11,hyundai_grand i10
kolkata,renault,kwid,rxl(o) 1.0,5823,2024,459000,petrol,1,blue,hatchback,manual,2024,2,renault_kwid
kolkata,nissan,magnite,xv premium turbo cvt (o),34603,2021,723000,petrol,1,black,suv,automatic,2021,5,nissan_magnite
kolkata,maruti suzuki,celerio,zxi plus,13301,2023,571000,petrol,1,red,hatchback,manual,2023,3,maruti suzuki_celerio
kolkata,maruti suzuki,alto 800,lxi,19523,2014,225000,petrol,1,silver,hatchback,manual,2014,12,maruti suzuki_alto 800
kolkata,hyundai,exter,sx 1.2 mt,381,2025,818000,petrol,1,green,suv,manual,2025,1,hyundai_exter
kolkata,skoda,slavia,ambition 1.0l tsi mt,20230,2022,884000,petrol,2,red,sedan,manual,2022,4,skoda_slavia
kolkata,kia,seltos,htk plus d,65497,2020,857000,diesel,1,grey,suv,manual,2020,6,kia_seltos
kolkata,tata,altroz,xz plus 1.5 dark edition,11933,2022,750000,diesel,1,black,hatchback,manual,2022,4,tata_altroz
kolkata,volkswagen,polo,trendline 1.0 (p),50556,2020,428000,petrol,1,silver,hatchback,manual,2020,6,volkswagen_polo
bangalore,ford,freestyle,titanium plus 1.2 ti-vct,19627,2021,695000,petrol,1,white,crossover,manual,2021,5,ford_freestyle
bangalore,tata,nexon,xm,49322,2019,666000,petrol,1,orange,suv,manual,2019,7,tata_nexon
bangalore,audi,a3,35 tdi premium + sunroof,62427,2016,1716858,diesel,2,silver,sedan,automatic,2017,10,audi_a3
bangalore,maruti suzuki,alto k10,vxi amt (o),48489,2017,308000,petrol,3,white,hatchback,automatic,2017,9,maruti suzuki_alto k10
bangalore,hyundai,grand i10 nios,sportz amt 1.2 kappa vtvt,3247,2022,737000,petrol,1,blue,hatchback,automatic,2022,4,hyundai_grand i10 nios
bangalore,maruti suzuki,ciaz,zxi+,73108,2015,515000,petrol,2,grey,sedan,manual,2015,11,maruti suzuki_ciaz
bangalore,honda,amaze,1.2 vx i-vtec,49825,2015,477000,petrol,1,grey,sedan,manual,2015,11,honda_amaze
bangalore,renault,kwid,rxt 1.0 amt (o),33963,2021,468000,petrol,1,bronze,hatchback,automatic,2021,5,renault_kwid
bangalore,honda,brio,s mt,117555,2012,274000,petrol,1,red,hatchback,manual,2012,14,honda_brio
bangalore,maruti suzuki,s-cross,zeta 1.3,111560,2017,642000,diesel,1,grey,suv,manual,2017,9,maruti suzuki_s-cross
bangalore,renault,kwid,1.0 rxt amt opt,31589,2019,378000,petrol,2,white,hatchback,automatic,2019,7,renault_kwid
bangalore,renault,kwid,climber amt,32122,2023,579000,petrol,1,white,hatchback,automatic,2023,3,renault_kwid
bangalore,maruti suzuki,wagon r,vxi,9645,2018,455000,petrol,1,grey,hatchback,manual,2018,8,maruti suzuki_wagon r
bangalore,hyundai,grand i10,sportz 1.2 kappa vtvt,50019,2015,427000,petrol,1,blue,hatchback,manual,2015,11,hyundai_grand i10
bangalore,tata,tiago,revotron xz w/o alloy,66051,2019,429000,petrol,2,brown,hatchback,manual,2019,7,tata_tiago
bangalore,mercedes-benz,c-class,c 300d amg line,50563,2019,3534858,diesel,2,blue,sedan,automatic,2020,7,mercedes-benz_c-class
bangalore,maruti suzuki,ciaz,zxi+,24200,2017,691000,petrol,1,grey,sedan,manual,2017,9,maruti suzuki_ciaz
bangalore,mercedes-benz,c-class,edition c,44055,2017,2524858,diesel,1,blue,sedan,automatic,2017,9,mercedes-benz_c-class
bangalore,mercedes-benz,e-class,e200 expression,35474,2018,3686358,petrol,1,white,sedan,automatic,2018,8,mercedes-benz_e-class
bangalore,audi,q5,40 tdi technology,64875,2019,3383358,diesel,1,black,suv,automatic,2019,7,audi_q5
bangalore,nissan,micra active,xv,36822,2016,360000,petrol,2,black,hatchback,manual,2016,10,nissan_micra active
bangalore,hyundai,grand i10,magna 1.2 kappa vtvt,56293,2018,402000,petrol,3,orange,hatchback,manual,2018,8,hyundai_grand i10
bangalore,kia,seltos,htk plus 1.5 imt,10402,2023,1335123,petrol,1,white,suv,manual,2023,3,kia_seltos
bangalore,audi,q5,2.0 tdi quattro premium,52487,2014,1767358,diesel,2,blue,suv,automatic,2014,12,audi_q5
bangalore,jeep,compass,80 anniversary 1.4 petrol dct,30139,2021,2120858,petrol,1,red,suv,automatic,2021,5,jeep_compass
bangalore,hyundai,grand i10,sportz 1.2 kappa vtvt,37984,2017,495000,petrol,1,red,hatchback,manual,2017,9,hyundai_grand i10
bangalore,hyundai,verna,sx (o) 1.0 turbo dct,91833,2020,1090703,petrol,1,grey,sedan,automatic,2021,6,hyundai_verna
bangalore,kia,carens,luxury plus 1.5 diesel at 7 str,8829,2023,1759323,diesel,1,white,muv,automatic,2023,3,kia_carens
bangalore,maruti suzuki,brezza,zxi s-cng,6348,2023,1253313,cng,1,white,suv,manual,2023,3,maruti suzuki_brezza
bangalore,renault,kwid,climber 1.0 amt,30195,2018,376000,petrol,2,blue,hatchback,automatic,2018,8,renault_kwid
bangalore,mg motors,hector,sharp 2.0 diesel turbo mt,37319,2023,1839113,diesel,1,black,suv,manual,2023,3,mg motors_hector
bangalore,mahindra,thar,lx hard top petrol mt 4wd,20535,2022,1362295,petrol,1,brown,suv,manual,2022,4,mahindra_thar
bangalore,renault,kwid,rxt,113521,2016,265000,petrol,1,white,hatchback,manual,2016,10,renault_kwid
bangalore,hyundai,venue,sx 1.4 crdi,81095,2019,838000,diesel,1,white,suv,manual,2019,7,hyundai_venue
bangalore,jeep,compass,limited (o) 1.4 petrol dct,38297,2022,2373358,petrol,1,red,suv,automatic,2023,4,jeep_compass
bangalore,renault,kwid,1.0 rxt amt,36702,2018,371000,petrol,2,bronze,hatchback,automatic,2018,8,renault_kwid
bangalore,skoda,kushaq,style 1.5l tsi dsg (6 airbags),55371,2021,1422993,petrol,1,white,suv,automatic,2022,5,skoda_kushaq
bangalore,toyota,etios,vx,31211,2019,639000,petrol,1,grey,sedan,manual,2019,7,toyota_etios
bangalore,kia,sonet,htk plus 1.0 imt,64125,2022,852000,petrol,1,grey,suv,manual,2022,4,kia_sonet
bangalore,maruti suzuki,swift,vdi amt,95511,2018,582000,diesel,1,grey,hatchback,automatic,2018,8,maruti suzuki_swift
bangalore,kia,carens,luxury plus 1.5 turbo petrol dct 7 str,10677,2023,1888603,petrol,1,red,muv,automatic,2023,3,kia_carens
bangalore,renault,duster,110 ps rxz 4x2 mt diesel,83996,2017,675000,diesel,1,red,suv,manual,2017,9,renault_duster
bangalore,hyundai,grand i10,asta at 1.2 kappa vtvt,76473,2014,398000,petrol,2,red,hatchback,automatic,2014,12,hyundai_grand i10
bangalore,honda,amaze,vx cvt 1.2 petrol,15985,2022,876000,petrol,1,brown,sedan,automatic,2022,4,honda_amaze
bangalore,maruti suzuki,s-presso,vxi plus amt,18760,2020,474000,petrol,1,grey,hatchback,automatic,2020,6,maruti suzuki_s-presso
bangalore,toyota,glanza,v amt,16341,2023,912000,petrol,1,white,hatchback,automatic,2023,3,toyota_glanza
bangalore,maruti suzuki,vitara brezza,zdi ags,44969,2018,854000,diesel,1,red,suv,automatic,2018,8,maruti suzuki_vitara brezza
bangalore,kia,seltos,gtx at 1.4,51271,2020,1303813,petrol,1,grey,suv,automatic,2020,6,kia_seltos
bangalore,maruti suzuki,brezza,zxi plus,36028,2023,1196753,petrol,1,white,suv,manual,2023,3,maruti suzuki_brezza
bangalore,hyundai,venue,s 1.2 petrol,16071,2024,914000,petrol,1,white,suv,manual,2024,2,hyundai_venue
bangalore,honda,city,1.5 s mt,109202,2011,291000,petrol,2,beige,sedan,manual,2011,15,honda_city
bangalore,maruti suzuki,xl6,alpha plus at petrol,23560,2022,1329000,petrol,1,white,muv,automatic,2022,4,maruti suzuki_xl6
bangalore,maruti suzuki,s-cross,alpha 1.3,39967,2017,726000,diesel,2,grey,suv,manual,2017,9,maruti suzuki_s-cross
bangalore,hyundai,verna,sx (o)1.6 vtvt,51847,2019,934000,petrol,1,brown,sedan,manual,2019,7,hyundai_verna
bangalore,maruti suzuki,s-presso,vxi plus amt,123554,2020,398000,petrol,1,red,hatchback,automatic,2020,6,maruti suzuki_s-presso
bangalore,mahindra,kuv100,k8 6 str,24839,2016,397000,petrol,2,silver,crossover,manual,2016,10,mahindra_kuv100
bangalore,volvo,xc40,d4 r-design,61552,2018,2676358,diesel,1,white,suv,automatic,2019,8,volvo_xc40
bangalore,jeep,compass,limited (o) 1.4 petrol dct,51826,2022,2221858,petrol,1,blue,suv,automatic,2022,4,jeep_compass
bangalore,mg motors,gloster,savvy 2.0 twin turbo 6 str 4wd,59379,2021,3004608,diesel,1,red,suv,automatic,2021,5,mg motors_gloster
bangalore,jaguar,xf,2.0l diesel prestige,41855,2017,2524858,diesel,1,red,sedan,automatic,2017,9,jaguar_xf
bangalore,hyundai,i20,asta 1.4 at with avn,80784,2012,363000,petrol,2,grey,hatchback,automatic,2012,14,hyundai_i20
bangalore,honda,mobilio,v petrol,103825,2014,475000,petrol,1,red,muv,manual,2014,12,honda_mobilio
bangalore,mahindra,thar,lx hard top petrol at 4wd,24898,2022,1332093,petrol,2,red,suv,automatic,2022,4,mahindra_thar
bangalore,honda,wr-v,vx mt petrol,53105,2017,636000,petrol,1,white,suv,manual,2017,9,honda_wr-v
bangalore,mahindra,thar,lx hard top petrol at 4wd,35235,2021,1230995,petrol,2,grey,suv,automatic,2021,5,mahindra_thar
bangalore,kia,seltos,htx g,38645,2023,1458343,petrol,1,silver,suv,manual,2023,3,kia_seltos
bangalore,honda,city,vx diesel,120956,2014,549000,diesel,1,brown,sedan,manual,2015,12,honda_city
bangalore,maruti suzuki,brezza,zxi plus dual tone,21361,2022,1086663,petrol,2,red,suv,manual,2022,4,maruti suzuki_brezza
bangalore,hyundai,grand i10,asta at 1.2 kappa vtvt,59224,2015,398000,petrol,3,white,hatchback,automatic,2015,11,hyundai_grand i10
bangalore,maruti suzuki,vitara brezza,ldi (o),80550,2018,674000,diesel,1,white,suv,manual,2018,8,maruti suzuki_vitara brezza
bangalore,maruti suzuki,ciaz,alpha hybrid 1.5 at,28026,2020,927000,petrol,1,blue,sedan,automatic,2020,6,maruti suzuki_ciaz
bangalore,mg motors,astor,sharp 1.5 mt,17062,2023,1374468,petrol,1,black,suv,manual,2023,3,mg motors_astor
bangalore,volkswagen,vento,highline diesel,64882,2015,508000,diesel,3,brown,sedan,manual,2015,11,volkswagen_vento
bangalore,hyundai,verna,sx (o) 1.5 vtvt ivt,17274,2021,1299773,petrol,1,blue,sedan,automatic,2021,5,hyundai_verna
bangalore,mahindra,xuv700,ax 7 petrol at luxury pack 7 str,13439,2022,2276000,petrol,1,silver,suv,automatic,2022,4,mahindra_xuv700
bangalore,skoda,kushaq,ambition 1.0l tsi mt,19596,2021,1122994,petrol,1,red,suv,manual,2021,5,skoda_kushaq
bangalore,kia,carens,luxury plus 1.5 diesel at 7 str,10869,2023,1931023,diesel,1,silver,muv,automatic,2023,3,kia_carens
bangalore,maruti suzuki,brezza,zxi plus,38098,2022,1144233,petrol,1,silver,suv,manual,2022,4,maruti suzuki_brezza
bangalore,renault,kwid,climber amt,21664,2023,575000,petrol,1,silver,hatchback,automatic,2024,3,renault_kwid
bangalore,honda,city,v petrol,61851,2022,976000,petrol,1,grey,sedan,manual,2022,4,honda_city
bangalore,honda,wr-v,vx mt diesel,84009,2021,941000,diesel,1,white,suv,manual,2021,5,honda_wr-v
bangalore,hyundai,new santro 1.1,sportz executive cng,103863,2021,620000,petrol+cng,1,silver,hatchback,manual,2021,5,hyundai_new santro 1.1
bangalore,mahindra,scorpio n,z8 petrol at 7 str,20276,2023,1849115,petrol,2,white,suv,automatic,2023,3,mahindra_scorpio n
bangalore,mahindra,xuv500,w8 at,71580,2016,1062423,diesel,1,silver,suv,automatic,2016,10,mahindra_xuv500
bangalore,honda,amaze,1.2 vx i-vtec,44571,2013,419000,petrol,1,white,sedan,manual,2013,13,honda_amaze
bangalore,volkswagen,polo,highline1.2l (p),73361,2013,414000,petrol,2,blue,hatchback,manual,2013,13,volkswagen_polo
bangalore,volkswagen,polo,highline1.2l (p),88999,2014,414000,petrol,2,silver,hatchback,manual,2014,12,volkswagen_polo
bangalore,hyundai,creta,1.6 sx plus petrol,44660,2017,920000,petrol,1,red,suv,manual,2017,9,hyundai_creta
bangalore,tata,nexon,xz plus diesel s,48907,2021,1072523,diesel,1,green,suv,manual,2021,5,tata_nexon
bangalore,renault,kwid,rxl,65167,2017,308000,petrol,1,grey,hatchback,manual,2017,9,renault_kwid
bangalore,maruti suzuki,a-star,zxi,57922,2013,308000,petrol,1,grey,hatchback,manual,2013,13,maruti suzuki_a-star
bangalore,honda,jazz,vx cvt petrol,46763,2018,648000,petrol,1,brown,hatchback,automatic,2018,8,honda_jazz
bangalore,renault,kiger,rxz amt,20846,2021,705000,petrol,1,white,suv,automatic,2021,5,renault_kiger
bangalore,hyundai,creta,sx(o) 1.6l vtvt petrol + cng(outside fitted),44038,2019,1073000,cng,2,red,suv,manual,2019,7,hyundai_creta
bangalore,ford,figo,duratec petrol zxi 1.2,78066,2011,219000,petrol,2,black,hatchback,manual,2011,15,ford_figo
bangalore,kia,sonet,htx 1.0 imt,21828,2022,1044243,petrol,1,white,suv,manual,2022,4,kia_sonet
bangalore,volkswagen,polo,comfortline 1.2l (p),26932,2017,566000,petrol,2,brown,hatchback,manual,2017,9,volkswagen_polo
bangalore,honda,brio,vx at,69556,2016,425000,petrol,2,grey,hatchback,automatic,2016,10,honda_brio
bangalore,maruti suzuki,alto k10,vxi amt,105316,2015,275000,petrol,2,orange,hatchback,automatic,2015,11,maruti suzuki_alto k10
bangalore,hyundai,exter,sx (o) connect 1.2 amt,7962,2024,998000,petrol,1,blue,suv,automatic,2024,2,hyundai_exter
bangalore,mahindra,xuv500,w10 at,149792,2016,982000,diesel,1,purple,suv,automatic,2016,10,mahindra_xuv500
bangalore,maruti suzuki,wagon r 1.0,vxi amt (o),60330,2017,435000,petrol,1,grey,hatchback,automatic,2017,9,maruti suzuki_wagon r 1.0
bangalore,hyundai,creta,1.6 sx at vtvt,33208,2019,1098783,petrol,2,red,suv,automatic,2019,7,hyundai_creta
bangalore,honda,city,zx petrol,30844,2021,1181558,petrol,1,brown,sedan,manual,2021,5,honda_city
bangalore,renault,kiger,rxz turbo cvt dual tone,36225,2022,917000,petrol,1,silver,suv,automatic,2022,4,renault_kiger
bangalore,honda,amaze,vx 1.2 petrol cvt,27267,2023,899000,petrol,1,grey,sedan,automatic,2023,3,honda_amaze
bangalore,hyundai,grand i10,asta 1.2 kappa vtvt,55022,2019,585000,petrol,1,red,hatchback,manual,2019,7,hyundai_grand i10
bangalore,nissan,sunny,xl,100801,2013,343000,petrol,1,grey,sedan,manual,2013,13,nissan_sunny
bangalore,ford,figo,titanium 1.2 ti-vct,18913,2017,464000,petrol,1,grey,hatchback,manual,2017,9,ford_figo
bangalore,volkswagen,vento,1.2l highline petrol at,93685,2016,614000,petrol,1,brown,sedan,automatic,2016,10,volkswagen_vento
bangalore,honda,wr-v,vx mt petrol,46559,2021,797000,petrol,1,red,suv,manual,2021,5,honda_wr-v
bangalore,hyundai,creta,1.6 sx plus auto petrol,68637,2016,867000,petrol,1,silver,suv,automatic,2016,10,hyundai_creta
bangalore,hyundai,elite i20,asta 1.2,75888,2016,581000,petrol,1,grey,hatchback,manual,2017,10,hyundai_elite i20
bangalore,mahindra,scorpio n,z8 l diesel at 2wd 7 str,14601,2024,2364313,diesel,1,red,suv,automatic,2024,2,mahindra_scorpio n
bangalore,hyundai,xcent,s at 1.2 (o),64213,2014,433000,petrol,1,blue,sedan,automatic,2014,12,hyundai_xcent
bangalore,maruti suzuki,vitara brezza,zdi+ dual tone,90072,2018,821000,diesel,1,blue,suv,manual,2018,8,maruti suzuki_vitara brezza
bangalore,toyota,glanza,v amt,9867,2023,932000,petrol,1,red,hatchback,automatic,2023,3,toyota_glanza
bangalore,mahindra,xuv500,w9,102327,2019,1149000,diesel,1,black,suv,manual,2019,7,mahindra_xuv500
bangalore,hyundai,i20,sportz 1.4 crdi,100735,2014,461000,diesel,1,blue,hatchback,manual,2014,12,hyundai_i20
bangalore,kia,seltos,htx 1.5,37462,2021,1290683,petrol,1,silver,suv,manual,2021,5,kia_seltos
bangalore,datsun,redi-go,t (o),46834,2017,241000,petrol,2,red,hatchback,manual,2017,9,datsun_redi-go
bangalore,maruti suzuki,swift dzire,vxi 1.2 bs-iv,84606,2011,339000,petrol,1,beige,sedan,manual,2011,15,maruti suzuki_swift dzire
bangalore,hyundai,grand i10 nios,asta 1.2 kappa vtvt cng,10014,2022,800000,cng,1,red,hatchback,manual,2022,4,hyundai_grand i10 nios
bangalore,tata,nexon,xz plus,28367,2023,1044198,petrol,1,white,suv,manual,2023,3,tata_nexon
bangalore,maruti suzuki,swift dzire,zxi 1.2 bs-iv,81979,2011,352000,petrol,2,beige,sedan,manual,2011,15,maruti suzuki_swift dzire
bangalore,maruti suzuki,vitara brezza,zdi ags,67835,2018,809000,diesel,1,red,suv,automatic,2018,8,maruti suzuki_vitara brezza
bangalore,toyota,urban cruiser hyryder,v hybrid,34056,2022,1795000,hybrid,1,blue,suv,automatic,2022,4,toyota_urban cruiser hyryder
bangalore,honda,mobilio,v diesel,93638,2014,513000,diesel,2,white,muv,manual,2014,12,honda_mobilio
bangalore,hyundai,creta,1.6 sx plus auto petrol,65453,2016,820000,petrol,2,white,suv,automatic,2016,10,hyundai_creta
bangalore,volkswagen,polo,highline1.2l (p),100271,2015,497000,petrol,2,white,hatchback,manual,2015,11,volkswagen_polo
bangalore,kia,carens,luxury 1.5 turbo petrol imt 7 str,7873,2023,1546213,petrol,1,black,muv,manual,2023,3,kia_carens
bangalore,maruti suzuki,vitara brezza,zxi plus at shvs,44671,2021,1044243,petrol,1,white,suv,automatic,2021,5,maruti suzuki_vitara brezza
bangalore,mahindra,scorpio n,z8 l petrol at 7 str,21829,2022,1987583,petrol,1,black,suv,automatic,2024,4,mahindra_scorpio n
bangalore,kia,seltos,htx g,42839,2021,1274523,petrol,1,black,suv,manual,2021,5,kia_seltos
bangalore,toyota,glanza,v,11520,2024,932000,petrol,1,white,hatchback,manual,2025,2,toyota_glanza
bangalore,toyota,etios liva,vx dual tone,43485,2019,639000,petrol,1,red,hatchback,manual,2019,7,toyota_etios liva
bangalore,nissan,micra,xv cvt,78136,2017,429000,petrol,1,red,hatchback,automatic,2017,9,nissan_micra
bangalore,honda,city,vx cvt,95863,2014,590000,petrol,1,grey,sedan,automatic,2014,12,honda_city
bangalore,toyota,urban cruiser hyryder,v hybrid,82815,2022,1801743,hybrid,1,white,suv,automatic,2022,4,toyota_urban cruiser hyryder
bangalore,skoda,kushaq,monte carlo 1.5 tsi dsg,101103,2023,1579498,petrol,1,white,suv,automatic,2023,3,skoda_kushaq
bangalore,kia,seltos,htx+ g1.5 t-gdi petrol imt,27708,2023,1785583,petrol,1,red,suv,manual,2023,3,kia_seltos
bangalore,maruti suzuki,ciaz,s 1.5 mt,22786,2022,910000,petrol,2,white,sedan,manual,2022,4,maruti suzuki_ciaz
bangalore,hyundai,eon,1.0 kappa magna + (o),29258,2016,349000,petrol,1,grey,hatchback,manual,2016,10,hyundai_eon
bangalore,hyundai,verna,sx (o) 1.5 turbo petrol dct,7337,2024,1730998,petrol,1,red,sedan,automatic,2024,2,hyundai_verna
bangalore,hyundai,venue,sx (o) 1.0 turbo imt,52888,2021,917000,petrol,2,white,suv,manual,2021,5,hyundai_venue
bangalore,hyundai,creta,1.6 sx at,74158,2018,1150195,diesel,1,black,suv,automatic,2018,8,hyundai_creta
bangalore,hyundai,creta,sx opt turbo dct petrol,113250,2021,1488643,petrol,1,black,suv,automatic,2021,5,hyundai_creta
bangalore,ford,figo,titanium 1.2 ti-vct,30480,2016,437000,petrol,1,black,hatchback,manual,2016,10,ford_figo
bangalore,ford,ecosport,trend 1.5l ti-vct,79088,2019,598000,petrol,2,grey,suv,manual,2019,7,ford_ecosport
bangalore,renault,triber,rxz easy-r amt,14120,2024,853000,petrol,1,white,muv,automatic,2024,2,renault_triber
bangalore,volkswagen,ameo,comfortline 1.2l (p),82510,2016,394000,petrol,2,grey,sedan,manual,2016,10,volkswagen_ameo
bangalore,maruti suzuki,grand vitara,alpha plus intelligent hybrid ecvt,39617,2023,1690643,hybrid,2,blue,suv,automatic,2023,3,maruti suzuki_grand vitara
bangalore,honda,amaze,1.2 vx at i-vtec,96971,2015,472000,petrol,1,white,sedan,automatic,2016,11,honda_amaze
bangalore,mg motors,hector,sharp 1.5 dct petrol dual tone,55736,2020,1286598,petrol,1,red,suv,automatic,2020,6,mg motors_hector
bangalore,renault,captur,rxt diesel dual tone,136029,2017,588000,diesel,1,orange,suv,manual,2018,9,renault_captur
bangalore,volkswagen,polo,highline1.2l (p),20120,2012,429000,petrol,1,silver,hatchback,manual,2012,14,volkswagen_polo
bangalore,hyundai,creta,1.6 sx plus auto petrol,53310,2016,927000,petrol,1,red,suv,automatic,2016,10,hyundai_creta
bangalore,maruti suzuki,celerio,vxi amt,99825,2014,339000,petrol,2,grey,hatchback,automatic,2014,12,maruti suzuki_celerio
bangalore,renault,kiger,rxt turbo cvt,47484,2021,751000,petrol,1,white,suv,automatic,2021,5,renault_kiger
bangalore,maruti suzuki,dzire,zxi plus ags,33372,2022,832000,petrol,1,grey,sedan,automatic,2022,4,maruti suzuki_dzire
bangalore,maruti suzuki,ciaz,s petrol,34364,2022,943000,petrol,1,red,sedan,manual,2022,4,maruti suzuki_ciaz
bangalore,toyota,urban cruiser hyryder,v hybrid,23835,2023,1972000,hybrid,1,blue,suv,automatic,2023,3,toyota_urban cruiser hyryder
bangalore,kia,sonet,htk plus 1.0 imt,3927,2023,1044243,petrol,1,red,suv,manual,2023,3,kia_sonet
bangalore,maruti suzuki,ciaz,alpha 1.5,22180,2023,1051268,petrol,1,silver,sedan,manual,2023,3,maruti suzuki_ciaz
bangalore,maruti suzuki,baleno,alpha ags,20536,2022,892000,petrol,1,silver,hatchback,automatic,2022,4,maruti suzuki_baleno
bangalore,kia,sonet,htx 1.0 imt,25180,2022,1044243,petrol,1,white,suv,manual,2023,4,kia_sonet
bangalore,skoda,rapid,ambition 1.5 tdi,79316,2018,654000,diesel,2,white,sedan,manual,2018,8,skoda_rapid
bangalore,maruti suzuki,vitara brezza,ldi,99980,2018,650000,diesel,1,red,suv,manual,2018,8,maruti suzuki_vitara brezza
bangalore,kia,sonet,htx plus 1.0 imt dual tone,25765,2021,1058383,petrol,1,red,suv,manual,2021,5,kia_sonet
bangalore,maruti suzuki,ciaz,alpha hybrid 1.5 at,114358,2019,740000,petrol,1,grey,sedan,automatic,2019,7,maruti suzuki_ciaz
bangalore,hyundai,grand i10,sportz (o) 1.2 kappa vtvt,104599,2017,444000,petrol,1,grey,hatchback,manual,2017,9,hyundai_grand i10
bangalore,maruti suzuki,vitara brezza,zdi+ dual tone,91295,2018,830000,diesel,1,red,suv,manual,2018,8,maruti suzuki_vitara brezza
bangalore,hyundai,venue,sx (o) 1.0 turbo imt,38176,2022,1080603,petrol,1,red,suv,manual,2022,4,hyundai_venue
bangalore,tata,altroz,xza petrol,26827,2022,802000,petrol,1,red,hatchback,automatic,2022,4,tata_altroz
bangalore,maruti suzuki,vitara brezza,zdi,75145,2016,696000,diesel,1,red,suv,manual,2017,10,maruti suzuki_vitara brezza
bangalore,honda,amaze,1.2 vx i-vtec,70978,2014,442000,petrol,1,blue,sedan,manual,2014,12,honda_amaze
bangalore,honda,mobilio,v petrol,78526,2014,463000,petrol,2,silver,muv,manual,2014,12,honda_mobilio
bangalore,volkswagen,polo,highline1.2l (p),105360,2015,483000,petrol,2,orange,hatchback,manual,2015,11,volkswagen_polo
bangalore,tata,nano,twist xt petrol,51141,2014,184000,petrol,1,purple,hatchback,manual,2014,12,tata_nano
bangalore,tata,nexon,xz plus,20280,2021,925000,petrol,1,white,suv,manual,2021,5,tata_nexon
bangalore,honda,br-v,vx petrol,41389,2019,942000,petrol,1,grey,suv,manual,2019,7,honda_br-v
bangalore,maruti suzuki,vitara brezza,zdi,99681,2018,764000,diesel,1,red,suv,manual,2018,8,maruti suzuki_vitara brezza
bangalore,hyundai,venue,sx (o) 1.0 turbo imt,37844,2023,1152313,petrol,1,white,suv,manual,2023,3,hyundai_venue
bangalore,kia,sonet,htx 1.0 imt,30915,2021,931000,petrol,1,red,suv,manual,2021,5,kia_sonet
bangalore,tata,nexon,xz plus diesel s,31968,2023,1257353,diesel,1,white,suv,manual,2023,3,tata_nexon
bangalore,hyundai,i20,asta 1.4 crdi,100041,2013,452000,diesel,1,grey,hatchback,manual,2013,13,hyundai_i20
bangalore,hyundai,venue,sx 1.0 turbo imt,24782,2022,991000,petrol,1,blue,suv,manual,2022,4,hyundai_venue
bangalore,mahindra,scorpio n,z8 l diesel at 2wd 6 str,35883,2023,2201703,diesel,1,black,suv,automatic,2023,3,mahindra_scorpio n
bangalore,mg motors,hector plus,sharp 2.0 diesel turbo mt 6-str,100617,2021,1554098,diesel,2,black,suv,manual,2021,5,mg motors_hector plus
bangalore,maruti suzuki,ciaz,alpha 1.5,105127,2020,735000,petrol,1,blue,sedan,manual,2020,6,maruti suzuki_ciaz
bangalore,maruti suzuki,baleno,alpha mt,26807,2023,874000,petrol,1,white,hatchback,manual,2023,3,maruti suzuki_baleno
bangalore,maruti suzuki,dzire,zxi plus ags,25675,2022,836000,petrol,1,blue,sedan,automatic,2022,4,maruti suzuki_dzire
bangalore,maruti suzuki,alto k10,vxi,45966,2016,299000,petrol,2,silver,hatchback,manual,2016,10,maruti suzuki_alto k10
bangalore,skoda,kushaq,ambition 1.0l tsi at,38015,2021,1202784,petrol,1,red,suv,automatic,2021,5,skoda_kushaq
bangalore,hyundai,i10,magna 1.2 kappa2,70490,2013,315000,petrol,1,black,hatchback,manual,2013,13,hyundai_i10
bangalore,maruti suzuki,vitara brezza,zdi plus dual tone ags,81636,2018,798000,diesel,1,orange,suv,automatic,2018,8,maruti suzuki_vitara brezza
bangalore,hyundai,eon,magna +,34652,2014,297000,petrol,1,grey,hatchback,manual,2014,12,hyundai_eon
bangalore,hyundai,creta,1.6 sx at,82040,2018,1114943,diesel,2,white,suv,automatic,2019,8,hyundai_creta
bangalore,hyundai,new santro 1.1,magna petrol + cng (outside fitted),36647,2021,517000,petrol+cng,1,white,hatchback,manual,2021,5,hyundai_new santro 1.1
bangalore,hyundai,venue,sx 1.0 turbo imt,39573,2022,963000,petrol,1,blue,suv,manual,2022,4,hyundai_venue
bangalore,nissan,sunny,xv,125791,2013,346000,petrol,1,white,sedan,manual,2013,13,nissan_sunny
bangalore,tata,tiago,revotron xm,91817,2017,358000,petrol,2,red,hatchback,manual,2017,9,tata_tiago
bangalore,hyundai,creta,1.6 sx,62350,2019,1162315,diesel,1,grey,suv,manual,2019,7,hyundai_creta
bangalore,skoda,rapid,ambition at,113358,2021,770000,petrol,1,silver,sedan,automatic,2021,5,skoda_rapid
bangalore,hyundai,xcent,s,26869,2018,537000,petrol,1,silver,sedan,manual,2018,8,hyundai_xcent
bangalore,maruti suzuki,baleno,alpha ags,2396,2024,1042178,petrol,1,silver,hatchback,automatic,2024,2,maruti suzuki_baleno
bangalore,hyundai,creta,1.4 s,82970,2018,997000,diesel,1,white,suv,manual,2018,8,hyundai_creta
bangalore,maruti suzuki,ciaz,zxi  at,70001,2016,574000,petrol,2,brown,sedan,automatic,2016,10,maruti suzuki_ciaz
bangalore,mahindra,xuv500,w7,81208,2019,1059393,diesel,1,brown,suv,manual,2019,7,mahindra_xuv500
bangalore,maruti suzuki,alto k10,vxi (o),21793,2019,371000,petrol,2,red,hatchback,manual,2019,7,maruti suzuki_alto k10
bangalore,mahindra,xuv500,w11 at,63869,2019,1449000,diesel,1,silver,suv,automatic,2019,7,mahindra_xuv500
bangalore,maruti suzuki,ertiga,zxi,38110,2012,560000,petrol,1,blue,muv,manual,2013,14,maruti suzuki_ertiga
bangalore,mahindra,kuv100,k4 6 str,27257,2017,411000,petrol,1,grey,crossover,manual,2017,9,mahindra_kuv100
bangalore,renault,triber,rxz easy-r amt,48922,2022,699000,petrol,1,blue,muv,automatic,2022,4,renault_triber
bangalore,maruti suzuki,baleno,alpha ags,27746,2023,907000,petrol,1,blue,hatchback,automatic,2023,3,maruti suzuki_baleno
bangalore,volkswagen,virtus,topline 1.0 tsi mt,29501,2023,1387614,petrol,1,grey,sedan,manual,2023,3,volkswagen_virtus
bangalore,hyundai,new santro 1.1,sportz executive cng,32314,2021,598000,petrol+cng,1,silver,hatchback,manual,2021,5,hyundai_new santro 1.1
bangalore,volkswagen,polo,comfortline 1.2l (p),36349,2012,365000,petrol,2,grey,hatchback,manual,2012,14,volkswagen_polo
bangalore,hyundai,i20,magna 1.2,43500,2011,307000,petrol,1,grey,hatchback,manual,2011,15,hyundai_i20
bangalore,honda,br-v,v cvt petrol,58904,2016,785000,petrol,1,red,suv,automatic,2016,10,honda_br-v
bangalore,honda,br-v,vx petrol,115709,2018,797000,petrol,1,white,suv,manual,2018,8,honda_br-v
bangalore,hyundai,new santro 1.1,sportz mt,27925,2022,580000,petrol,1,beige,hatchback,manual,2022,4,hyundai_new santro 1.1
bangalore,kia,seltos,htx+ g1.5 t-gdi petrol imt,7177,2023,1801743,petrol,1,red,suv,manual,2023,3,kia_seltos
bangalore,maruti suzuki,brezza,vxi at,30464,2023,1078538,petrol,1,white,suv,automatic,2023,3,maruti suzuki_brezza
bangalore,hyundai,grand i10,asta at 1.2 kappa vtvt,53398,2014,391000,petrol,3,grey,hatchback,automatic,2014,12,hyundai_grand i10
bangalore,maruti suzuki,ciaz,alpha at petrol,109465,2020,795000,petrol,1,grey,sedan,automatic,2020,6,maruti suzuki_ciaz
bangalore,renault,kwid,1.0 rxt edition,59923,2017,331000,petrol,1,red,hatchback,manual,2017,9,renault_kwid
bangalore,toyota,urban cruiser hyryder,v hybrid dual tone,35567,2023,1958000,hybrid,1,white,suv,automatic,2023,3,toyota_urban cruiser hyryder
bangalore,toyota,urban cruiser hyryder,v neodrive awd,15089,2022,1549000,petrol,1,blue,suv,manual,2023,4,toyota_urban cruiser hyryder
bangalore,hyundai,i20,asta 1.4 crdi,110951,2012,381000,diesel,1,black,hatchback,manual,2012,14,hyundai_i20
bangalore,kia,seltos,htx ivt g,33019,2023,1601045,petrol,1,white,suv,automatic,2023,3,kia_seltos
bangalore,hyundai,verna,fluidic 1.6 vtvt sx,56196,2012,396000,petrol,2,grey,sedan,manual,2012,14,hyundai_verna
bangalore,nissan,magnite,xv premium turbo cvt,18979,2023,997000,petrol,1,black,suv,automatic,2023,3,nissan_magnite
bangalore,volkswagen,polo,highline1.2l (p),115087,2015,532000,petrol,1,blue,hatchback,manual,2015,11,volkswagen_polo
bangalore,maruti suzuki,ignis,zeta 1.2 mt,104736,2022,520000,petrol,1,white,hatchback,manual,2022,4,maruti suzuki_ignis
bangalore,hyundai,elite i20,asta 1.2,40338,2016,624000,petrol,1,red,hatchback,manual,2016,10,hyundai_elite i20
bangalore,honda,city,v,120626,2014,494000,petrol,1,black,sedan,manual,2014,12,honda_city
bangalore,ford,freestyle,titanium plus 1.2 ti-vct,56492,2019,521000,petrol,2,red,crossover,manual,2019,7,ford_freestyle
bangalore,maruti suzuki,baleno,delta 1.2 at,118982,2018,570000,petrol,1,red,hatchback,automatic,2018,8,maruti suzuki_baleno
bangalore,tata,nexon,xza plus (o) diesel,87421,2022,1108000,diesel,1,white,suv,automatic,2022,4,tata_nexon
bangalore,skoda,rapid,1.6 mpi elegance plus,102379,2014,421000,petrol,2,white,sedan,manual,2014,12,skoda_rapid
bangalore,renault,triber,rxz easy-r amt,8677,2022,767000,petrol,1,golden,muv,automatic,2022,4,renault_triber
bangalore,honda,brio,s (o)mt,18955,2018,509000,petrol,1,white,hatchback,manual,2018,8,honda_brio
bangalore,tata,altroz,xz plus 1.2,9922,2023,854000,petrol,1,grey,hatchback,manual,2023,3,tata_altroz
bangalore,maruti suzuki,ciaz,zxi+ at,56960,2017,710000,petrol,1,white,sedan,automatic,2017,9,maruti suzuki_ciaz
bangalore,hyundai,verna,fluidic 1.6 vtvt sx opt,34628,2013,527000,petrol,1,grey,sedan,manual,2013,13,hyundai_verna
bangalore,kia,seltos,gtx plus dct,109262,2020,1292703,petrol,1,white,suv,automatic,2020,6,kia_seltos
bangalore,tata,tiago,revotron xza,46243,2017,443000,petrol,2,red,hatchback,automatic,2017,9,tata_tiago
bangalore,hyundai,creta,1.6 sx plus auto petrol,52887,2016,849000,petrol,2,red,suv,automatic,2016,10,hyundai_creta
bangalore,ford,ecosport,titanium 1.5l tdci,86923,2016,582000,diesel,1,white,suv,manual,2016,10,ford_ecosport
bangalore,volkswagen,taigun,topline 1.0 tsi at,29976,2022,1453264,petrol,1,red,suv,automatic,2022,4,volkswagen_taigun
bangalore,toyota,etios,v,77578,2011,319000,petrol,2,black,sedan,manual,2011,15,toyota_etios
bangalore,hyundai,grand i10,sportz 1.2 kappa vtvt,38101,2020,609000,petrol,1,red,hatchback,manual,2020,6,hyundai_grand i10
bangalore,hyundai,creta,1.6 sx plus auto petrol,46109,2016,946000,petrol,1,white,suv,automatic,2016,10,hyundai_creta
bangalore,mahindra,thar,lx convertible diesel at 4wd,86941,2021,1248000,diesel,1,red,suv,automatic,2021,5,mahindra_thar
bangalore,hyundai,creta,1.6 sx at,85835,2019,1174000,diesel,1,white,suv,automatic,2019,7,hyundai_creta
bangalore,hyundai,creta,1.6 sx at vtvt,60420,2019,1078485,petrol,1,red,suv,automatic,2019,7,hyundai_creta
bangalore,renault,duster,110 ps rxl 4x2 amt,96117,2016,625000,diesel,1,white,suv,automatic,2017,10,renault_duster
bangalore,hyundai,new i20,asta (o) 1.0 turbo dct,50509,2021,897000,petrol,1,blue,hatchback,automatic,2021,5,hyundai_new i20
bangalore,maruti suzuki,dzire,zdi amt,70143,2017,637000,diesel,1,silver,sedan,automatic,2017,9,maruti suzuki_dzire
bangalore,maruti suzuki,vitara brezza,zdi plus ags,39951,2018,877000,diesel,1,silver,suv,automatic,2018,8,maruti suzuki_vitara brezza
bangalore,renault,kiger,rxz turbo cvt dual tone,69647,2021,779000,petrol,1,white,suv,automatic,2021,5,renault_kiger
bangalore,maruti suzuki,baleno,zeta at petrol,105082,2017,528000,petrol,2,silver,hatchback,automatic,2017,9,maruti suzuki_baleno
bangalore,tata,tigor,revotron xz+,13597,2023,753000,petrol,1,red,sedan,manual,2023,3,tata_tigor
bangalore,mahindra,xuv700,ax 5 petrol at 5 str,25567,2022,1835000,petrol,1,white,suv,automatic,2022,4,mahindra_xuv700
bangalore,mahindra,xuv700,ax7 luxury pack petrol at 7 str,17052,2024,2606000,petrol,1,white,suv,automatic,2024,2,mahindra_xuv700
bangalore,tata,nexon,xza plus diesel,50339,2022,1091000,diesel,1,red,suv,automatic,2022,4,tata_nexon
bangalore,maruti suzuki,vitara brezza,zxi plus at shvs,97553,2020,899000,petrol,1,white,suv,automatic,2020,6,maruti suzuki_vitara brezza
bangalore,ford,ecosport,ambiente 1.5l tdci,83969,2017,560000,diesel,1,silver,suv,manual,2017,9,ford_ecosport
bangalore,maruti suzuki,dzire,zxi plus amt,18217,2022,836000,petrol,1,red,sedan,automatic,2022,4,maruti suzuki_dzire
bangalore,hyundai,venue,sx 1.0 (o) turbo imt dual tone sport,52393,2020,901000,petrol,1,black,suv,manual,2020,6,hyundai_venue
bangalore,maruti suzuki,swift dzire,vxi,108366,2011,315000,petrol,1,silver,sedan,manual,2011,15,maruti suzuki_swift dzire
bangalore,maruti suzuki,ciaz,alpha at petrol,60624,2018,719000,petrol,1,blue,sedan,automatic,2018,8,maruti suzuki_ciaz
bangalore,maruti suzuki,vitara brezza,zdi ags,64358,2019,813000,diesel,2,white,suv,automatic,2019,7,maruti suzuki_vitara brezza
bangalore,maruti suzuki,ciaz,alpha petrol,122691,2020,738000,petrol,1,blue,sedan,manual,2020,6,maruti suzuki_ciaz
bangalore,maruti suzuki,grand vitara,alpha smart hybrid,29032,2023,1455313,petrol,1,white,suv,manual,2023,3,maruti suzuki_grand vitara
bangalore,hyundai,venue,sx 1.0  turbo,31226,2021,922000,petrol,1,silver,suv,manual,2021,5,hyundai_venue
bangalore,maruti suzuki,vitara brezza,vdi (o),73937,2018,725000,diesel,1,red,suv,manual,2018,8,maruti suzuki_vitara brezza
bangalore,maruti suzuki,a-star,vxi at,56394,2012,289000,petrol,1,white,hatchback,automatic,2012,14,maruti suzuki_a-star
bangalore,hyundai,i10,magna 1.1,91526,2011,247000,petrol,1,grey,hatchback,manual,2011,15,hyundai_i10
bangalore,honda,city,zx petrol,66924,2021,1091000,petrol,1,silver,sedan,manual,2021,5,honda_city
bangalore,renault,kwid,1.0 rxt amt opt,46655,2018,391000,petrol,1,bronze,hatchback,automatic,2018,8,renault_kwid
bangalore,maruti suzuki,wagon r 1.2,zxi plus amt,10793,2022,672000,petrol,1,white,hatchback,automatic,2022,4,maruti suzuki_wagon r 1.2
bangalore,renault,triber,rxz easy-r amt,34189,2020,641000,petrol,1,white,muv,automatic,2021,6,renault_triber
bangalore,tata,tiago,revotron xt,32528,2019,499000,petrol,1,white,hatchback,manual,2019,7,tata_tiago
bangalore,honda,jazz,zx cvt,27144,2022,975000,petrol,1,white,hatchback,automatic,2022,4,honda_jazz
bangalore,maruti suzuki,s-cross,zeta,81111,2022,824000,petrol,1,white,suv,manual,2022,4,maruti suzuki_s-cross
bangalore,maruti suzuki,alto k10,vxi,95320,2019,331000,petrol,2,silver,hatchback,manual,2019,7,maruti suzuki_alto k10
bangalore,hyundai,new santro 1.1,sportz amt,114622,2019,449000,petrol,1,blue,hatchback,automatic,2019,7,hyundai_new santro 1.1
bangalore,nissan,magnite,xv premium turbo cvt,28732,2021,854000,petrol,2,white,suv,automatic,2021,5,nissan_magnite
bangalore,maruti suzuki,vitara brezza,zdi plus dual tone,50155,2018,837000,diesel,1,red,suv,manual,2018,8,maruti suzuki_vitara brezza
bangalore,hyundai,venue,sx 1.0  turbo imt,46926,2020,813000,petrol,1,blue,suv,manual,2020,6,hyundai_venue
bangalore,maruti suzuki,vitara brezza,zdi,89490,2016,675000,diesel,1,red,suv,manual,2016,10,maruti suzuki_vitara brezza
bangalore,tata,nexon,xza plus dualtone roof amt s,14172,2023,1190000,petrol,1,red,suv,automatic,2023,3,tata_nexon
bangalore,ford,ecosport,trend 1.5l tdci,89006,2017,595000,diesel,1,white,suv,manual,2017,9,ford_ecosport
bangalore,hyundai,venue,sx 1.0 (o) turbo,100816,2019,777000,petrol,1,white,suv,manual,2019,7,hyundai_venue
bangalore,hyundai,venue,sx 1.0 (o) turbo imt,50460,2020,888000,petrol,1,red,suv,manual,2020,6,hyundai_venue
bangalore,renault,duster,85 ps rxl diesel,111722,2015,532000,diesel,1,silver,suv,manual,2015,11,renault_duster
bangalore,maruti suzuki,dzire,zdi amt,87062,2017,614000,diesel,1,red,sedan,automatic,2017,9,maruti suzuki_dzire
bangalore,mahindra,kuv100,k4 6 str,43085,2016,339000,petrol,2,black,crossover,manual,2016,10,mahindra_kuv100
bangalore,volkswagen,polo,highline 1.5 (d),77802,2015,541000,diesel,2,red,hatchback,manual,2015,11,volkswagen_polo
bangalore,hyundai,i10,era petrol,79918,2013,284000,petrol,1,red,hatchback,manual,2013,13,hyundai_i10
bangalore,tata,tiago,revotron xz,111776,2018,401000,petrol,2,orange,hatchback,manual,2018,8,tata_tiago
bangalore,nissan,micra active,xv safety pack,73863,2017,339000,petrol,2,red,hatchback,manual,2017,9,nissan_micra active
bangalore,honda,city,vx cvt,95800,2014,510000,petrol,3,white,sedan,automatic,2014,12,honda_city
bangalore,hyundai,eon,magna,35084,2014,301000,petrol,1,silver,hatchback,manual,2014,12,hyundai_eon
bangalore,renault,kwid,rxt 1.0 sce special,90415,2018,303000,petrol,2,white,hatchback,manual,2018,8,renault_kwid
bangalore,volkswagen,polo,comfortline 1.5 (d),101189,2015,503000,diesel,1,grey,hatchback,manual,2015,11,volkswagen_polo
bangalore,maruti suzuki,dzire,ldi,65023,2020,649000,diesel,1,white,sedan,manual,2020,6,maruti suzuki_dzire
bangalore,hyundai,verna,fluidic 1.6 vtvt sx,47632,2013,504000,petrol,1,purple,sedan,manual,2013,13,hyundai_verna
bangalore,tata,tiago,revotron xza amt,126427,2017,437000,petrol,1,red,hatchback,automatic,2017,9,tata_tiago
bangalore,maruti suzuki,swift dzire,vxi 1.2,119324,2012,341000,petrol,1,white,sedan,manual,2012,14,maruti suzuki_swift dzire
bangalore,renault,triber,rxt,16044,2022,664000,petrol,1,silver,muv,manual,2022,4,renault_triber
bangalore,mahindra,thar roxx,mx5 petrol mt 2wd,6472,2025,1822953,petrol,1,brown,suv,manual,2025,1,mahindra_thar roxx
bangalore,maruti suzuki,celerio,zxi,24283,2017,392000,petrol,2,red,hatchback,manual,2017,9,maruti suzuki_celerio
bangalore,maruti suzuki,baleno,zeta automatic,21056,2019,697000,petrol,1,red,hatchback,automatic,2019,7,maruti suzuki_baleno
bangalore,ford,ecosport,ambiente 1.5l tdci,62914,2017,576000,diesel,1,red,suv,manual,2017,9,ford_ecosport
bangalore,maruti suzuki,alto k10,vxi amt (o),32118,2018,399000,petrol,1,grey,hatchback,automatic,2018,8,maruti suzuki_alto k10
bangalore,hyundai,verna,sx 1.6 vtvt,45292,2018,795000,petrol,1,white,sedan,manual,2018,8,hyundai_verna
bangalore,maruti suzuki,baleno,zeta 1.2,62118,2018,597000,petrol,1,grey,hatchback,manual,2018,8,maruti suzuki_baleno
bangalore,maruti suzuki,celerio,vxi amt,8814,2023,610000,petrol,1,silver,hatchback,automatic,2023,3,maruti suzuki_celerio
bangalore,renault,kiger,rxt (o) mt,14248,2023,718000,petrol,1,silver,suv,manual,2023,3,renault_kiger
bangalore,hyundai,i10,era petrol,56038,2012,260000,petrol,1,grey,hatchback,manual,2012,14,hyundai_i10
bangalore,hyundai,elite i20,sportz plus 1.4 crdi,117697,2019,624000,diesel,1,silver,hatchback,manual,2019,7,hyundai_elite i20
bangalore,maruti suzuki,ritz,vxi bs-iv,99665,2014,354000,petrol,1,white,hatchback,manual,2014,12,maruti suzuki_ritz
bangalore,honda,city,1.5 v mt,78995,2013,385000,petrol,2,red,sedan,manual,2013,13,honda_city
bangalore,maruti suzuki,celerio,vxi amt,71813,2017,384000,petrol,2,silver,hatchback,automatic,2018,9,maruti suzuki_celerio
bangalore,maruti suzuki,alto 800,lxi,29159,2013,258000,petrol,1,red,hatchback,manual,2013,13,maruti suzuki_alto 800
bangalore,maruti suzuki,ignis,zeta 1.2 mt,32343,2021,554000,petrol,1,white,hatchback,manual,2021,5,maruti suzuki_ignis
bangalore,maruti suzuki,swift,vxi,827,2022,689000,petrol,1,blue,hatchback,manual,2022,4,maruti suzuki_swift
bangalore,ford,ecosport,titanium + 1.5l ti-vct at,16856,2019,934000,petrol,1,brown,suv,automatic,2019,7,ford_ecosport
bangalore,skoda,octavia,1.8 tsi at l k,43001,2017,1473395,petrol,2,white,sedan,automatic,2018,9,skoda_octavia
bangalore,maruti suzuki,baleno,alpha ags,1878,2025,1042223,petrol,1,grey,hatchback,automatic,2025,1,maruti suzuki_baleno
bangalore,tata,altroz,xm plus petrol,32469,2021,559000,petrol,2,red,hatchback,manual,2021,5,tata_altroz
bangalore,renault,kiger,rxt amt dual tone,36932,2021,642000,petrol,1,blue,suv,automatic,2021,5,renault_kiger
bangalore,hyundai,elite i20,magna executive 1.2,36657,2018,521000,petrol,2,blue,hatchback,manual,2018,8,hyundai_elite i20
bangalore,maruti suzuki,celerio,vxi,30146,2016,379000,petrol,1,silver,hatchback,manual,2016,10,maruti suzuki_celerio
bangalore,hyundai,alcazar,platinum (o) 7 seater 1.5 diesel at,39197,2022,1801698,diesel,1,brown,suv,automatic,2022,4,hyundai_alcazar
bangalore,renault,kwid,climber 1.0 amt (o),65661,2021,449000,petrol,1,blue,hatchback,automatic,2021,5,renault_kwid
bangalore,honda,city,vx cvt,39725,2015,572000,petrol,3,white,sedan,automatic,2015,11,honda_city
bangalore,kia,sonet,gtx plus 1.5 at,39203,2021,1274523,diesel,1,red,suv,automatic,2021,5,kia_sonet
bangalore,ford,figo,titanium 1.2 ti-vct mt,24624,2019,537000,petrol,1,grey,hatchback,manual,2019,7,ford_figo
bangalore,maruti suzuki,ertiga,zdi,121972,2012,527000,diesel,1,grey,muv,manual,2013,14,maruti suzuki_ertiga
bangalore,maruti suzuki,ertiga,zxi,109427,2015,622000,petrol,1,brown,muv,manual,2015,11,maruti suzuki_ertiga
bangalore,ford,ecosport,titanium 1.0 ecoboost,50597,2015,489000,petrol,2,white,suv,manual,2015,11,ford_ecosport
bangalore,ford,ecosport,titanium 1.5l tdci,90054,2017,636000,diesel,2,black,suv,manual,2017,9,ford_ecosport
bangalore,volkswagen,polo,gt tsi,98701,2016,541000,petrol,3,red,hatchback,automatic,2016,10,volkswagen_polo
bangalore,maruti suzuki,wagon r,zxi plus 1.2 ags,10694,2023,703000,petrol,1,silver,hatchback,automatic,2023,3,maruti suzuki_wagon r
bangalore,hyundai,eon,era +,10320,2015,272000,petrol,2,silver,hatchback,manual,2015,11,hyundai_eon
bangalore,hyundai,alcazar,signature (o) 7 str 1.5 petrol dct,26885,2024,1898703,petrol,1,white,suv,automatic,2024,2,hyundai_alcazar
bangalore,tata,curvv,pure plus 1.2 revotron petrol 7dca,2737,2024,1384613,petrol,1,blue,suv,automatic,2025,2,tata_curvv
bangalore,hyundai,verna,sx (o) 1.5 turbo petrol dct,42094,2023,1566368,petrol,1,white,sedan,automatic,2023,3,hyundai_verna
bangalore,ford,figo,titanium 1.5 ti-vct at,31821,2016,419000,petrol,2,white,hatchback,automatic,2016,10,ford_figo
bangalore,kia,seltos,gtx plus 1.5 turbo petrol dct,5174,2023,1987538,petrol,1,green,suv,automatic,2023,3,kia_seltos
bangalore,maruti suzuki,wagon r,vxi,103825,2015,346000,petrol,1,grey,hatchback,manual,2015,11,maruti suzuki_wagon r
bangalore,hyundai,alcazar,signature (o) 7 seater 2.0 petrol at,42308,2022,1505813,petrol,2,white,suv,automatic,2023,4,hyundai_alcazar
bangalore,maruti suzuki,ciaz,alpha 1.5 diesel,64812,2019,839000,diesel,1,grey,sedan,manual,2019,7,maruti suzuki_ciaz
bangalore,maruti suzuki,celerio,zxi amt,56879,2016,437000,petrol,1,red,hatchback,automatic,2016,10,maruti suzuki_celerio
bangalore,renault,kwid,rxt,67642,2016,278000,petrol,2,silver,hatchback,manual,2017,10,renault_kwid
bangalore,maruti suzuki,alto k10,vxi amt (o),30448,2018,378000,petrol,2,grey,hatchback,automatic,2019,8,maruti suzuki_alto k10
bangalore,honda,city,zx cvt petrol,48501,2021,1253313,petrol,1,white,sedan,automatic,2021,5,honda_city
bangalore,mg motors,astor,savvy 1.5 cvt s red,14390,2022,1455313,petrol,1,orange,suv,automatic,2022,4,mg motors_astor
bangalore,hyundai,creta,1.6 sx plus crdi dual tone,64814,2017,759000,diesel,3,brown,suv,manual,2017,9,hyundai_creta
bangalore,ford,ecosport,titanium 1.5l tdci,93616,2021,839000,diesel,1,silver,suv,manual,2021,5,ford_ecosport
bangalore,ford,ecosport,trend 1.5 tdci,124992,2015,459000,diesel,2,silver,suv,manual,2015,11,ford_ecosport
bangalore,nissan,magnite,xv executive,24235,2021,604000,petrol,1,silver,suv,manual,2021,5,nissan_magnite
bangalore,maruti suzuki,celerio,zxi opt,56519,2015,389000,petrol,1,grey,hatchback,manual,2015,11,maruti suzuki_celerio
bangalore,toyota,etios liva,g,33906,2016,432000,petrol,2,white,hatchback,manual,2016,10,toyota_etios liva
bangalore,hyundai,new i20,sportz 1.2 ivt,27148,2023,846000,petrol,1,grey,hatchback,automatic,2023,3,hyundai_new i20
bangalore,ford,ecosport,trend 1.5l tdci,69050,2017,518000,diesel,3,white,suv,manual,2017,9,ford_ecosport
bangalore,maruti suzuki,celerio,vxi amt,62758,2015,353000,petrol,2,grey,hatchback,automatic,2015,11,maruti suzuki_celerio
bangalore,kia,seltos,gtx plus dct 1.4,50443,2020,1410828,petrol,1,black,suv,automatic,2020,6,kia_seltos
bangalore,nissan,magnite,xe,77762,2023,510000,petrol,1,silver,suv,manual,2023,3,nissan_magnite
bangalore,honda,city,zx cvt petrol,47386,2021,1261393,petrol,1,white,sedan,automatic,2021,5,honda_city
bangalore,tata,nano,twist xta petrol,49963,2018,257000,petrol,2,brown,hatchback,automatic,2018,8,tata_nano
bangalore,maruti suzuki,baleno,zeta,30425,2021,742000,petrol,1,blue,hatchback,manual,2021,5,maruti suzuki_baleno
bangalore,renault,kwid,1.0 rxt amt,24472,2018,363000,petrol,2,bronze,hatchback,automatic,2018,8,renault_kwid
bangalore,hyundai,verna,sx 1.5 petrol mt,4127,2024,1389663,petrol,1,blue,sedan,manual,2024,2,hyundai_verna
bangalore,hyundai,elite i20,asta 1.2,49862,2016,593000,petrol,1,red,hatchback,manual,2016,10,hyundai_elite i20
bangalore,renault,kwid,climber 1.0 amt opt,27977,2020,464000,petrol,1,white,hatchback,automatic,2020,6,renault_kwid
bangalore,honda,mobilio,rs diesel,97509,2014,474000,diesel,3,black,muv,manual,2016,12,honda_mobilio
bangalore,hyundai,grand i10,asta at 1.2 kappa vtvt,73064,2015,471000,petrol,1,orange,hatchback,automatic,2015,11,hyundai_grand i10
bangalore,maruti suzuki,alto 800,vxi plus,70322,2020,350000,petrol,1,silver,hatchback,manual,2020,6,maruti suzuki_alto 800
bangalore,kia,seltos,htx 1.5 diesel at,13007,2022,1641153,diesel,1,blue,suv,automatic,2022,4,kia_seltos
bangalore,maruti suzuki,brezza,zxi dual tone,14419,2023,1178874,petrol,1,red,suv,manual,2023,3,maruti suzuki_brezza
bangalore,hyundai,eon,era +  cng (outside fitted),65101,2015,253000,cng,2,red,hatchback,manual,2015,11,hyundai_eon
bangalore,honda,city,sv diesel,72545,2014,483000,diesel,2,red,sedan,manual,2014,12,honda_city
bangalore,toyota,etios liva,g,78137,2013,340000,petrol,1,grey,hatchback,manual,2013,13,toyota_etios liva
bangalore,tata,altroz,xz 1.5,116199,2020,631000,diesel,1,red,hatchback,manual,2021,6,tata_altroz
bangalore,mg motors,hector,sharp 1.5 dct petrol,32779,2019,1130048,petrol,2,black,suv,automatic,2019,7,mg motors_hector
bangalore,kia,seltos,htx 1.5 ivt,22395,2023,1573483,petrol,1,white,suv,automatic,2023,3,kia_seltos
bangalore,honda,brio,vx at,66712,2015,444000,petrol,1,red,hatchback,automatic,2015,11,honda_brio
bangalore,renault,duster,rxs cvt,58690,2017,614000,petrol,1,red,suv,automatic,2017,9,renault_duster
bangalore,hyundai,i10,sportz 1.1 irde2,29414,2015,388000,petrol,1,silver,hatchback,manual,2015,11,hyundai_i10
bangalore,hyundai,venue,sx (o) 1.0 turbo imt dual tone,40874,2022,1088683,petrol,1,white,suv,manual,2022,4,hyundai_venue
bangalore,hyundai,venue,sx (o) 1.5 crdi executive,46530,2021,1073488,diesel,1,white,suv,manual,2021,5,hyundai_venue
bangalore,renault,duster,rxz 1.5 petrol mt,16545,2021,876000,petrol,1,blue,suv,manual,2021,5,renault_duster
bangalore,toyota,glanza,g amt,5496,2023,859000,petrol,1,white,hatchback,automatic,2023,3,toyota_glanza
bangalore,hyundai,grand i10,asta at 1.2 kappa vtvt (o),113482,2016,470000,petrol,1,white,hatchback,automatic,2016,10,hyundai_grand i10
bangalore,hyundai,grand i10,sportz 1.2 kappa vtvt,23178,2019,569000,petrol,1,silver,hatchback,manual,2020,7,hyundai_grand i10
bangalore,tata,tiago,revotron xza,40397,2017,499000,petrol,1,orange,hatchback,automatic,2017,9,tata_tiago
bangalore,maruti suzuki,ertiga,vxi,39352,2013,567000,petrol,1,silver,muv,manual,2013,13,maruti suzuki_ertiga
bangalore,hyundai,creta,1.4 e +,67741,2018,794000,diesel,1,white,suv,manual,2019,8,hyundai_creta
bangalore,maruti suzuki,baleno,delta 1.2,37342,2016,532000,petrol,1,blue,hatchback,manual,2016,10,maruti suzuki_baleno
bangalore,datsun,redi-go,t(o) 0.8l limited edition,58094,2016,223000,petrol,2,white,hatchback,manual,2016,10,datsun_redi-go
bangalore,hyundai,verna,sx 1.6 vtvt,15655,2018,849000,petrol,1,black,sedan,manual,2019,8,hyundai_verna
bangalore,maruti suzuki,celerio,vxi amt,50050,2018,468000,petrol,1,red,hatchback,automatic,2018,8,maruti suzuki_celerio
bangalore,renault,kwid,climber 1.0 amt (o) dual tone,19488,2022,535000,petrol,1,white,hatchback,automatic,2022,4,renault_kwid
bangalore,mahindra,xuv700,ax7 petrol at 7 str,8352,2024,2370373,petrol,1,blue,suv,automatic,2024,2,mahindra_xuv700
bangalore,ford,figo,trend 1.2 ti-vct,37744,2016,415000,petrol,1,silver,hatchback,manual,2016,10,ford_figo
bangalore,mahindra,xuv500,w11 at,76697,2019,1453293,diesel,1,brown,suv,automatic,2019,7,mahindra_xuv500
bangalore,hyundai,elite i20,asta 1.2 at,92079,2018,595000,petrol,2,white,hatchback,automatic,2018,8,hyundai_elite i20
bangalore,renault,kiger,rxz 1.0 turbo mt,30774,2021,735000,petrol,1,blue,suv,manual,2021,5,renault_kiger
bangalore,hyundai,new i20,asta (o) 1.5 mt diesel,22697,2022,1090703,diesel,1,white,hatchback,manual,2022,4,hyundai_new i20
bangalore,honda,amaze,1.5 s i-dtec,38494,2013,327000,diesel,2,black,sedan,manual,2013,13,honda_amaze
bangalore,maruti suzuki,ertiga,vxi at,47471,2017,793000,petrol,1,grey,muv,automatic,2017,9,maruti suzuki_ertiga
bangalore,tata,nano,twist xta,16366,2016,204000,petrol,3,blue,hatchback,automatic,2016,10,tata_nano
bangalore,hyundai,creta,ex diesel,46156,2021,1051313,diesel,2,red,suv,manual,2021,5,hyundai_creta
bangalore,ford,figo aspire,titanium 1.2 ti-vct,76872,2018,419000,petrol,2,grey,sedan,manual,2019,8,ford_figo aspire
bangalore,maruti suzuki,baleno,zeta 1.2 at,30107,2016,572000,petrol,2,silver,hatchback,automatic,2016,10,maruti suzuki_baleno
bangalore,maruti suzuki,celerio,vxi,62797,2015,304000,petrol,3,red,hatchback,manual,2015,11,maruti suzuki_celerio
bangalore,hyundai,elite i20,asta 1.2 (o),33257,2017,567000,petrol,3,red,hatchback,manual,2017,9,hyundai_elite i20
bangalore,renault,kiger,rxt (o) amt,20419,2023,752000,petrol,1,white,suv,automatic,2024,3,renault_kiger
bangalore,kia,seltos,gtx 1.4,64025,2019,1132068,petrol,1,red,suv,manual,2019,7,kia_seltos
bangalore,hyundai,creta,sx petrol,101568,2021,1097773,petrol,1,black,suv,manual,2021,5,hyundai_creta
bangalore,maruti suzuki,s-presso,vxi plus amt,38283,2021,490000,petrol,1,grey,hatchback,automatic,2021,5,maruti suzuki_s-presso
bangalore,maruti suzuki,ciaz,alpha hybrid 1.5 at,53003,2018,715000,petrol,2,black,sedan,automatic,2018,8,maruti suzuki_ciaz
bangalore,ford,figo,duratorq diesel exi 1.4,83701,2014,285000,diesel,1,blue,hatchback,manual,2014,12,ford_figo
bangalore,tata,tiago,revotron xza plus,53783,2019,576000,petrol,1,white,hatchback,automatic,2020,7,tata_tiago
bangalore,maruti suzuki,celerio,vxi amt,35347,2018,483000,petrol,1,white,hatchback,automatic,2018,8,maruti suzuki_celerio
bangalore,hyundai,creta,sx petrol,21067,2023,1461328,petrol,1,black,suv,manual,2023,3,hyundai_creta
bangalore,renault,kwid,rxt,84984,2016,262000,petrol,2,white,hatchback,manual,2016,10,renault_kwid
bangalore,tata,altroz,xza plus petrol,7211,2022,842000,petrol,1,grey,hatchback,automatic,2022,4,tata_altroz
bangalore,tata,tiago,revotron xt,44587,2017,391000,petrol,2,red,hatchback,manual,2017,9,tata_tiago
bangalore,hyundai,venue,s 1.0 turbo dct,60739,2020,785000,petrol,1,red,suv,automatic,2020,6,hyundai_venue
bangalore,maruti suzuki,alto 800,lxi cng (outside fitted),41397,2021,332000,cng,2,maroon,hatchback,manual,2021,5,maruti suzuki_alto 800
bangalore,renault,kwid,1.0 rxt,25366,2016,336000,petrol,1,grey,hatchback,manual,2016,10,renault_kwid
bangalore,honda,wr-v,vx mt petrol,47718,2017,651000,petrol,1,brown,suv,manual,2017,9,honda_wr-v
bangalore,kia,seltos,htx g,52353,2022,1260383,petrol,1,white,suv,manual,2022,4,kia_seltos
bangalore,hyundai,eon,magna,59958,2013,251000,petrol,2,red,hatchback,manual,2013,13,hyundai_eon
bangalore,tata,tigor,xza plus,34042,2020,629000,petrol,1,grey,sedan,automatic,2020,6,tata_tigor
bangalore,kia,seltos,gtx plus dct,40071,2020,1436123,petrol,1,white,suv,automatic,2020,6,kia_seltos
bangalore,kia,seltos,gtx plus,78443,2019,895000,petrol,3,red,suv,manual,2019,7,kia_seltos
bangalore,tata,nexon,xma (s),16828,2023,982000,petrol,1,red,suv,automatic,2023,3,tata_nexon
bangalore,hyundai,grand i10,sportz 1.2 kappa vtvt,95258,2016,407000,petrol,1,red,hatchback,manual,2017,10,hyundai_grand i10
bangalore,honda,jazz,v at petrol,57498,2016,498000,petrol,2,brown,hatchback,automatic,2018,10,honda_jazz
bangalore,nissan,sunny,xv diesel,77062,2018,654000,diesel,1,black,sedan,manual,2018,8,nissan_sunny
bangalore,kia,seltos,gtx plus 1.4 dct,28247,2021,1566368,petrol,1,orange,suv,automatic,2021,5,kia_seltos
bangalore,maruti suzuki,baleno,zeta ags,9238,2024,928000,petrol,1,silver,hatchback,automatic,2024,2,maruti suzuki_baleno
bangalore,tata,zest,xt petrol,96011,2015,363000,petrol,2,grey,sedan,manual,2015,11,tata_zest
bangalore,maruti suzuki,alto k10,vxi amt,24587,2016,304000,petrol,3,orange,hatchback,automatic,2016,10,maruti suzuki_alto k10
bangalore,tata,punch,adventure rhythm pack mt,18971,2024,756000,petrol,1,white,suv,manual,2024,2,tata_punch
bangalore,tata,altroz,xz diesel,19109,2020,767000,diesel,1,grey,hatchback,manual,2021,6,tata_altroz
bangalore,maruti suzuki,brezza,zxi plus at,10615,2023,1377000,petrol,1,white,suv,automatic,2023,3,maruti suzuki_brezza
bangalore,honda,city,1.5 corporate mt,78468,2013,354000,petrol,1,white,sedan,manual,2013,13,honda_city
bangalore,ford,freestyle,titanium 1.2,26771,2019,578000,petrol,1,grey,crossover,manual,2019,7,ford_freestyle
bangalore,honda,city,zx diesel,144306,2017,759000,diesel,1,grey,sedan,manual,2017,9,honda_city
bangalore,honda,elevate,v mt,17754,2023,1197000,petrol,1,white,suv,manual,2023,3,honda_elevate
bangalore,hyundai,i10,sportz 1.1 irde2,54297,2015,348000,petrol,2,white,hatchback,manual,2015,11,hyundai_i10
bangalore,hyundai,creta,sx opt turbo dct petrol,29947,2020,1446223,petrol,1,black,suv,automatic,2020,6,hyundai_creta
bangalore,hyundai,elite i20,asta 1.4 (o) crdi,58480,2018,736000,diesel,1,red,hatchback,manual,2018,8,hyundai_elite i20
bangalore,mahindra,thar,lx hard top petrol at 4wd,15167,2022,1480000,petrol,1,black,suv,automatic,2022,4,mahindra_thar
bangalore,volkswagen,polo,highline1.2l (p),98602,2015,481000,petrol,2,blue,hatchback,manual,2015,11,volkswagen_polo
bangalore,renault,kwid,1.0 rxt amt opt,85023,2018,347000,petrol,2,grey,hatchback,automatic,2019,8,renault_kwid
bangalore,maruti suzuki,alto k10,lxi,48133,2013,251000,petrol,1,silver,hatchback,manual,2013,13,maruti suzuki_alto k10
bangalore,ford,figo,duratec petrol zxi 1.2,46018,2013,239000,petrol,3,white,hatchback,manual,2013,13,ford_figo
bangalore,maruti suzuki,s-cross,zeta,40952,2021,820000,petrol,1,white,suv,manual,2021,5,maruti suzuki_s-cross
bangalore,ford,ecosport,titanium 1.5l ti-vct at,64467,2016,652000,petrol,1,black,suv,automatic,2016,10,ford_ecosport
bangalore,datsun,go,t,29245,2016,271000,petrol,2,red,hatchback,manual,2016,10,datsun_go
bangalore,tata,altroz,xza plus (s),12252,2023,899000,petrol,1,red,hatchback,automatic,2023,3,tata_altroz
bangalore,hyundai,aura,sx 1.2 petrol,43966,2020,600000,petrol,1,white,sedan,manual,2020,6,hyundai_aura
bangalore,maruti suzuki,ertiga,zxi (o),23437,2023,1109893,petrol,1,grey,muv,manual,2023,3,maruti suzuki_ertiga
bangalore,hyundai,verna,sx 1.6 vtvt,59715,2019,758000,petrol,2,red,sedan,manual,2019,7,hyundai_verna
bangalore,hyundai,elite i20,asta 1.4 crdi,25505,2018,748000,diesel,1,grey,hatchback,manual,2018,8,hyundai_elite i20
bangalore,maruti suzuki,dzire,zxi ags,96829,2021,685000,petrol,1,blue,sedan,automatic,2021,5,maruti suzuki_dzire
bangalore,skoda,rapid,style plus at diesel,93446,2016,508000,diesel,2,brown,sedan,automatic,2016,10,skoda_rapid
bangalore,toyota,innova,2.5 gx 7 str,93719,2013,729000,diesel,3,grey,muv,manual,2013,13,toyota_innova
bangalore,renault,kiger,rxz turbo cvt,40789,2021,831000,petrol,1,silver,suv,automatic,2021,5,renault_kiger
bangalore,volkswagen,polo,highline plus 1.0 (p) 16 alloy,29713,2018,641000,petrol,2,grey,hatchback,manual,2018,8,volkswagen_polo
bangalore,kia,sonet,gtx plus 1.5 diesel at,16000,2024,1554293,diesel,1,silver,suv,automatic,2024,2,kia_sonet
bangalore,maruti suzuki,celerio,vxi amt,32187,2015,395000,petrol,1,red,hatchback,automatic,2015,11,maruti suzuki_celerio
bangalore,tata,tiago,revotorq xz,31708,2017,495000,diesel,1,red,hatchback,manual,2017,9,tata_tiago
bangalore,maruti suzuki,swift,zxi plus dual tone,27012,2023,812000,petrol,1,red,hatchback,manual,2024,3,maruti suzuki_swift
bangalore,maruti suzuki,baleno,alpha 1.2 at,112533,2017,529000,petrol,2,blue,hatchback,automatic,2017,9,maruti suzuki_baleno
bangalore,nissan,magnite,xe amt,13971,2024,664000,petrol,1,red,suv,automatic,2024,2,nissan_magnite
bangalore,mg motors,astor,smart ex 1.5 mt,16358,2022,1156308,petrol,1,black,suv,manual,2022,4,mg motors_astor
bangalore,maruti suzuki,ciaz,vxi+,63408,2015,518000,petrol,1,brown,sedan,manual,2016,11,maruti suzuki_ciaz
bangalore,maruti suzuki,wagon r 1.0,vxi,93945,2012,241000,petrol,3,blue,hatchback,manual,2012,14,maruti suzuki_wagon r 1.0
bangalore,honda,city,v diesel,127025,2015,450000,diesel,3,brown,sedan,manual,2015,11,honda_city
bangalore,maruti suzuki,vitara brezza,zdi+ dual tone,115479,2018,768000,diesel,1,red,suv,manual,2018,8,maruti suzuki_vitara brezza
bangalore,ford,figo aspire,titanium plus 1.2 ti-vct,91338,2015,348000,petrol,2,white,sedan,manual,2016,11,ford_figo aspire
bangalore,mahindra,scorpio n,z8 l 4wd diesel 7 str,12592,2022,2069393,diesel,1,green,suv,manual,2025,4,mahindra_scorpio n
bangalore,volkswagen,polo,highline1.2l (d),120431,2014,458000,diesel,1,grey,hatchback,manual,2014,12,volkswagen_polo
bangalore,maruti suzuki,ertiga,vdi 1.3 diesel,65401,2018,1088683,diesel,1,silver,muv,manual,2019,8,maruti suzuki_ertiga
bangalore,volkswagen,polo,highline1.2l (p),50207,2013,470000,petrol,1,grey,hatchback,manual,2013,13,volkswagen_polo
bangalore,kia,sonet,gtx plus 1.5 at,115899,2021,1076045,diesel,1,grey,suv,automatic,2021,5,kia_sonet
bangalore,maruti suzuki,grand vitara,delta smart hybrid,9224,2024,1277508,petrol,1,blue,suv,manual,2024,2,maruti suzuki_grand vitara
bangalore,hyundai,creta,1.6 sx opt vtvt,28866,2018,1072425,petrol,1,orange,suv,manual,2018,8,hyundai_creta
bangalore,maruti suzuki,eeco,5 str with a/c+htr,40826,2019,463000,petrol,1,silver,muv,manual,2020,7,maruti suzuki_eeco
bangalore,tata,altroz,xz plus 1.5 diesel mt dual tone,33525,2022,867000,diesel,1,white,hatchback,manual,2023,4,tata_altroz
bangalore,hyundai,new santro 1.1,sportz mt,25318,2020,510000,petrol,1,grey,hatchback,manual,2020,6,hyundai_new santro 1.1
bangalore,tata,nexon,xz plus,30205,2022,966000,petrol,1,red,suv,manual,2022,4,tata_nexon
bangalore,maruti suzuki,swift,zxi plus,22835,2023,812000,petrol,1,silver,hatchback,manual,2023,3,maruti suzuki_swift
bangalore,hyundai,verna,ex 1.6 vtvt at,62303,2018,812000,petrol,1,white,sedan,automatic,2018,8,hyundai_verna
bangalore,maruti suzuki,ertiga,zxi,80171,2013,575000,petrol,1,silver,muv,manual,2014,13,maruti suzuki_ertiga
bangalore,hyundai,i10,magna 1.2 kappa2,87900,2013,303000,petrol,1,silver,hatchback,manual,2013,13,hyundai_i10
bangalore,hyundai,eon,era +,45067,2015,287000,petrol,1,white,hatchback,manual,2015,11,hyundai_eon
bangalore,hyundai,new i20,sportz 1.2 mt,17532,2023,782000,petrol,1,blue,hatchback,manual,2023,3,hyundai_new i20
bangalore,honda,brio,v mt,120621,2013,323000,petrol,2,brown,hatchback,manual,2013,13,honda_brio
bangalore,tata,nexon,xza plus amt petrol,71674,2018,757000,petrol,1,grey,suv,automatic,2018,8,tata_nexon
bangalore,toyota,etios,g sp,58304,2014,397000,petrol,2,silver,sedan,manual,2014,12,toyota_etios
bangalore,maruti suzuki,vitara brezza,zdi plus ags,76357,2019,859000,diesel,1,white,suv,automatic,2019,7,maruti suzuki_vitara brezza
bangalore,volkswagen,ameo,highline1.5l (d),85628,2018,546000,diesel,2,grey,sedan,manual,2018,8,volkswagen_ameo
bangalore,maruti suzuki,ertiga,vxi,47793,2013,562000,petrol,1,silver,muv,manual,2013,13,maruti suzuki_ertiga
bangalore,ford,freestyle,titanium 1.5 tdci,93833,2018,562000,diesel,1,brown,crossover,manual,2018,8,ford_freestyle
bangalore,maruti suzuki,baleno,alpha 1.2 at,17641,2018,726000,petrol,1,silver,hatchback,automatic,2018,8,maruti suzuki_baleno
bangalore,hyundai,elite i20,asta 1.4 crdi,84609,2015,546000,diesel,2,blue,hatchback,manual,2016,11,hyundai_elite i20
bangalore,honda,amaze,1.5 vx i-dtec,104094,2013,360000,diesel,2,black,sedan,manual,2013,13,honda_amaze
bangalore,volkswagen,taigun,topline 1.0 tsi at,23607,2022,1475513,petrol,1,white,suv,automatic,2023,4,volkswagen_taigun
bangalore,hyundai,xcent,s crdi,76973,2018,579000,diesel,1,white,sedan,manual,2018,8,hyundai_xcent
bangalore,renault,triber,limited edition,53816,2022,596000,petrol,1,silver,muv,manual,2022,4,renault_triber
bangalore,mahindra,xuv500,w6,119385,2015,812000,diesel,1,white,suv,manual,2015,11,mahindra_xuv500
bangalore,tata,nano,twist xt petrol,29584,2014,159000,petrol,3,purple,hatchback,manual,2015,12,tata_nano
bangalore,maruti suzuki,baleno,zeta 1.2 at,119437,2017,544000,petrol,1,red,hatchback,automatic,2017,9,maruti suzuki_baleno
bangalore,maruti suzuki,alto 800,lxi,118313,2013,232000,petrol,1,silver,hatchback,manual,2014,13,maruti suzuki_alto 800
bangalore,datsun,redi-go,s (o),34739,2017,253000,petrol,2,grey,hatchback,manual,2017,9,datsun_redi-go
bangalore,mahindra,kuv100,k8 5 str,33056,2016,421000,petrol,1,orange,crossover,manual,2016,10,mahindra_kuv100
bangalore,hyundai,elite i20,asta 1.4 (o) crdi,58683,2018,742000,diesel,1,blue,hatchback,manual,2019,8,hyundai_elite i20
bangalore,volkswagen,polo,highline1.5l (d),122897,2014,514000,diesel,1,white,hatchback,manual,2015,12,volkswagen_polo
bangalore,maruti suzuki,ciaz,s 1.5 mt,55360,2021,875000,petrol,1,white,sedan,manual,2021,5,maruti suzuki_ciaz
bangalore,tata,zest,xms petrol,66564,2016,410000,petrol,1,grey,sedan,manual,2016,10,tata_zest
bangalore,hyundai,grand i10 nios,sportz 1.2 kappa vtvt,13115,2022,667000,petrol,1,red,hatchback,manual,2022,4,hyundai_grand i10 nios
bangalore,tata,nexon,xz plus s,55774,2021,926000,petrol,1,green,suv,manual,2021,5,tata_nexon
bangalore,volkswagen,polo,highline1.2l (p),51224,2016,597000,petrol,1,red,hatchback,manual,2016,10,volkswagen_polo
bangalore,renault,triber,rxz,11219,2024,816000,petrol,1,brown,muv,manual,2024,2,renault_triber
bangalore,mahindra,thar,lx hard top petrol at 4wd,27625,2022,1458000,petrol,1,black,suv,automatic,2022,4,mahindra_thar
bangalore,renault,kwid,rxt,124252,2016,276000,petrol,1,grey,hatchback,manual,2016,10,renault_kwid
bangalore,tata,tigor,xz plus,65415,2020,545000,petrol,1,blue,sedan,manual,2020,6,tata_tigor
bangalore,honda,city,vx cvt,70071,2014,633000,petrol,1,black,sedan,automatic,2014,12,honda_city
bangalore,tata,tiago,xza plus,28772,2021,639000,petrol,1,grey,hatchback,automatic,2022,5,tata_tiago
bangalore,honda,city,1.5 s mt,74009,2012,328000,petrol,2,silver,sedan,manual,2012,14,honda_city
bangalore,honda,city,v petrol,15221,2021,1046218,petrol,1,brown,sedan,manual,2021,5,honda_city
bangalore,honda,jazz,zx cvt,28118,2021,899000,petrol,1,brown,hatchback,automatic,2021,5,honda_jazz
bangalore,hyundai,grand i10,asta at 1.2 kappa vtvt,39342,2015,448000,petrol,2,red,hatchback,automatic,2015,11,hyundai_grand i10
bangalore,renault,kiger,rxz amt dual tone,54533,2021,681000,petrol,1,red,suv,automatic,2021,5,renault_kiger
bangalore,maruti suzuki,alto k10,vxi amt,138131,2014,273000,petrol,1,orange,hatchback,automatic,2014,12,maruti suzuki_alto k10
bangalore,tata,nano,twist xta petrol,51392,2015,213000,petrol,1,red,hatchback,automatic,2015,11,tata_nano
bangalore,maruti suzuki,baleno,zeta 1.3,61617,2019,739000,diesel,1,grey,hatchback,manual,2020,7,maruti suzuki_baleno
bangalore,maruti suzuki,alto k10,vxi plus ags,5571,2024,585000,petrol,1,grey,hatchback,automatic,2024,2,maruti suzuki_alto k10
bangalore,renault,kwid,rxt (o) 1.0 sce edition,59911,2018,368000,petrol,1,red,hatchback,manual,2019,8,renault_kwid
bangalore,honda,mobilio,v diesel,102983,2014,540000,diesel,1,white,muv,manual,2015,12,honda_mobilio
bangalore,toyota,urban cruiser hyryder,s at neodrive,6303,2024,1498743,petrol,1,white,suv,automatic,2024,2,toyota_urban cruiser hyryder
bangalore,nissan,sunny,xl diesel,54513,2017,472000,diesel,3,grey,sedan,manual,2017,9,nissan_sunny
bangalore,hyundai,i10,magna 1.2 petrol,46863,2012,282000,petrol,1,silver,hatchback,manual,2012,14,hyundai_i10
bangalore,mg motors,hector,smart 2.0 turbo diesel,10444,2023,1694683,diesel,1,grey,suv,manual,2025,3,mg motors_hector
bangalore,hyundai,elite i20,asta 1.2,89079,2015,502000,petrol,2,white,hatchback,manual,2015,11,hyundai_elite i20
bangalore,maruti suzuki,baleno,zeta automatic,48733,2020,698000,petrol,1,silver,hatchback,automatic,2020,6,maruti suzuki_baleno
bangalore,renault,kwid,rxt,75058,2017,281000,petrol,2,white,hatchback,manual,2017,9,renault_kwid
bangalore,tata,nexon,xz plus (s) dark edition,13841,2023,1150293,petrol,1,black,suv,manual,2024,3,tata_nexon
bangalore,hyundai,verna,sx (o) 1.0 turbo dct,41245,2021,1252274,petrol,1,white,sedan,automatic,2021,5,hyundai_verna
bangalore,hyundai,venue,sx plus 1.0 turbo dct,50467,2021,995000,petrol,1,blue,suv,automatic,2021,5,hyundai_venue
bangalore,honda,amaze,vx cvt 1.2 petrol,30901,2022,844000,petrol,1,grey,sedan,automatic,2022,4,honda_amaze
bangalore,tata,harrier,xz plus dual tone,33103,2022,1748213,diesel,1,red,suv,manual,2022,4,tata_harrier
bangalore,maruti suzuki,wagon r 1.0,lxi,35685,2012,287000,petrol,1,white,hatchback,manual,2012,14,maruti suzuki_wagon r 1.0
bangalore,maruti suzuki,baleno,alpha ags,5936,2023,945000,petrol,1,blue,hatchback,automatic,2023,3,maruti suzuki_baleno
bangalore,renault,kwid,1.0 rxt amt,33301,2016,358000,petrol,1,grey,hatchback,automatic,2016,10,renault_kwid
bangalore,kia,seltos,gtx plus dct,37490,2021,1418953,petrol,2,white,suv,automatic,2021,5,kia_seltos
bangalore,renault,triber,rxt,55518,2023,640000,petrol,1,blue,muv,manual,2023,3,renault_triber
bangalore,tata,tiago,xza plus,33623,2022,675000,petrol,1,white,hatchback,automatic,2022,4,tata_tiago
bangalore,hyundai,verna,sx plus 1.6 crdi at,83679,2018,850000,diesel,1,grey,sedan,automatic,2018,8,hyundai_verna
bangalore,mahindra,xuv500,w10 1.99,102622,2016,768217,diesel,2,silver,suv,manual,2016,10,mahindra_xuv500
bangalore,renault,kwid,1.0 rxt amt,46119,2018,380000,petrol,1,grey,hatchback,automatic,2018,8,renault_kwid
bangalore,maruti suzuki,baleno,delta 1.2 at,51397,2016,547000,petrol,1,white,hatchback,automatic,2016,10,maruti suzuki_baleno
bangalore,tata,tigor,revotron xz+,86803,2019,520000,petrol,1,white,sedan,manual,2019,7,tata_tigor
bangalore,tata,nexon,xz plus dark edition,31513,2022,964000,petrol,1,black,suv,manual,2022,4,tata_nexon
bangalore,maruti suzuki,s-presso,vxi plus,13537,2020,445000,petrol,1,silver,hatchback,manual,2020,6,maruti suzuki_s-presso
bangalore,hyundai,elite i20,asta 1.4 crdi,99396,2015,574000,diesel,1,white,hatchback,manual,2015,11,hyundai_elite i20
bangalore,toyota,innova crysta,2.4 gx 7 str,80120,2018,1593585,diesel,1,silver,muv,manual,2018,8,toyota_innova crysta
bangalore,ford,ecosport,trend + 1.5l ti-vct at,67384,2019,754000,petrol,1,red,suv,automatic,2019,7,ford_ecosport
bangalore,maruti suzuki,swift,zxi amt,28637,2019,688000,petrol,1,blue,hatchback,automatic,2019,7,maruti suzuki_swift
bangalore,maruti suzuki,swift,zdi plus,54264,2019,737000,diesel,1,blue,hatchback,manual,2019,7,maruti suzuki_swift
bangalore,mahindra,xuv500,w9 at,48105,2018,1305000,diesel,1,white,suv,automatic,2018,8,mahindra_xuv500
bangalore,tata,tiago,xt,14704,2023,609000,petrol,1,purple,hatchback,manual,2023,3,tata_tiago
bangalore,maruti suzuki,celerio,zxi amt,26074,2017,441000,petrol,2,silver,hatchback,automatic,2017,9,maruti suzuki_celerio
bangalore,hyundai,eon,era +,44310,2015,285000,petrol,1,grey,hatchback,manual,2015,11,hyundai_eon
bangalore,maruti suzuki,swift,vxi amt,59117,2020,645000,petrol,1,silver,hatchback,automatic,2020,6,maruti suzuki_swift
bangalore,tata,altroz,xza+,11833,2023,880000,petrol,1,white,hatchback,automatic,2023,3,tata_altroz
bangalore,maruti suzuki,eeco,5 str ac,15224,2023,576000,petrol,1,grey,muv,manual,2023,3,maruti suzuki_eeco
bangalore,hyundai,alcazar,signature (o) 6 str 1.5 diesel at,34544,2023,1940113,diesel,1,white,suv,automatic,2023,3,hyundai_alcazar
bangalore,skoda,kushaq,style 1.5l tsi dsg (6 airbags),26087,2023,1694683,petrol,1,blue,suv,automatic,2023,3,skoda_kushaq
bangalore,honda,city,v,89558,2015,535000,petrol,1,red,sedan,manual,2015,11,honda_city
bangalore,maruti suzuki,eeco,5 str with a/c+htr,28349,2021,523000,petrol,1,grey,muv,manual,2021,5,maruti suzuki_eeco
bangalore,mahindra,xuv700,ax 7 petrol at luxury pack 7 str,22919,2023,2397643,petrol,1,red,suv,automatic,2023,3,mahindra_xuv700
bangalore,renault,kwid,rxt 1.0 opt,18691,2021,448000,petrol,1,blue,hatchback,manual,2021,5,renault_kwid
bangalore,hyundai,new santro 1.1,era executive,29599,2019,419000,petrol,1,white,hatchback,manual,2019,7,hyundai_new santro 1.1
bangalore,renault,kwid,rxt 1.0 sce edition,45873,2017,349000,petrol,1,red,hatchback,manual,2017,9,renault_kwid
bangalore,maruti suzuki,baleno,zeta 1.2,72518,2016,555000,petrol,1,red,hatchback,manual,2016,10,maruti suzuki_baleno
bangalore,datsun,redi-go,s 1.0 amt,39250,2019,309000,petrol,2,grey,hatchback,automatic,2020,7,datsun_redi-go
bangalore,ford,ecosport,titanium 1.5l tdci,45467,2016,672000,diesel,1,white,suv,manual,2016,10,ford_ecosport
bangalore,kia,sonet,htx 1.0 imt,16862,2021,949000,petrol,1,red,suv,manual,2021,5,kia_sonet
bangalore,skoda,octavia,1.8 tsi at l k,74546,2018,1558333,petrol,1,black,sedan,automatic,2019,8,skoda_octavia
bangalore,renault,kwid,rxt,76168,2016,300000,petrol,1,grey,hatchback,manual,2016,10,renault_kwid
bangalore,maruti suzuki,ciaz,alpha 1.4 at,47829,2017,713000,petrol,1,blue,sedan,automatic,2017,9,maruti suzuki_ciaz
bangalore,hyundai,grand i10,sportz at 1.2 kappa vtvt,35201,2018,602000,petrol,1,orange,hatchback,automatic,2018,8,hyundai_grand i10
bangalore,kia,seltos,htk 1.5,29922,2020,995000,petrol,1,silver,suv,manual,2020,6,kia_seltos
bangalore,honda,brio,vx mt,43920,2018,532000,petrol,1,red,hatchback,manual,2018,8,honda_brio
bangalore,tata,nexon,xma amt diesel,50810,2019,749000,diesel,1,blue,suv,automatic,2019,7,tata_nexon
bangalore,tata,nexon,xz plus (o),46592,2021,954000,petrol,1,white,suv,manual,2021,5,tata_nexon
bangalore,maruti suzuki,swift,zxi amt,9694,2022,789000,petrol,1,red,hatchback,automatic,2022,4,maruti suzuki_swift
bangalore,maruti suzuki,baleno,alpha mt,8843,2024,957000,petrol,1,white,hatchback,manual,2024,2,maruti suzuki_baleno
bangalore,maruti suzuki,baleno,alpha 1.2 at,64639,2018,672000,petrol,1,blue,hatchback,automatic,2018,8,maruti suzuki_baleno
bangalore,hyundai,new santro 1.1,sportz mt,27001,2022,579000,petrol,1,grey,hatchback,manual,2022,4,hyundai_new santro 1.1
bangalore,maruti suzuki,baleno,alpha mt,19911,2024,946000,petrol,1,white,hatchback,manual,2024,2,maruti suzuki_baleno
bangalore,honda,city,zx petrol,43046,2021,1153323,petrol,1,red,sedan,manual,2021,5,honda_city
bangalore,hyundai,aura,sx 1.2 petrol,23547,2023,771000,petrol,1,white,sedan,manual,2023,3,hyundai_aura
bangalore,ford,ecosport,titanium 1.5l ti-vct at,69919,2020,857000,petrol,1,white,suv,automatic,2020,6,ford_ecosport
bangalore,hyundai,creta,1.4 s,97615,2018,960000,diesel,1,silver,suv,manual,2018,8,hyundai_creta
bangalore,maruti suzuki,xl6,zeta at petrol,22446,2022,1194000,petrol,1,silver,muv,automatic,2022,4,maruti suzuki_xl6
bangalore,tata,tiago,xz w/o alloy,39533,2019,501000,petrol,1,brown,hatchback,manual,2019,7,tata_tiago
bangalore,maruti suzuki,baleno,alpha 1.2,77047,2017,594000,petrol,1,red,hatchback,manual,2017,9,maruti suzuki_baleno
bangalore,tata,nano,twist xt petrol,36657,2015,197000,petrol,1,purple,hatchback,manual,2015,11,tata_nano
bangalore,renault,duster,85 ps rxs mt,58368,2017,720000,diesel,1,orange,suv,manual,2017,9,renault_duster
bangalore,volkswagen,virtus,gt+ 1.5 petrol mt,88140,2023,1459045,petrol,1,black,sedan,manual,2023,3,volkswagen_virtus
bangalore,maruti suzuki,alto k10,vxi,88834,2016,310000,petrol,1,silver,hatchback,manual,2016,10,maruti suzuki_alto k10
bangalore,renault,duster,110 ps rxz 4x2 amt,66627,2018,795000,diesel,1,white,suv,automatic,2018,8,renault_duster
bangalore,mahindra,xuv700,ax 5 diesel at 7 str,15084,2023,2174433,diesel,1,blue,suv,automatic,2024,3,mahindra_xuv700
bangalore,mahindra,xuv500,w11,50534,2021,1573000,diesel,1,black,suv,manual,2021,5,mahindra_xuv500
pune,skoda,slavia,style 1.5l tsi dsg,43645,2022,1475468,petrol,1,grey,sedan,automatic,2022,4,skoda_slavia
pune,kia,seltos,gtx plus 1.4 dct,9600,2022,1700743,petrol,1,blue,suv,automatic,2022,4,kia_seltos
pune,maruti suzuki,swift,lxi (o),36922,2017,443000,petrol,1,white,hatchback,manual,2017,9,maruti suzuki_swift
pune,maruti suzuki,wagon r,vxi,92769,2015,319000,petrol,1,white,hatchback,manual,2015,11,maruti suzuki_wagon r
pune,tata,nexon,xt diesel,63880,2018,701000,diesel,1,grey,suv,manual,2018,8,tata_nexon
pune,hyundai,grand i10,asta at 1.2 kappa vtvt (o),65337,2016,467000,petrol,1,grey,hatchback,automatic,2017,10,hyundai_grand i10
pune,maruti suzuki,dzire,vxi,81965,2019,531000,petrol,1,brown,sedan,manual,2019,7,maruti suzuki_dzire
pune,maruti suzuki,celerio,vxi cng,133293,2015,350000,cng,1,white,hatchback,manual,2015,11,maruti suzuki_celerio
pune,audi,q3,30 tfsi premium,63280,2018,1908758,petrol,2,white,suv,automatic,2018,8,audi_q3
pune,tata,punch,creative dual tone,27549,2022,752000,petrol,1,grey,suv,manual,2022,4,tata_punch
pune,honda,city,v petrol,16837,2022,995000,petrol,1,white,sedan,manual,2023,4,honda_city
pune,hyundai,new santro 1.1,sportz mt,35778,2020,458000,petrol,1,blue,hatchback,manual,2020,6,hyundai_new santro 1.1
pune,mg motors,gloster,savvy 6 str 2.0 twin turbo 4wd,74182,2021,2874955,diesel,1,red,suv,automatic,2021,5,mg motors_gloster
pune,hyundai,verna,sx (o) 1.5 vtvt ivt,33101,2022,1300738,petrol,1,black,sedan,automatic,2022,4,hyundai_verna
pune,hyundai,grand i10,sportz 1.2 kappa vtvt,50066,2016,411000,petrol,1,blue,hatchback,manual,2016,10,hyundai_grand i10
pune,honda,amaze,s mt 1.2 petrol,113814,2022,581000,petrol,1,silver,sedan,manual,2022,4,honda_amaze
pune,maruti suzuki,alto k10,vxi,25787,2016,282000,petrol,2,red,hatchback,manual,2016,10,maruti suzuki_alto k10
pune,mercedes-benz,glc,200 progressive,31695,2020,4039858,petrol,2,blue,wagon,automatic,2021,6,mercedes-benz_glc
pune,bmw,x1,sdrive20i sportx,45367,2021,2726858,petrol,1,black,suv,automatic,2021,5,bmw_x1
pune,audi,a6,35 tfsi premium matrix,56013,2017,2120858,petrol,1,blue,sedan,automatic,2017,9,audi_a6
pune,bmw,x1,sdrive20i xline,48990,2019,2474358,petrol,1,white,suv,automatic,2020,7,bmw_x1
pune,bmw,5 series,520d luxury line,39169,2018,3231858,diesel,2,blue,sedan,automatic,2018,8,bmw_5 series
pune,renault,duster,rxz 1.3 turbo petrol mt,30299,2020,859000,petrol,1,orange,suv,manual,2022,6,renault_duster
pune,hyundai,exter,sx (o) connect 1.2 amt,22910,2023,845000,petrol,1,green,suv,automatic,2023,3,hyundai_exter
pune,hyundai,grand i10,asta at 1.2 kappa vtvt,58850,2016,458000,petrol,2,white,hatchback,automatic,2016,10,hyundai_grand i10
pune,skoda,kushaq,style 1.0l tsi mt,17909,2023,1430063,petrol,1,white,suv,manual,2023,3,skoda_kushaq
pune,maruti suzuki,ciaz,alpha 1.5,50089,2021,830000,petrol,1,grey,sedan,manual,2021,5,maruti suzuki_ciaz
pune,maruti suzuki,alto 800,lxi,35607,2018,295000,petrol,1,silver,hatchback,manual,2018,8,maruti suzuki_alto 800
pune,kia,sonet,gtx plus 1.0 imt,56684,2020,893000,petrol,1,black,suv,manual,2020,6,kia_sonet
pune,maruti suzuki,wagon r,vxi,61675,2013,267000,petrol,2,silver,hatchback,manual,2013,13,maruti suzuki_wagon r
pune,maruti suzuki,vitara brezza,zxi,35197,2020,735000,petrol,1,red,suv,manual,2020,6,maruti suzuki_vitara brezza
pune,nissan,micra active,xv safety pack,63346,2015,299000,petrol,1,silver,hatchback,manual,2015,11,nissan_micra active
pune,tata,tiago,xt cng,24302,2022,597000,cng,1,blue,hatchback,manual,2022,4,tata_tiago
pune,maruti suzuki,ciaz,zeta hybrid 1.5 at,42755,2018,730000,petrol,1,white,sedan,automatic,2019,8,maruti suzuki_ciaz
pune,kia,sonet,gtx plus 1.0 dct,51379,2020,886000,petrol,2,grey,suv,automatic,2020,6,kia_sonet
pune,maruti suzuki,alto 800,lxi cng,100765,2020,345000,cng,1,white,hatchback,manual,2020,6,maruti suzuki_alto 800
pune,mercedes-benz,c-class,c 220 cdi avantgarde,48039,2017,2221858,diesel,1,blue,sedan,automatic,2017,9,mercedes-benz_c-class
pune,jeep,compass,longitude (o) 2.0 diesel,76932,2017,890000,diesel,2,red,suv,manual,2017,9,jeep_compass
pune,jeep,compass,longitude 2.0 diesel,69717,2017,970000,diesel,1,white,suv,manual,2018,9,jeep_compass
pune,maruti suzuki,wagon r 1.0,vxi,59037,2012,242000,petrol,2,silver,hatchback,manual,2012,14,maruti suzuki_wagon r 1.0
pune,honda,jazz,zx cvt,22141,2022,905000,petrol,1,red,hatchback,automatic,2022,4,honda_jazz
pune,tata,nexon,xz plus diesel,116580,2017,647000,diesel,1,red,suv,manual,2018,9,tata_nexon
pune,hyundai,creta,1.6 sx plus auto,124161,2018,892000,diesel,1,black,suv,automatic,2018,8,hyundai_creta
pune,tata,nexon,xza plus luxs,8817,2023,1142168,petrol,1,brown,suv,automatic,2023,3,tata_nexon
pune,mahindra,thar,lx hard top petrol mt 4wd,34231,2022,1155343,petrol,2,grey,suv,manual,2022,4,mahindra_thar
pune,maruti suzuki,wagon r 1.0,vxi,72799,2011,242000,petrol,1,grey,hatchback,manual,2011,15,maruti suzuki_wagon r 1.0
pune,kia,carens,prestige plus 1.4 petrol mt 7 str,25126,2022,1216908,petrol,1,black,muv,manual,2022,4,kia_carens
pune,honda,brio,s mt,97353,2012,230000,petrol,1,grey,hatchback,manual,2012,14,honda_brio
pune,tata,tigor,xz plus cng,44543,2022,649000,cng,2,grey,sedan,manual,2022,4,tata_tigor
pune,maruti suzuki,ignis,delta mt petrol+cng (outside fitted),34154,2023,575000,cng,1,blue,hatchback,manual,2023,3,maruti suzuki_ignis
pune,maruti suzuki,ciaz,alpha hybrid 1.5,81397,2019,693000,petrol,1,blue,sedan,manual,2019,7,maruti suzuki_ciaz
pune,bmw,3 series,320d luxury line,49087,2018,2322858,diesel,1,white,sedan,automatic,2019,8,bmw_3 series
pune,jeep,compass,80 anniversary 1.4 petrol dct,26289,2021,1918858,petrol,1,red,suv,automatic,2021,5,jeep_compass
pune,kia,sonet,htx 1.0 imt,41870,2021,883000,petrol,1,grey,suv,manual,2021,5,kia_sonet
pune,volkswagen,taigun,highline 1.0 tsi at,89339,2021,1045224,petrol,1,silver,suv,automatic,2021,5,volkswagen_taigun
pune,skoda,kushaq,style 1.0l tsi at,59649,2021,1245000,petrol,1,grey,suv,automatic,2021,5,skoda_kushaq
pune,tata,punch,creative dual tone amt,16653,2022,813000,petrol,1,white,suv,automatic,2023,4,tata_punch
pune,jeep,compass,model s (o) 2.0 diesel,43063,2021,1767358,diesel,1,white,suv,manual,2021,5,jeep_compass
pune,mercedes-benz,gla,200 cgi sport,27197,2019,2009758,petrol,2,red,suv,automatic,2019,7,mercedes-benz_gla
pune,renault,duster,rxs 1.5 petrol mt,25782,2020,768000,petrol,1,grey,suv,manual,2020,6,renault_duster
pune,hyundai,grand i10 nios,asta amt 1.2 kappa vtvt,15415,2022,767000,petrol,1,blue,hatchback,automatic,2022,4,hyundai_grand i10 nios
pune,maruti suzuki,swift,zxi,69681,2012,357000,petrol,1,red,hatchback,manual,2012,14,maruti suzuki_swift
pune,tata,nexon,xm,10141,2023,817000,petrol,1,grey,suv,manual,2023,3,tata_nexon
pune,maruti suzuki,alto 800,lxi cng,24232,2019,373000,cng,1,white,hatchback,manual,2019,7,maruti suzuki_alto 800
pune,renault,kwid,rxl,24860,2020,319000,petrol,2,bronze,hatchback,manual,2020,6,renault_kwid
pune,maruti suzuki,ciaz,zxi+,62874,2015,547000,petrol,1,white,sedan,manual,2015,11,maruti suzuki_ciaz
pune,ford,freestyle,titanium 1.2,39436,2018,502000,petrol,1,brown,crossover,manual,2018,8,ford_freestyle
pune,maruti suzuki,wagon r,zxi plus 1.2,79461,2023,517000,petrol,1,red,hatchback,manual,2023,3,maruti suzuki_wagon r
pune,tata,tigor,xz plus cng leatherette pack,19863,2023,830000,cng,1,blue,sedan,manual,2023,3,tata_tigor
pune,renault,duster,110 ps rxz 4x2 mt diesel,108824,2016,489000,diesel,2,grey,suv,manual,2016,10,renault_duster
pune,tata,nexon,xz plus (o) dark edition,23382,2021,951000,petrol,1,black,suv,manual,2022,5,tata_nexon
pune,hyundai,exter,sx (o) connect 1.2 amt knight edition,13415,2024,931000,petrol,1,blue,suv,automatic,2024,2,hyundai_exter
pune,skoda,superb,l&k tsi at,92462,2021,2481000,petrol,1,white,sedan,automatic,2021,5,skoda_superb
pune,hyundai,grand i10 nios,sportz 1.2 kappa cng,36248,2023,714000,cng,1,white,hatchback,manual,2023,3,hyundai_grand i10 nios
pune,hyundai,venue,sx 1.0 turbo,51012,2021,831000,petrol,1,red,suv,manual,2021,5,hyundai_venue
pune,maruti suzuki,ignis,delta 1.2 amt,25976,2019,526000,petrol,1,silver,hatchback,automatic,2019,7,maruti suzuki_ignis
pune,tata,tiago,revotron xza plus,26552,2019,577000,petrol,1,orange,hatchback,automatic,2019,7,tata_tiago
pune,maruti suzuki,baleno,zeta 1.2 at,35985,2016,547000,petrol,1,white,hatchback,automatic,2016,10,maruti suzuki_baleno
pune,renault,kiger,rxz turbo cvt,23416,2023,940000,petrol,1,silver,suv,automatic,2023,3,renault_kiger
pune,skoda,superb,l&k tsi at,119173,2016,1204000,petrol,1,white,sedan,automatic,2016,10,skoda_superb
pune,renault,kwid,climber 1.0 amt,59717,2017,318000,petrol,2,grey,hatchback,automatic,2017,9,renault_kwid
pune,tata,nexon,xza plus amt s,22979,2023,1063388,petrol,1,green,suv,automatic,2023,3,tata_nexon
pune,honda,amaze,vx cvt 1.2 petrol,40013,2022,729000,petrol,2,grey,sedan,automatic,2023,4,honda_amaze
pune,hyundai,elite i20,asta 1.2 at,52300,2018,534000,petrol,3,red,hatchback,automatic,2018,8,hyundai_elite i20
pune,honda,city,vx petrol,9966,2021,1081613,petrol,1,white,sedan,manual,2021,5,honda_city
pune,maruti suzuki,wagon r,vxi,87433,2015,300000,petrol,2,white,hatchback,manual,2015,11,maruti suzuki_wagon r
pune,mahindra,scorpio n,z8 l petrol at 7 str,29572,2022,1821845,petrol,1,black,suv,automatic,2024,4,mahindra_scorpio n
pune,maruti suzuki,baleno,alpha mt,11657,2023,873000,petrol,1,grey,hatchback,manual,2023,3,maruti suzuki_baleno
pune,renault,duster,rxz 1.5 petrol mt,20649,2020,739000,petrol,2,silver,suv,manual,2020,6,renault_duster
pune,hyundai,venue,sx (o) 1.5 crdi,123634,2021,948000,diesel,1,white,suv,manual,2021,5,hyundai_venue
pune,hyundai,i10,sportz 1.1 irde2,89323,2015,304000,petrol,1,grey,hatchback,manual,2015,11,hyundai_i10
pune,nissan,sunny,xv diesel,111669,2016,551000,diesel,1,grey,sedan,manual,2016,10,nissan_sunny
pune,tata,altroz,xz plus 1.2 turbo dt,35001,2022,791000,petrol,1,red,hatchback,manual,2022,4,tata_altroz
pune,mahindra,xuv500,w10 at,118595,2016,891000,diesel,2,silver,suv,automatic,2016,10,mahindra_xuv500
pune,maruti suzuki,celerio,vxi amt,26172,2017,434000,petrol,1,white,hatchback,automatic,2018,9,maruti suzuki_celerio
pune,honda,city,vx cvt,34288,2015,652000,petrol,1,brown,sedan,automatic,2015,11,honda_city
pune,hyundai,grand i10 nios,asta 1.2 kappa,5584,2024,788000,petrol,1,white,hatchback,manual,2024,2,hyundai_grand i10 nios
pune,maruti suzuki,alto k10,vxi (o),32238,2016,291000,petrol,1,grey,hatchback,manual,2016,10,maruti suzuki_alto k10
pune,maruti suzuki,baleno,alpha 1.2,67508,2016,522000,petrol,1,white,hatchback,manual,2017,10,maruti suzuki_baleno
pune,hyundai,new i20,asta (o) 1.0 turbo dct,40579,2023,932000,petrol,1,white,hatchback,automatic,2024,3,hyundai_new i20
pune,mahindra,kuv100,k8 6 str,80647,2016,345000,petrol,1,grey,crossover,manual,2016,10,mahindra_kuv100
pune,maruti suzuki,baleno,zeta 1.2,48626,2018,584000,petrol,1,blue,hatchback,manual,2018,8,maruti suzuki_baleno
pune,maruti suzuki,wagon r,lxi cng,103796,2014,314000,cng,1,blue,hatchback,manual,2014,12,maruti suzuki_wagon r
pune,maruti suzuki,baleno,alpha 1.2 at,73710,2018,607000,petrol,1,blue,hatchback,automatic,2018,8,maruti suzuki_baleno
pune,maruti suzuki,vitara brezza,zxi plus,50963,2020,770000,petrol,1,red,suv,manual,2020,6,maruti suzuki_vitara brezza
pune,tata,nexon,xz plus,84724,2018,647000,petrol,1,blue,suv,manual,2018,8,tata_nexon
pune,tata,altroz,xz plus turbo,25100,2023,841000,petrol,1,blue,hatchback,manual,2023,3,tata_altroz
pune,hyundai,verna,fluidic 1.6 vtvt sx,42364,2013,354000,petrol,3,grey,sedan,manual,2013,13,hyundai_verna
pune,maruti suzuki,swift dzire,vxi,92209,2012,347000,petrol,1,blue,sedan,manual,2012,14,maruti suzuki_swift dzire
pune,hyundai,aura,sx 1.2 (o) petrol,15114,2020,662000,petrol,1,brown,sedan,manual,2020,6,hyundai_aura
pune,ford,ecosport,trend 1.5l tdci,59788,2021,835000,diesel,1,grey,suv,manual,2021,5,ford_ecosport
pune,hyundai,new i20,asta (o) 1.0 turbo dct,32395,2021,923000,petrol,1,blue,hatchback,automatic,2021,5,hyundai_new i20
pune,renault,kwid,rxt 1.0 amt opt,41275,2021,423000,petrol,1,bronze,hatchback,automatic,2021,5,renault_kwid
pune,hyundai,new santro 1.1,magna,29323,2022,504000,petrol,1,silver,hatchback,manual,2022,4,hyundai_new santro 1.1
pune,ford,ecosport,titanium 1.5 ti-vct at,75618,2014,497000,petrol,1,silver,suv,automatic,2014,12,ford_ecosport
pune,maruti suzuki,alto k10,vxi,24993,2011,178000,petrol,2,red,hatchback,manual,2011,15,maruti suzuki_alto k10
pune,tata,altroz,xz plus 1.2 dual tone,15537,2021,722000,petrol,1,white,hatchback,manual,2021,5,tata_altroz
pune,hyundai,new i20,asta (o) 1.2 mt,21058,2023,872000,petrol,1,grey,hatchback,manual,2023,3,hyundai_new i20
pune,maruti suzuki,swift,vxi,42171,2022,617000,petrol,1,white,hatchback,manual,2022,4,maruti suzuki_swift
pune,maruti suzuki,s-presso,vxi s-cng,29194,2023,554000,cng,1,white,hatchback,manual,2023,3,maruti suzuki_s-presso
pune,maruti suzuki,s-cross,zeta at,36074,2021,873000,petrol,1,white,suv,automatic,2021,5,maruti suzuki_s-cross
pune,tata,tiago,revotron xz plus cng,37279,2022,661000,petrol+cng,1,grey,hatchback,manual,2022,4,tata_tiago
pune,maruti suzuki,celerio,vxi cng,33574,2023,585000,cng,1,grey,hatchback,manual,2023,3,maruti suzuki_celerio
pune,tata,punch,adventure rhythm icng,8529,2024,806000,petrol+cng,1,grey,suv,manual,2024,2,tata_punch
pune,hyundai,venue,sx (o) 1.0 turbo imt,16247,2022,980000,petrol,2,white,suv,manual,2022,4,hyundai_venue
pune,mahindra,thar,lx hard top petrol at 4wd,5979,2023,1556313,petrol,1,grey,suv,automatic,2023,3,mahindra_thar
pune,kia,sonet,gtx plus 1.0 dct,77165,2022,1058971,petrol,1,red,suv,automatic,2022,4,kia_sonet
pune,hyundai,grand i10,asta 1.2 kappa vtvt (o),74013,2016,403000,petrol,2,orange,hatchback,manual,2016,10,hyundai_grand i10
pune,hyundai,new santro 1.1,sportz executive cng,7477,2022,628000,petrol+cng,1,silver,hatchback,manual,2022,4,hyundai_new santro 1.1
pune,renault,kwid,rxt,39279,2016,284000,petrol,1,grey,hatchback,manual,2016,10,renault_kwid
pune,maruti suzuki,alto 800,lxi,70033,2013,191000,petrol,2,blue,hatchback,manual,2013,13,maruti suzuki_alto 800
pune,hyundai,venue,sx plus 1.0 turbo dct,41715,2019,812000,petrol,2,white,suv,automatic,2019,7,hyundai_venue
pune,hyundai,i10,era petrol,59921,2011,212000,petrol,1,red,hatchback,manual,2011,15,hyundai_i10
pune,renault,kwid,rxt opt,36426,2019,354000,petrol,1,red,hatchback,manual,2020,7,renault_kwid
pune,hyundai,elite i20,sportz 1.2,37466,2016,526000,petrol,1,grey,hatchback,manual,2016,10,hyundai_elite i20
pune,mg motors,hector plus,sharp pro 2.0 turbo diesel 7 str,68909,2023,1898703,diesel,1,white,suv,manual,2023,3,mg motors_hector plus
pune,maruti suzuki,wagon r,vxi,31066,2018,408000,petrol,1,grey,hatchback,manual,2018,8,maruti suzuki_wagon r
pune,maruti suzuki,ertiga,zxi,40988,2012,554000,petrol,1,blue,muv,manual,2012,14,maruti suzuki_ertiga
pune,hyundai,new i20,asta (o) 1.2 mt,15690,2023,922000,petrol,1,white,hatchback,manual,2023,3,hyundai_new i20
pune,tata,nexon,xz plus,12785,2023,989000,petrol,1,white,suv,manual,2023,3,tata_nexon
pune,hyundai,venue,sx 1.2 petrol,44078,2022,902000,petrol,1,red,suv,manual,2022,4,hyundai_venue
pune,renault,kwid,rxt 1.0 amt (o),18036,2022,491000,petrol,1,red,hatchback,automatic,2022,4,renault_kwid
pune,honda,city,vx cvt petrol,30496,2021,1150000,petrol,1,white,sedan,automatic,2021,5,honda_city
pune,renault,kiger,rxz turbo cvt,31313,2022,856000,petrol,1,brown,suv,automatic,2023,4,renault_kiger
pune,nissan,sunny,xv diesel,97367,2014,394000,diesel,2,black,sedan,manual,2014,12,nissan_sunny
pune,tata,altroz,xza plus petrol dark edtion,25222,2023,874000,petrol,1,black,hatchback,automatic,2023,3,tata_altroz
pune,maruti suzuki,wagon r 1.0,lxi,64611,2011,213000,petrol,2,red,hatchback,manual,2011,15,maruti suzuki_wagon r 1.0
pune,hyundai,venue,sx 1.2 petrol,20097,2023,995000,petrol,1,blue,suv,manual,2023,3,hyundai_venue
pune,maruti suzuki,celerio,vxi amt,111271,2015,336000,petrol,2,red,hatchback,automatic,2015,11,maruti suzuki_celerio
pune,honda,brio,s(o)mt,47532,2012,258000,petrol,1,blue,hatchback,manual,2012,14,honda_brio
pune,skoda,kushaq,style 1.0l tsi mt,27616,2022,1292703,petrol,1,orange,suv,manual,2022,4,skoda_kushaq
pune,tata,altroz,racer r3,3409,2024,980000,petrol,1,orange,hatchback,manual,2025,2,tata_altroz
pune,maruti suzuki,wagon r 1.0,vxi,62202,2015,314000,petrol,3,grey,hatchback,manual,2015,11,maruti suzuki_wagon r 1.0
pune,mahindra,xuv 300,w6 petrol,29826,2023,855000,petrol,1,grey,suv,manual,2023,3,mahindra_xuv 300
pune,tata,tigor,xz plus cng,37090,2022,744000,cng,1,red,sedan,manual,2022,4,tata_tigor
pune,ford,figo,duratec petrol zxi 1.2,48735,2012,231000,petrol,1,black,hatchback,manual,2012,14,ford_figo
pune,tata,nexon,xza plus (o),27708,2022,1044243,petrol,1,green,suv,automatic,2022,4,tata_nexon
pune,toyota,glanza,v cvt,22983,2021,791000,petrol,1,blue,hatchback,automatic,2021,5,toyota_glanza
pune,renault,kiger,rxz 1.0 turbo mt,33893,2021,701000,petrol,1,blue,suv,manual,2022,5,renault_kiger
pune,hyundai,grand i10 nios,magna 1.2 kappa vtvt,22430,2022,587000,petrol,1,white,hatchback,manual,2022,4,hyundai_grand i10 nios
pune,nissan,magnite,xv premium,45505,2023,721000,petrol,1,red,suv,manual,2023,3,nissan_magnite
pune,volkswagen,polo,highline1.2l (p),111502,2011,278000,petrol,2,silver,hatchback,manual,2011,15,volkswagen_polo
pune,maruti suzuki,celerio,vxi amt,79906,2017,414000,petrol,1,white,hatchback,automatic,2017,9,maruti suzuki_celerio
pune,honda,amaze,1.2 vx cvt petrol,14873,2020,741000,petrol,1,red,sedan,automatic,2020,6,honda_amaze
pune,honda,wr-v,i-vtec sv,20176,2020,695000,petrol,1,white,suv,manual,2020,6,honda_wr-v
pune,maruti suzuki,celerio,zxi amt,51810,2020,479000,petrol,2,white,hatchback,automatic,2020,6,maruti suzuki_celerio
pune,maruti suzuki,wagon r 1.0,lxi,112723,2013,234000,petrol,2,red,hatchback,manual,2013,13,maruti suzuki_wagon r 1.0
pune,maruti suzuki,ignis,zeta 1.2 amt,15978,2022,649000,petrol,1,silver,hatchback,automatic,2022,4,maruti suzuki_ignis
pune,kia,carens,prestige plus 1.4 petrol mt 7 str,14078,2022,1271448,petrol,1,grey,muv,manual,2022,4,kia_carens
pune,maruti suzuki,celerio,zxi (o) amt,60021,2017,449000,petrol,1,red,hatchback,automatic,2017,9,maruti suzuki_celerio
pune,renault,kwid,climber amt,6238,2024,603000,petrol,1,silver,hatchback,automatic,2024,2,renault_kwid
pune,hyundai,venue,sx (o) 1.0 turbo dct,68650,2023,1041213,petrol,1,black,suv,automatic,2023,3,hyundai_venue
pune,kia,sonet,gtx plus 1.0 dct,92344,2020,929000,petrol,1,golden,suv,automatic,2021,6,kia_sonet
pune,tata,tiago,revotron xt,101817,2019,423000,petrol,1,grey,hatchback,manual,2019,7,tata_tiago
pune,honda,city,hybrid ehev zx,49373,2023,1696000,hybrid,1,white,sedan,automatic,2023,3,honda_city
pune,volkswagen,virtus,topline 1.0 tsi mt,37566,2023,1301764,petrol,1,silver,sedan,manual,2023,3,volkswagen_virtus
pune,maruti suzuki,ignis,zeta 1.2 mt,34125,2022,577000,petrol,1,grey,hatchback,manual,2022,4,maruti suzuki_ignis
pune,maruti suzuki,swift dzire,vxi,81881,2013,372000,petrol,1,silver,sedan,manual,2013,13,maruti suzuki_swift dzire
pune,ford,freestyle,titanium plus 1.2 ti-vct,41594,2021,635000,petrol,1,brown,crossover,manual,2021,5,ford_freestyle
pune,maruti suzuki,dzire,vxi,10656,2018,597000,petrol,1,blue,sedan,manual,2018,8,maruti suzuki_dzire
pune,maruti suzuki,s-presso,vxi,16301,2022,459000,petrol,1,white,hatchback,manual,2022,4,maruti suzuki_s-presso
pune,hyundai,grand i10 nios,sportz 1.2 kappa vtvt,53780,2020,528000,petrol,1,white,hatchback,manual,2020,6,hyundai_grand i10 nios
pune,renault,kwid,rxl 1.0 amt,23257,2021,395000,petrol,2,white,hatchback,automatic,2021,5,renault_kwid
pune,hyundai,grand i10,sportz 1.2 kappa vtvt,74219,2016,377000,petrol,2,red,hatchback,manual,2016,10,hyundai_grand i10
pune,maruti suzuki,dzire,zxi,23116,2022,729000,petrol,1,grey,sedan,manual,2022,4,maruti suzuki_dzire
pune,honda,jazz,v at petrol,102298,2016,480000,petrol,1,white,hatchback,automatic,2016,10,honda_jazz
pune,maruti suzuki,alto 800,lxi,67119,2013,221000,petrol,1,white,hatchback,manual,2013,13,maruti suzuki_alto 800
pune,maruti suzuki,baleno,delta,37736,2021,608000,petrol,1,blue,hatchback,manual,2021,5,maruti suzuki_baleno
pune,tata,nexon,xz plus,53531,2020,708000,petrol,2,green,suv,manual,2020,6,tata_nexon
pune,honda,jazz,vx petrol,116456,2015,424000,petrol,1,grey,hatchback,manual,2015,11,honda_jazz
pune,tata,altroz,xza plus petrol,29934,2023,839000,petrol,1,blue,hatchback,automatic,2023,3,tata_altroz
pune,tata,altroz,xt 1.2,16649,2023,743000,petrol,1,grey,hatchback,manual,2023,3,tata_altroz
pune,renault,kwid,rxl 0.8,19585,2021,385000,petrol,1,blue,hatchback,manual,2022,5,renault_kwid
pune,tata,altroz,xza plus petrol dark edtion,22530,2022,805000,petrol,1,black,hatchback,automatic,2022,4,tata_altroz
pune,tata,nexon,xz plus,26303,2023,956000,petrol,1,white,suv,manual,2023,3,tata_nexon
pune,hyundai,venue,sx 1.0 (o) turbo imt,80022,2021,896000,petrol,1,white,suv,manual,2021,5,hyundai_venue
pune,maruti suzuki,alto k10,vxi plus (o) ags,9898,2024,562000,petrol,1,grey,hatchback,automatic,2024,2,maruti suzuki_alto k10
pune,ford,ecosport,titanium + 1.5l ti-vct at,57084,2020,837000,petrol,1,white,suv,automatic,2020,6,ford_ecosport
pune,maruti suzuki,wagon r 1.0,vxi,45026,2015,314000,petrol,2,white,hatchback,manual,2015,11,maruti suzuki_wagon r 1.0
pune,maruti suzuki,swift dzire,vxi at,49923,2012,389000,petrol,1,silver,sedan,automatic,2012,14,maruti suzuki_swift dzire
pune,maruti suzuki,ciaz,alpha at petrol,32120,2021,912000,petrol,1,blue,sedan,automatic,2021,5,maruti suzuki_ciaz
pune,volkswagen,polo,comfortline 1.2l (p),89797,2015,348000,petrol,2,blue,hatchback,manual,2015,11,volkswagen_polo
pune,renault,duster,85 ps rxl diesel,78746,2014,448000,diesel,2,brown,suv,manual,2014,12,renault_duster
pune,tata,nexon,xz plus s,41574,2021,897000,petrol,1,green,suv,manual,2021,5,tata_nexon
pune,maruti suzuki,ignis,zeta 1.2 mt,17729,2023,639000,petrol,1,silver,hatchback,manual,2023,3,maruti suzuki_ignis
pune,hyundai,venue,sx 1.0 (o) turbo imt,36740,2022,997000,petrol,1,grey,suv,manual,2022,4,hyundai_venue
pune,hyundai,venue,sx plus 1.0 turbo dct,34087,2022,1080603,petrol,1,white,suv,automatic,2022,4,hyundai_venue
pune,honda,jazz,v cvt,82117,2016,431000,petrol,3,brown,hatchback,automatic,2016,10,honda_jazz
pune,hyundai,xcent,s (o) petrol,92017,2014,363000,petrol,1,grey,sedan,manual,2014,12,hyundai_xcent
pune,hyundai,venue,sx (o) 1.0 turbo dct,38735,2023,1148000,petrol,1,white,suv,automatic,2023,3,hyundai_venue
pune,maruti suzuki,baleno,alpha mt,41032,2022,789000,petrol,1,blue,hatchback,manual,2022,4,maruti suzuki_baleno
pune,renault,kiger,rxz 1.0 turbo mt dual tone,43692,2022,725000,petrol,1,red,suv,manual,2022,4,renault_kiger
pune,maruti suzuki,swift,vxi,62493,2013,368000,petrol,1,red,hatchback,manual,2013,13,maruti suzuki_swift
pune,tata,tiago,revotron xm cng,14734,2022,589000,petrol+cng,1,white,hatchback,manual,2022,4,tata_tiago
pune,tata,tigor,revotron xz+ cng,43497,2022,701000,petrol+cng,1,red,sedan,manual,2022,4,tata_tigor
pune,renault,triber,rxz,13279,2023,736000,petrol,1,brown,muv,manual,2023,3,renault_triber
pune,hyundai,i20,asta (o) 1.2 ivt,26270,2022,895000,petrol,1,white,hatchback,automatic,2023,4,hyundai_i20
pune,mahindra,xuv500,w10,112845,2017,883000,diesel,2,white,suv,manual,2017,9,mahindra_xuv500
pune,maruti suzuki,wagon r 1.0,vxi,101668,2015,311000,petrol,1,white,hatchback,manual,2015,11,maruti suzuki_wagon r 1.0
pune,renault,kiger,rxt 1.0 turbo mt dual tone,17148,2021,680000,petrol,1,blue,suv,manual,2021,5,renault_kiger
pune,maruti suzuki,dzire,vxi,99919,2020,588000,petrol,1,white,sedan,manual,2020,6,maruti suzuki_dzire
pune,maruti suzuki,celerio,zxi amt,56167,2018,477000,petrol,1,red,hatchback,automatic,2018,8,maruti suzuki_celerio
pune,tata,nexon,xz plus diesel,66486,2019,806000,diesel,1,orange,suv,manual,2019,7,tata_nexon
pune,hyundai,venue,sx 1.0 turbo,47847,2022,891000,petrol,1,white,suv,manual,2022,4,hyundai_venue
pune,maruti suzuki,alto 800,lxi,85863,2015,218000,petrol,2,white,hatchback,manual,2015,11,maruti suzuki_alto 800
pune,hyundai,venue,sx plus 1.0 turbo dct,46299,2021,998000,petrol,1,white,suv,automatic,2021,5,hyundai_venue
pune,maruti suzuki,wagon r 1.0,lxi cng,49832,2017,392000,petrol+cng,2,white,hatchback,manual,2017,9,maruti suzuki_wagon r 1.0
pune,maruti suzuki,wagon r 1.2,zxi plus dual tone,14659,2023,638000,petrol,1,red,hatchback,manual,2023,3,maruti suzuki_wagon r 1.2
pune,renault,kiger,rxz turbo cvt,21777,2022,873000,petrol,1,silver,suv,automatic,2022,4,renault_kiger
pune,mahindra,xuv500,w8,98780,2015,743000,diesel,1,white,suv,manual,2015,11,mahindra_xuv500
pune,maruti suzuki,alto 800,vxi,49471,2017,281000,petrol,2,white,hatchback,manual,2017,9,maruti suzuki_alto 800
pune,tata,punch,accomplished dazzle sunroof cng,8472,2024,968000,cng,1,white,suv,manual,2024,2,tata_punch
pune,renault,kiger,rxz turbo cvt,36650,2021,800000,petrol,1,white,suv,automatic,2022,5,renault_kiger
pune,maruti suzuki,celerio,zxi,29855,2020,470000,petrol,1,red,hatchback,manual,2020,6,maruti suzuki_celerio
pune,toyota,innova,2.5 g2 8 str,79425,2013,694000,diesel,1,white,muv,manual,2013,13,toyota_innova
pune,maruti suzuki,ignis,delta 1.2 amt,44436,2017,463000,petrol,1,white,hatchback,automatic,2017,9,maruti suzuki_ignis
pune,maruti suzuki,swift,vxi,10397,2022,643000,petrol,1,grey,hatchback,manual,2022,4,maruti suzuki_swift
pune,hyundai,venue,sx 1.0 (o) turbo imt,45406,2021,917000,petrol,1,blue,suv,manual,2021,5,hyundai_venue
pune,maruti suzuki,dzire,vxi amt,73233,2019,599000,petrol,1,grey,sedan,automatic,2019,7,maruti suzuki_dzire
pune,mahindra,thar,lx convertible petrol at 4wd,9745,2021,1312000,petrol,1,black,suv,automatic,2021,5,mahindra_thar
pune,hyundai,xcent,sx at (o) petrol,80952,2014,430000,petrol,1,blue,sedan,automatic,2014,12,hyundai_xcent
pune,hyundai,aura,sx 1.2 petrol,10353,2024,796000,petrol,1,white,sedan,manual,2024,2,hyundai_aura
pune,maruti suzuki,wagon r 1.0,lxi cng,126939,2016,341000,petrol+cng,1,brown,hatchback,manual,2016,10,maruti suzuki_wagon r 1.0
pune,tata,altroz,xz plus 1.5 diesel mt dual tone,27720,2022,846000,diesel,1,white,hatchback,manual,2022,4,tata_altroz
pune,renault,triber,rxz,16967,2021,628000,petrol,1,silver,muv,manual,2021,5,renault_triber
pune,hyundai,creta,1.6 sx plus auto,104933,2015,759000,diesel,1,grey,suv,automatic,2015,11,hyundai_creta
pune,tata,altroz,xz plus 1.2 turbo dt,40077,2021,731000,petrol,1,white,hatchback,manual,2021,5,tata_altroz
pune,renault,kiger,rxz mt,17346,2023,727000,petrol,1,black,suv,manual,2023,3,renault_kiger
pune,maruti suzuki,dzire,zxi plus,23987,2022,722000,petrol,2,blue,sedan,manual,2022,4,maruti suzuki_dzire
pune,maruti suzuki,ignis,zeta mt petrol,35582,2022,565000,petrol,1,white,hatchback,manual,2022,4,maruti suzuki_ignis
pune,honda,city,zx petrol cvt,39487,2023,1368000,petrol,1,white,sedan,automatic,2023,3,honda_city
pune,ford,ecosport,ambiente 1.5l tdci,66494,2017,574000,diesel,2,white,suv,manual,2017,9,ford_ecosport
pune,honda,city,1.5 v mt,83021,2013,389000,petrol,1,white,sedan,manual,2013,13,honda_city
pune,maruti suzuki,alto k10,vxi amt,34142,2016,289000,petrol,2,red,hatchback,automatic,2016,10,maruti suzuki_alto k10
pune,maruti suzuki,ciaz,alpha at petrol,61042,2020,814000,petrol,1,grey,sedan,automatic,2020,6,maruti suzuki_ciaz
pune,hyundai,new santro 1.1,sportz executive cng,69822,2022,541000,petrol+cng,1,white,hatchback,manual,2022,4,hyundai_new santro 1.1
pune,maruti suzuki,swift,zxi,45901,2022,689000,petrol,1,red,hatchback,manual,2022,4,maruti suzuki_swift
pune,tata,tigor,revotron xz+ cng,40034,2023,733000,petrol+cng,1,brown,sedan,manual,2023,3,tata_tigor
pune,hyundai,new i20,asta (o) 1.0 turbo dct,23684,2022,967000,petrol,1,blue,hatchback,automatic,2022,4,hyundai_new i20
pune,mahindra,xuv700,ax 5 diesel mt 7 str,45942,2023,1847000,diesel,1,blue,suv,manual,2023,3,mahindra_xuv700
pune,tata,punch,creative amt dual tone,1863,2023,897000,petrol,1,orange,suv,automatic,2023,3,tata_punch
pune,tata,altroz,xz plus 1.5,68537,2023,861000,diesel,1,white,hatchback,manual,2023,3,tata_altroz
pune,hyundai,verna,sx (o) 1.5 turbo petrol mt,12081,2023,1427000,petrol,1,grey,sedan,manual,2023,3,hyundai_verna
pune,honda,city,vx petrol,48441,2018,757000,petrol,1,grey,sedan,manual,2018,8,honda_city
pune,hyundai,i10,sportz 1.2 kappa2,34468,2012,248000,petrol,2,silver,hatchback,manual,2012,14,hyundai_i10
pune,honda,wr-v,vx mt diesel,101218,2017,635000,diesel,1,orange,suv,manual,2017,9,honda_wr-v
pune,maruti suzuki,swift,vxi cng,49959,2023,689000,cng,1,white,hatchback,manual,2023,3,maruti suzuki_swift
pune,maruti suzuki,s-cross,alpha 1.3,94344,2018,789000,diesel,1,silver,suv,manual,2018,8,maruti suzuki_s-cross
pune,hyundai,eon,era,42862,2014,217000,petrol,2,red,hatchback,manual,2014,12,hyundai_eon
pune,tata,nexon,xz plus,61659,2018,676000,petrol,1,blue,suv,manual,2018,8,tata_nexon
pune,maruti suzuki,dzire,zxi plus amt,11379,2022,817000,petrol,1,blue,sedan,automatic,2022,4,maruti suzuki_dzire
pune,tata,tiago,revotron xza amt,49533,2018,489000,petrol,1,orange,hatchback,automatic,2018,8,tata_tiago
pune,renault,kwid,rxl,31304,2020,357000,petrol,1,blue,hatchback,manual,2020,6,renault_kwid
pune,kia,seltos,htx plus d,43791,2021,1404000,diesel,1,red,suv,manual,2021,5,kia_seltos
pune,maruti suzuki,alto k10,vxi amt,13000,2019,404000,petrol,1,white,hatchback,automatic,2019,7,maruti suzuki_alto k10
pune,kia,sonet,gtx plus 1.5,32927,2022,1189683,diesel,1,red,suv,manual,2022,4,kia_sonet
pune,renault,kwid,1.0l rxt(o) amt,23752,2022,467000,petrol,1,bronze,hatchback,automatic,2022,4,renault_kwid
pune,hyundai,new santro 1.1,magna executive cng,53208,2022,528000,petrol+cng,1,white,hatchback,manual,2022,4,hyundai_new santro 1.1
pune,mahindra,xuv500,w7,40217,2021,1218973,diesel,1,white,suv,manual,2021,5,mahindra_xuv500
pune,mahindra,xuv500,w7,123858,2019,797000,diesel,2,silver,suv,manual,2019,7,mahindra_xuv500
pune,volkswagen,vento,1.6l highline petrol,74447,2013,363000,petrol,1,white,sedan,manual,2013,13,volkswagen_vento
pune,honda,amaze,1.5 vx i-dtec,112187,2016,439000,diesel,1,blue,sedan,manual,2017,10,honda_amaze
pune,maruti suzuki,dzire,zxi,57144,2017,504000,petrol,2,blue,sedan,manual,2017,9,maruti suzuki_dzire
pune,renault,triber,rxz easy-r amt,3519,2022,710000,petrol,1,blue,muv,automatic,2022,4,renault_triber
pune,maruti suzuki,dzire,vxi amt,42211,2020,679000,petrol,1,white,sedan,automatic,2020,6,maruti suzuki_dzire
pune,hyundai,creta,1.6 sx at,55382,2019,1172415,diesel,2,grey,suv,automatic,2019,7,hyundai_creta
pune,maruti suzuki,vitara brezza,zdi,77071,2017,675000,diesel,1,blue,suv,manual,2017,9,maruti suzuki_vitara brezza
pune,maruti suzuki,brezza,zxi plus,25366,2023,1174000,petrol,1,white,suv,manual,2023,3,maruti suzuki_brezza
pune,mahindra,xuv500,w5,53603,2021,1087000,diesel,1,white,suv,manual,2021,5,mahindra_xuv500
pune,tata,nexon,xz plus diesel,52233,2019,789000,diesel,1,blue,suv,manual,2019,7,tata_nexon
pune,hyundai,elite i20,sportz plus 1.2,63793,2019,573000,petrol,1,blue,hatchback,manual,2019,7,hyundai_elite i20
pune,maruti suzuki,celerio,zxi amt,48000,2017,435000,petrol,1,white,hatchback,automatic,2017,9,maruti suzuki_celerio
pune,hyundai,creta,1.6 sx plus auto,93729,2016,809000,diesel,2,white,suv,automatic,2016,10,hyundai_creta
pune,tata,nexon,xz plus s,52827,2022,894000,petrol,1,white,suv,manual,2022,4,tata_nexon
pune,kia,carens,luxury plus 1.5 diesel at 7 str,96014,2022,1495713,diesel,1,silver,muv,automatic,2022,4,kia_carens
pune,maruti suzuki,wagon r,lxi 1.0 cng,35713,2019,459000,cng,1,brown,hatchback,manual,2019,7,maruti suzuki_wagon r
pune,hyundai,grand i10,magna 1.2 kappa vtvt,57410,2015,368000,petrol,1,silver,hatchback,manual,2015,11,hyundai_grand i10
pune,maruti suzuki,wagon r,vxi (abs-airbag),59739,2013,284000,petrol,1,silver,hatchback,manual,2013,13,maruti suzuki_wagon r
pune,toyota,etios liva,g,46652,2013,277000,petrol,2,grey,hatchback,manual,2013,13,toyota_etios liva
pune,maruti suzuki,s-cross,zeta at,13984,2022,988000,petrol,1,blue,suv,automatic,2022,4,maruti suzuki_s-cross
pune,ford,ecosport,trend 1.5l tdci,86996,2017,537000,diesel,1,silver,suv,manual,2017,9,ford_ecosport
pune,maruti suzuki,wagon r,vxi,18562,2016,368000,petrol,1,white,hatchback,manual,2016,10,maruti suzuki_wagon r
pune,mahindra,xuv700,ax 5 petrol mt 7 str,48184,2022,1513795,petrol,1,white,suv,manual,2022,4,mahindra_xuv700
pune,mahindra,xuv500,w10,74426,2015,827000,diesel,2,black,suv,manual,2015,11,mahindra_xuv500
pune,hyundai,exter,sx 1.2 mt,32473,2023,719000,petrol,1,green,suv,manual,2023,3,hyundai_exter
pune,maruti suzuki,ciaz,zeta 1.3 hybrid,99186,2017,642000,diesel,1,grey,sedan,manual,2018,9,maruti suzuki_ciaz
pune,maruti suzuki,baleno,zeta,16899,2021,678000,petrol,1,white,hatchback,manual,2022,5,maruti suzuki_baleno
pune,hyundai,exter,sx (o) connect 1.2 amt,4915,2023,876000,petrol,1,green,suv,automatic,2024,3,hyundai_exter
pune,hyundai,elite i20,sportz plus 1.2,44818,2019,493000,petrol,3,silver,hatchback,manual,2019,7,hyundai_elite i20
pune,ford,figo aspire,trend 1.5 tdci,58352,2015,387000,diesel,1,golden,sedan,manual,2017,11,ford_figo aspire
pune,maruti suzuki,swift,vxi,24583,2019,514000,petrol,2,grey,hatchback,manual,2019,7,maruti suzuki_swift
pune,honda,wr-v,vx mt petrol,67802,2017,517000,petrol,3,white,suv,manual,2017,9,honda_wr-v
pune,maruti suzuki,alto 800,lxi cng,33244,2018,324000,cng,1,grey,hatchback,manual,2018,8,maruti suzuki_alto 800
pune,maruti suzuki,swift,vxi,50988,2013,334000,petrol,2,white,hatchback,manual,2013,13,maruti suzuki_swift
pune,hyundai,verna,sx 1.5 mpi,50998,2020,857000,petrol,1,white,sedan,manual,2020,6,hyundai_verna
pune,toyota,glanza,v cvt,47520,2019,669000,petrol,1,grey,hatchback,automatic,2019,7,toyota_glanza
pune,maruti suzuki,s-cross,zeta 1.3,102149,2018,722000,diesel,1,blue,suv,manual,2018,8,maruti suzuki_s-cross
pune,tata,nexon,xz plus (o),38970,2020,854000,petrol,1,blue,suv,manual,2020,6,tata_nexon
pune,maruti suzuki,swift dzire,vxi,65685,2014,413000,petrol,1,grey,sedan,manual,2014,12,maruti suzuki_swift dzire
pune,maruti suzuki,ciaz,zxi  at,87224,2015,508000,petrol,2,silver,sedan,automatic,2015,11,maruti suzuki_ciaz
pune,tata,tiago,revotron xza,38806,2019,512000,petrol,1,white,hatchback,automatic,2019,7,tata_tiago
pune,hyundai,grand i10 nios,sportz 1.2 kappa vtvt,20650,2021,602000,petrol,1,grey,hatchback,manual,2021,5,hyundai_grand i10 nios
pune,maruti suzuki,wagon r,vxi,32736,2014,324000,petrol,1,white,hatchback,manual,2014,12,maruti suzuki_wagon r
pune,ford,figo aspire,titanium1.5 tdci,69173,2021,609000,diesel,1,white,sedan,manual,2021,5,ford_figo aspire
pune,honda,amaze,1.2 s i-vtec,40823,2013,347000,petrol,1,grey,sedan,manual,2013,13,honda_amaze
pune,hyundai,elite i20,asta 1.2,100292,2014,402000,petrol,2,white,hatchback,manual,2014,12,hyundai_elite i20
pune,mg motors,hector,sharp 1.5 petrol turbo dct,24243,2021,1484558,petrol,1,black,suv,automatic,2021,5,mg motors_hector
pune,tata,nexon,xza plus,20494,2021,909000,petrol,1,grey,suv,automatic,2021,5,tata_nexon
pune,maruti suzuki,baleno,delta,13345,2021,641000,petrol,1,white,hatchback,manual,2021,5,maruti suzuki_baleno
pune,hyundai,i20,magna 1.2,37645,2012,298000,petrol,1,silver,hatchback,manual,2013,14,hyundai_i20
pune,renault,kwid,rxt opt,48774,2018,295000,petrol,2,bronze,hatchback,manual,2019,8,renault_kwid
pune,maruti suzuki,swift,vxi amt,39420,2019,599000,petrol,1,blue,hatchback,automatic,2019,7,maruti suzuki_swift
pune,kia,seltos,gtx plus at d,114704,2020,1292000,diesel,1,black,suv,automatic,2020,6,kia_seltos
pune,hyundai,creta,1.6 sx plus auto petrol,68447,2016,763000,petrol,2,white,suv,automatic,2016,10,hyundai_creta
pune,hyundai,grand i10 nios,sportz 1.2 kappa cng,11890,2024,788000,cng,1,white,hatchback,manual,2024,2,hyundai_grand i10 nios
pune,honda,city,zx cvt petrol,59481,2019,876000,petrol,1,white,sedan,automatic,2019,7,honda_city
pune,honda,city,zx cvt petrol,35218,2022,1198773,petrol,1,grey,sedan,automatic,2023,4,honda_city
pune,maruti suzuki,alto k10,vxi (o),36434,2017,326000,petrol,1,grey,hatchback,manual,2018,9,maruti suzuki_alto k10
pune,tata,zest,xt diesel,96044,2016,378000,diesel,3,grey,sedan,manual,2016,10,tata_zest
pune,maruti suzuki,baleno,zeta,12301,2021,624000,petrol,2,red,hatchback,manual,2021,5,maruti suzuki_baleno
pune,hyundai,xcent,sx crdi,54574,2017,458000,diesel,2,grey,sedan,manual,2017,9,hyundai_xcent
pune,maruti suzuki,s-cross,zeta at,24646,2021,903000,petrol,1,grey,suv,automatic,2021,5,maruti suzuki_s-cross
pune,renault,kwid,rxt 1.0 sce edition,38370,2017,321000,petrol,1,silver,hatchback,manual,2017,9,renault_kwid
pune,maruti suzuki,swift,zxi plus amt,22573,2021,767000,petrol,1,red,hatchback,automatic,2021,5,maruti suzuki_swift
pune,maruti suzuki,celerio,zxi (o) amt,50604,2016,419000,petrol,1,grey,hatchback,automatic,2016,10,maruti suzuki_celerio
pune,maruti suzuki,baleno,alpha 1.2 at,31299,2017,611000,petrol,1,silver,hatchback,automatic,2017,9,maruti suzuki_baleno
pune,mahindra,kuv100,k4 5 str petrol+cng (outside fitted),57826,2016,319000,cng,1,white,crossover,manual,2016,10,mahindra_kuv100
pune,volkswagen,ameo,highline1.2l plus (p),50002,2017,518000,petrol,1,brown,sedan,manual,2018,9,volkswagen_ameo
pune,tata,nexon,xza plus (o) diesel,124997,2021,949000,diesel,1,white,suv,automatic,2021,5,tata_nexon
pune,maruti suzuki,alto k10,vxi,5529,2018,356000,petrol,1,silver,hatchback,manual,2018,8,maruti suzuki_alto k10
pune,hyundai,xcent,sx 1.2 (o),58113,2014,381000,petrol,2,blue,sedan,manual,2014,12,hyundai_xcent
pune,maruti suzuki,baleno,alpha mt,64836,2022,729000,petrol,1,white,hatchback,manual,2022,4,maruti suzuki_baleno
pune,hyundai,grand i10 nios,sportz 1.2 kappa vtvt,10250,2023,672000,petrol,1,white,hatchback,manual,2024,3,hyundai_grand i10 nios
pune,maruti suzuki,ciaz,zeta 1.4 at,48564,2018,690000,petrol,1,grey,sedan,automatic,2018,8,maruti suzuki_ciaz
pune,hyundai,i20,magna (o) 1.2,56129,2013,314000,petrol,1,silver,hatchback,manual,2013,13,hyundai_i20
pune,maruti suzuki,xl6,zeta mt petrol,69774,2020,859000,petrol,1,silver,muv,manual,2020,6,maruti suzuki_xl6
pune,hyundai,elite i20,sportz 1.2,93222,2014,398000,petrol,2,red,hatchback,manual,2014,12,hyundai_elite i20
pune,hyundai,venue,s plus 1.2 petrol,22412,2021,750000,petrol,1,blue,suv,manual,2021,5,hyundai_venue
pune,hyundai,grand i10 nios,sportz amt 1.2 kappa vtvt,38905,2023,675000,petrol,1,grey,hatchback,automatic,2023,3,hyundai_grand i10 nios
pune,honda,city,1.5 v mt,68023,2011,288000,petrol,2,red,sedan,manual,2011,15,honda_city
pune,hyundai,venue,sx (o) 1.5 crdi executive,66639,2021,995000,diesel,1,blue,suv,manual,2021,5,hyundai_venue
pune,volkswagen,polo,highline1.2l (p),102718,2015,434000,petrol,1,blue,hatchback,manual,2015,11,volkswagen_polo
pune,maruti suzuki,wagon r,vxi,60204,2017,348000,petrol,2,white,hatchback,manual,2017,9,maruti suzuki_wagon r
pune,maruti suzuki,dzire,zxi amt,21000,2018,584000,petrol,2,grey,sedan,automatic,2018,8,maruti suzuki_dzire
pune,tata,altroz,xz plus 1.2,20376,2023,805000,petrol,1,blue,hatchback,manual,2023,3,tata_altroz
pune,mahindra,kuv100,k8 6 str,78615,2016,352000,petrol,1,grey,crossover,manual,2016,10,mahindra_kuv100
pune,skoda,octavia,2.0 tdi mt style,62990,2018,1059295,diesel,1,white,sedan,manual,2018,8,skoda_octavia
pune,honda,amaze,1.2 vx i-vtec,91529,2014,373000,petrol,2,silver,sedan,manual,2014,12,honda_amaze
pune,honda,amaze,1.2 s at i-vtec opt,70811,2017,494000,petrol,1,white,sedan,automatic,2017,9,honda_amaze
pune,hyundai,elite i20,magna executive 1.2,8467,2017,521000,petrol,1,grey,hatchback,manual,2017,9,hyundai_elite i20
pune,hyundai,grand i10 nios,sportz 1.2 kappa vtvt cng,44369,2022,678000,cng,1,blue,hatchback,manual,2022,4,hyundai_grand i10 nios
pune,maruti suzuki,baleno,zeta,41664,2020,625000,petrol,1,blue,hatchback,manual,2020,6,maruti suzuki_baleno
pune,toyota,glanza,v amt,31846,2023,874000,petrol,1,grey,hatchback,automatic,2023,3,toyota_glanza
pune,kia,sonet,gtx plus 1.0 imt,21483,2022,1094000,petrol,1,black,suv,manual,2022,4,kia_sonet
pune,hyundai,venue,s (o) 1.2 petrol,29762,2023,878000,petrol,1,red,suv,manual,2023,3,hyundai_venue
pune,volkswagen,vento,1.0l comfortline petrol,71077,2021,754000,petrol,1,white,sedan,manual,2021,5,volkswagen_vento
pune,renault,duster,rxz 1.3 turbo petrol cvt,22896,2021,1049293,petrol,1,white,suv,automatic,2021,5,renault_duster
pune,toyota,etios liva,v,38663,2019,552000,petrol,1,white,hatchback,manual,2019,7,toyota_etios liva
pune,kia,sonet,htx 1.0 imt,44075,2021,848000,petrol,1,white,suv,manual,2021,5,kia_sonet
pune,tata,tiago,xt cng,23490,2022,614000,cng,1,blue,hatchback,manual,2022,4,tata_tiago
pune,mahindra,kuv100 nxt,k2 plus 6 str,45620,2018,339000,petrol,2,silver,crossover,manual,2019,8,mahindra_kuv100 nxt
pune,maruti suzuki,ignis,zeta 1.2 amt,1648,2024,743000,petrol,1,grey,hatchback,automatic,2024,2,maruti suzuki_ignis
pune,maruti suzuki,dzire,zxi amt,31219,2017,596000,petrol,1,blue,sedan,automatic,2017,9,maruti suzuki_dzire
pune,honda,city,vx cvt,102959,2016,612000,petrol,1,white,sedan,automatic,2016,10,honda_city
pune,tata,altroz,xza plus (o) (s),10696,2023,902000,petrol,1,red,hatchback,automatic,2024,3,tata_altroz
pune,ford,ecosport,titanium 1.5l ti-vct,39491,2019,666000,petrol,2,silver,suv,manual,2019,7,ford_ecosport
pune,maruti suzuki,wagon r 1.0,lxi cng,69850,2017,402000,petrol+cng,1,brown,hatchback,manual,2017,9,maruti suzuki_wagon r 1.0
pune,tata,tiago nrg,petrol,30225,2018,484000,petrol,1,beige,hatchback,manual,2018,8,tata_tiago nrg
pune,volkswagen,virtus,topline 1.0 tsi at,39906,2022,1198744,petrol,2,red,sedan,automatic,2022,4,volkswagen_virtus
pune,skoda,rapid,elegance black package diesel mt,118902,2015,448000,diesel,1,silver,sedan,manual,2015,11,skoda_rapid
pune,maruti suzuki,ignis,zeta 1.2 mt,10497,2022,605000,petrol,1,white,hatchback,manual,2023,4,maruti suzuki_ignis
pune,maruti suzuki,vitara brezza,zdi plus dual tone ags,38108,2018,857000,diesel,1,red,suv,automatic,2018,8,maruti suzuki_vitara brezza
pune,honda,city,zx cvt petrol,54192,2021,1121003,petrol,1,red,sedan,automatic,2022,5,honda_city
pune,honda,jazz,sv petrol,94346,2018,459000,petrol,1,white,hatchback,manual,2018,8,honda_jazz
pune,maruti suzuki,fronx,delta plus 1.2l ags,14665,2024,878000,petrol,1,white,suv,automatic,2024,2,maruti suzuki_fronx
pune,tata,nexon,xm,9985,2023,744000,petrol,2,grey,suv,manual,2023,3,tata_nexon
pune,ford,freestyle,titanium plus 1.5 tdci,113888,2020,586000,diesel,1,white,crossover,manual,2020,6,ford_freestyle
pune,maruti suzuki,dzire,vxi amt,29060,2018,611000,petrol,1,blue,sedan,automatic,2018,8,maruti suzuki_dzire
pune,hyundai,venue,sx plus 1.0 turbo dct,79508,2020,867000,petrol,1,white,suv,automatic,2020,6,hyundai_venue
pune,honda,city,1.5 v mt,62868,2013,396000,petrol,1,maroon,sedan,manual,2013,13,honda_city
pune,maruti suzuki,dzire,vxi amt,59502,2019,621000,petrol,1,grey,sedan,automatic,2019,7,maruti suzuki_dzire
pune,hyundai,elite i20,asta 1.2 cng (outside fitted),50845,2017,514000,cng,2,silver,hatchback,manual,2018,9,hyundai_elite i20
pune,maruti suzuki,baleno,delta ags,6599,2024,793000,petrol,1,grey,hatchback,automatic,2024,2,maruti suzuki_baleno
pune,hyundai,grand i10,asta 1.2 kappa vtvt,37479,2019,554000,petrol,1,orange,hatchback,manual,2019,7,hyundai_grand i10
pune,volkswagen,ameo,trendline 1.5l (d),104794,2018,476000,diesel,2,grey,sedan,manual,2018,8,volkswagen_ameo
pune,hyundai,new santro 1.1,sportz executive cng,111464,2020,459000,petrol+cng,1,white,hatchback,manual,2021,6,hyundai_new santro 1.1
pune,mahindra,xuv 300,w8 (o) petrol,17563,2022,919000,petrol,2,grey,suv,manual,2022,4,mahindra_xuv 300
pune,maruti suzuki,dzire,zxi,24951,2019,658000,petrol,1,blue,sedan,manual,2019,7,maruti suzuki_dzire
pune,maruti suzuki,brezza,zxi plus dual tone,64467,2022,997000,petrol,1,red,suv,manual,2023,4,maruti suzuki_brezza
pune,maruti suzuki,baleno,delta 1.2,46876,2017,498000,petrol,1,grey,hatchback,manual,2017,9,maruti suzuki_baleno
pune,mahindra,xuv700,ax 5 petrol mt 5 str,22217,2022,1544095,petrol,1,white,suv,manual,2022,4,mahindra_xuv700
pune,maruti suzuki,wagon r 1.0,vxi amt,39765,2016,336000,petrol,3,grey,hatchback,automatic,2016,10,maruti suzuki_wagon r 1.0
pune,honda,city,sv,45932,2016,562000,petrol,1,white,sedan,manual,2016,10,honda_city
pune,hyundai,creta,1.6 sx plus petrol,60669,2018,795000,petrol,1,grey,suv,manual,2018,8,hyundai_creta
pune,nissan,magnite,xv turbo,78736,2021,648000,petrol,1,black,suv,manual,2021,5,nissan_magnite
pune,tata,tiago,revotron xt,53387,2017,401000,petrol,1,white,hatchback,manual,2017,9,tata_tiago
pune,volkswagen,vento,1.6l highline plus,80670,2017,542000,petrol,1,golden,sedan,manual,2017,9,volkswagen_vento
pune,maruti suzuki,s-cross,zeta 1.3,69854,2019,829000,diesel,1,blue,suv,manual,2019,7,maruti suzuki_s-cross
pune,honda,amaze,1.2 v cvt petrol,11250,2021,776000,petrol,1,brown,sedan,automatic,2021,5,honda_amaze
pune,tata,nexon,xz plus,30497,2023,920000,petrol,1,white,suv,manual,2023,3,tata_nexon
pune,maruti suzuki,baleno,alpha 1.2,61866,2016,537000,petrol,1,white,hatchback,manual,2016,10,maruti suzuki_baleno
pune,mahindra,scorpio,s11 2wd,40201,2021,1613883,diesel,1,white,suv,manual,2021,5,mahindra_scorpio
pune,hyundai,elite i20,asta 1.2,33755,2015,528000,petrol,1,grey,hatchback,manual,2015,11,hyundai_elite i20
pune,maruti suzuki,celerio,zxi (o) amt,27627,2018,489000,petrol,1,red,hatchback,automatic,2019,8,maruti suzuki_celerio
pune,tata,tiago nrg,xz icng,9676,2023,678000,petrol+cng,1,grey,hatchback,manual,2024,3,tata_tiago nrg
pune,maruti suzuki,dzire,vxi amt,39276,2018,606000,petrol,1,grey,sedan,automatic,2018,8,maruti suzuki_dzire
pune,hyundai,eon,1.0 kappa magna +,43261,2014,279000,petrol,1,silver,hatchback,manual,2015,12,hyundai_eon
pune,hyundai,xcent,s 1.2,49202,2014,385000,petrol,1,red,sedan,manual,2014,12,hyundai_xcent
pune,hyundai,elite i20,asta 1.2,31432,2017,594000,petrol,1,white,hatchback,manual,2017,9,hyundai_elite i20
pune,maruti suzuki,s-presso,lxi (o) cng,38478,2022,458000,cng,1,white,hatchback,manual,2022,4,maruti suzuki_s-presso
pune,toyota,glanza,v amt,19856,2024,956000,petrol,1,white,hatchback,automatic,2024,2,toyota_glanza
pune,toyota,corolla altis,gl diesel,69062,2017,1179538,diesel,1,white,sedan,manual,2017,9,toyota_corolla altis
pune,mahindra,xuv700,ax 7 petrol at luxury pack 7 str,38535,2022,2022000,petrol,1,blue,suv,automatic,2023,4,mahindra_xuv700
pune,ford,ecosport,se 1.5l ti-vct,33243,2021,875000,petrol,1,white,suv,manual,2021,5,ford_ecosport
pune,maruti suzuki,ciaz,alpha at petrol,22729,2021,936000,petrol,1,silver,sedan,automatic,2021,5,maruti suzuki_ciaz
pune,maruti suzuki,baleno,zeta,33914,2021,659000,petrol,1,blue,hatchback,manual,2021,5,maruti suzuki_baleno
pune,maruti suzuki,alto k10,vxi,21462,2023,438000,petrol,1,white,hatchback,manual,2023,3,maruti suzuki_alto k10
pune,hyundai,creta,sx 1.5 petrol,29972,2023,1373000,petrol,1,black,suv,manual,2023,3,hyundai_creta
pune,toyota,innova crysta,2.4 z 7str,68671,2016,1639035,diesel,1,black,muv,manual,2016,10,toyota_innova crysta
pune,hyundai,i20 n line,n8 1.0 turbo imt,18095,2022,890000,petrol,1,white,hatchback,manual,2022,4,hyundai_i20 n line
pune,nissan,magnite,xv premium turbo (o),31084,2022,764000,petrol,1,white,suv,manual,2023,4,nissan_magnite
pune,hyundai,i10,magna 1.1 irde2,56010,2016,340000,petrol,1,white,hatchback,manual,2016,10,hyundai_i10
pune,hyundai,venue,sx (o) 1.5 crdi,28052,2023,1233113,diesel,1,white,suv,manual,2023,3,hyundai_venue
pune,tata,tiago,revotron xt,71404,2017,385000,petrol,1,white,hatchback,manual,2017,9,tata_tiago
pune,maruti suzuki,xl6,alpha mt petrol,19044,2021,1044198,petrol,1,white,muv,manual,2021,5,maruti suzuki_xl6
pune,tata,altroz,xza+,24898,2022,785000,petrol,1,blue,hatchback,automatic,2022,4,tata_altroz
mumbai,maruti suzuki,dzire,vxi amt,16261,2020,657000,petrol,1,grey,sedan,automatic,2020,6,maruti suzuki_dzire
mumbai,tata,tigor,xz plus cng,43049,2022,689000,cng,1,blue,sedan,manual,2022,4,tata_tigor
mumbai,mg motors,astor,sharp 1.5 cvt old generation,26302,2022,1132113,petrol,2,black,suv,automatic,2022,4,mg motors_astor
mumbai,bmw,3 series gt,320d gt sport line,65094,2018,2221858,diesel,2,blue,sedan,automatic,2019,8,bmw_3 series gt
mumbai,audi,a3,35 tfsi premium plus,53280,2019,1918858,petrol,2,white,sedan,automatic,2019,7,audi_a3
mumbai,ford,freestyle,trend plus 1.2 ti-vct,27654,2018,405000,petrol,1,white,crossover,manual,2019,8,ford_freestyle
mumbai,jeep,compass,sport 1.4 petrol,35532,2021,1186608,petrol,2,grey,suv,manual,2021,5,jeep_compass
mumbai,maruti suzuki,ciaz,zxi  at,56775,2015,419000,petrol,3,red,sedan,automatic,2015,11,maruti suzuki_ciaz
mumbai,honda,brio,vx mt,30988,2015,352000,petrol,1,grey,hatchback,manual,2015,11,honda_brio
mumbai,hyundai,venue,s 1.2 petrol +cng mt (outside fitted),21843,2023,778000,cng,1,red,suv,manual,2023,3,hyundai_venue
mumbai,audi,q3,30 tfsi premium,53129,2017,1706758,petrol,2,red,suv,automatic,2018,9,audi_q3
mumbai,maruti suzuki,grand vitara,alpha plus intelligent hybrid ecvt,35157,2022,1695693,hybrid,1,blue,suv,automatic,2022,4,maruti suzuki_grand vitara
mumbai,skoda,kushaq,ambition 1.0l tsi at,18884,2021,1165414,petrol,1,grey,suv,automatic,2021,5,skoda_kushaq
mumbai,jeep,meridian,limited (o) 4x2 at,22197,2022,2827858,diesel,1,black,suv,automatic,2022,4,jeep_meridian
mumbai,hyundai,grand i10,sportz 1.2 kappa vtvt,29030,2015,335000,petrol,2,white,hatchback,manual,2015,11,hyundai_grand i10
mumbai,volkswagen,vento,highline 1.5 (d) at,97141,2017,637000,diesel,1,silver,sedan,automatic,2017,9,volkswagen_vento
mumbai,mahindra,thar,lx hard top petrol at 4wd,19470,2021,1300685,petrol,1,beige,suv,automatic,2021,5,mahindra_thar
mumbai,nissan,magnite,xv premium turbo (o) cvt dual tone,26322,2021,735000,petrol,2,white,suv,automatic,2021,5,nissan_magnite
mumbai,hyundai,new santro 1.1,sportz amt,19394,2020,458000,petrol,1,grey,hatchback,automatic,2020,6,hyundai_new santro 1.1
mumbai,hyundai,grand i10,sportz (o) at 1.2 kappa vtvt,28995,2017,485000,petrol,1,orange,hatchback,automatic,2017,9,hyundai_grand i10
mumbai,volkswagen,tiguan,highline tdi,84031,2018,1767358,diesel,1,silver,suv,automatic,2018,8,volkswagen_tiguan
mumbai,mercedes-benz,gla,200,48367,2021,3181358,petrol,1,blue,suv,automatic,2021,5,mercedes-benz_gla
mumbai,maruti suzuki,grand vitara,zeta smart hybrid,79489,2023,1179583,petrol,1,white,suv,manual,2023,3,maruti suzuki_grand vitara
mumbai,skoda,slavia,ambition 1.0l tsi mt,8946,2023,1174504,petrol,1,silver,sedan,manual,2023,3,skoda_slavia
mumbai,mercedes-benz,c-class,c 300d amg line,49008,2020,3686358,diesel,2,silver,sedan,automatic,2021,6,mercedes-benz_c-class
mumbai,tata,tigor,xz cng,19525,2024,743000,cng,1,bronze,sedan,manual,2024,2,tata_tigor
mumbai,maruti suzuki,wagon r,zxi plus 1.2 ags,2516,2023,683000,petrol,1,white,hatchback,automatic,2023,3,maruti suzuki_wagon r
mumbai,volkswagen,tiguan allspace,2.0 tsi at,71880,2019,1969358,petrol,1,red,suv,automatic,2020,7,volkswagen_tiguan allspace
mumbai,kia,carens,luxury plus 1.4 petrol 7 str,45713,2022,1395678,petrol,1,red,muv,manual,2022,4,kia_carens
mumbai,mahindra,thar,lx hard top diesel at 4wd,44129,2023,1526925,diesel,1,black,suv,automatic,2023,3,mahindra_thar
mumbai,bmw,5 series,520d luxury line,43791,2018,3080358,diesel,1,blue,sedan,automatic,2018,8,bmw_5 series
mumbai,bmw,3 series,320d luxury line,50512,2017,2070358,diesel,1,blue,sedan,automatic,2018,9,bmw_3 series
mumbai,mercedes-benz,c-class,c 220 cdi progressive,48810,2018,2726858,diesel,1,blue,sedan,automatic,2019,8,mercedes-benz_c-class
mumbai,maruti suzuki,vitara brezza,zxi at shvs,59428,2021,839000,petrol,1,red,suv,automatic,2021,5,maruti suzuki_vitara brezza
mumbai,tata,tiago,xt cng,54597,2022,567000,cng,1,blue,hatchback,manual,2022,4,tata_tiago
mumbai,toyota,etios liva,g,93824,2013,270000,petrol,1,white,hatchback,manual,2013,13,toyota_etios liva
mumbai,maruti suzuki,baleno,zeta 1.2,50328,2015,451000,petrol,1,blue,hatchback,manual,2015,11,maruti suzuki_baleno
mumbai,volkswagen,polo,comfortline 1.2l (p),51684,2013,306000,petrol,1,blue,hatchback,manual,2013,13,volkswagen_polo
mumbai,kia,sonet,gtx plus 1.5 at,115384,2021,994000,diesel,1,maroon,suv,automatic,2021,5,kia_sonet
mumbai,hyundai,grand i10 nios,sportz 1.2 kappa vtvt cng,28722,2022,677000,cng,1,white,hatchback,manual,2022,4,hyundai_grand i10 nios
mumbai,maruti suzuki,ciaz,zxi+,98051,2016,455000,petrol,2,grey,sedan,manual,2016,10,maruti suzuki_ciaz
mumbai,tata,tiago,xt cng,26521,2022,600000,cng,1,blue,hatchback,manual,2022,4,tata_tiago
mumbai,hyundai,i20,asta 1.0 turbo dct,98556,2021,761000,petrol,1,silver,hatchback,automatic,2021,5,hyundai_i20
mumbai,mercedes-benz,c-class,c 200 progressive,29302,2021,3585358,petrol,1,white,sedan,automatic,2021,5,mercedes-benz_c-class
mumbai,renault,triber,rxz easy-r amt,86723,2021,577000,petrol,1,silver,muv,automatic,2021,5,renault_triber
mumbai,hyundai,elantra,2.0 s mt,47113,2018,725000,petrol,2,white,sedan,manual,2018,8,hyundai_elantra
mumbai,honda,jazz,zx,22863,2021,751000,petrol,1,brown,hatchback,manual,2021,5,honda_jazz
mumbai,tata,altroz,xz petrol,3926,2023,785000,petrol,1,grey,hatchback,manual,2023,3,tata_altroz
mumbai,jeep,compass,limited (o) 1.4 petrol dct,28093,2021,1716858,petrol,2,black,suv,automatic,2021,5,jeep_compass
mumbai,maruti suzuki,ignis,alpha 1.2 amt,15916,2019,602000,petrol,1,blue,hatchback,automatic,2019,7,maruti suzuki_ignis
mumbai,toyota,urban cruiser,premium grade at,23946,2022,958000,petrol,1,grey,suv,automatic,2022,4,toyota_urban cruiser
mumbai,hyundai,elite i20,asta 1.2,31137,2016,500000,petrol,1,grey,hatchback,manual,2016,10,hyundai_elite i20
mumbai,hyundai,grand i10,sportz 1.2 kappa vtvt,39105,2016,382000,petrol,1,grey,hatchback,manual,2016,10,hyundai_grand i10
mumbai,maruti suzuki,baleno,zeta,30831,2021,619000,petrol,2,grey,hatchback,manual,2021,5,maruti suzuki_baleno
mumbai,maruti suzuki,vitara brezza,vxi at shvs,54431,2021,778000,petrol,1,grey,suv,automatic,2021,5,maruti suzuki_vitara brezza
mumbai,jeep,compass,longitude (o) 2.0 diesel,62495,2018,950000,diesel,1,red,suv,manual,2018,8,jeep_compass
mumbai,jeep,compass,limited (o) 1.4 petrol at,24019,2018,990000,petrol,1,red,suv,automatic,2018,8,jeep_compass
mumbai,bmw,x1,sdrive20d xline,65500,2018,2070358,diesel,1,blue,suv,automatic,2018,8,bmw_x1
mumbai,kia,sonet,htk plus 1.2,27905,2022,822000,petrol,1,red,suv,manual,2022,4,kia_sonet
mumbai,nissan,kicks,xv diesel,87780,2019,675000,diesel,1,black,suv,manual,2020,7,nissan_kicks
mumbai,maruti suzuki,dzire,zxi,11821,2017,502000,petrol,2,blue,sedan,manual,2017,9,maruti suzuki_dzire
mumbai,renault,duster,rxz 1.5 petrol mt,26053,2021,729000,petrol,2,brown,suv,manual,2021,5,renault_duster
mumbai,maruti suzuki,swift,vxi,72614,2016,393000,petrol,1,white,hatchback,manual,2016,10,maruti suzuki_swift
mumbai,maruti suzuki,ertiga,vxi at,30389,2017,713000,petrol,2,blue,muv,automatic,2017,9,maruti suzuki_ertiga
mumbai,mg motors,hector,sharp 1.5 dct petrol,22031,2021,1424003,petrol,1,silver,suv,automatic,2021,5,mg motors_hector
mumbai,tata,altroz,xza plus petrol dark edtion,20334,2022,831000,petrol,1,black,hatchback,automatic,2022,4,tata_altroz
mumbai,kia,carens,luxury plus 1.4 petrol 7 str,7574,2022,1494703,petrol,1,blue,muv,manual,2022,4,kia_carens
mumbai,maruti suzuki,xl6,zeta mt petrol,38245,2022,994000,petrol,1,silver,muv,manual,2022,4,maruti suzuki_xl6
mumbai,honda,amaze,vx cvt 1.2 petrol,17526,2022,842000,petrol,1,brown,sedan,automatic,2022,4,honda_amaze
mumbai,maruti suzuki,dzire,vxi,32029,2018,544000,petrol,1,blue,sedan,manual,2019,8,maruti suzuki_dzire
mumbai,hyundai,i20,asta 1.2 ivt,50679,2021,768000,petrol,1,white,hatchback,automatic,2021,5,hyundai_i20
mumbai,maruti suzuki,ciaz,zxi+,106241,2016,452000,petrol,2,maroon,sedan,manual,2016,10,maruti suzuki_ciaz
mumbai,hyundai,grand i10 nios,sportz 1.2 kappa vtvt cng,24030,2022,685000,cng,1,grey,hatchback,manual,2022,4,hyundai_grand i10 nios
mumbai,kia,seltos,htx ivt 1.5,18315,2021,1299773,petrol,1,white,suv,automatic,2021,5,kia_seltos
mumbai,honda,city,v petrol,47786,2022,958000,petrol,1,red,sedan,manual,2022,4,honda_city
mumbai,hyundai,grand i10 nios,sportz 1.2 kappa vtvt cng,40459,2022,678000,cng,1,white,hatchback,manual,2022,4,hyundai_grand i10 nios
mumbai,maruti suzuki,baleno,zeta 1.2,103619,2016,428000,petrol,1,blue,hatchback,manual,2016,10,maruti suzuki_baleno
mumbai,volkswagen,taigun,topline 1.0 tsi at,45891,2021,1122994,petrol,2,grey,suv,automatic,2021,5,volkswagen_taigun
mumbai,hyundai,elite i20,asta 1.2,24984,2017,544000,petrol,1,white,hatchback,manual,2017,9,hyundai_elite i20
mumbai,toyota,glanza,g e-cng,3905,2024,951000,cng,1,white,hatchback,manual,2024,2,toyota_glanza
mumbai,kia,sonet,htx 1.0 imt,37118,2021,878000,petrol,1,black,suv,manual,2021,5,kia_sonet
mumbai,hyundai,xcent,sx at 1.2 (o),66290,2014,353000,petrol,3,white,sedan,automatic,2014,12,hyundai_xcent
mumbai,hyundai,new santro 1.1,asta mt,27503,2018,417000,petrol,1,red,hatchback,manual,2018,8,hyundai_new santro 1.1
mumbai,toyota,etios liva,g,23495,2012,289000,petrol,1,red,hatchback,manual,2012,14,toyota_etios liva
mumbai,renault,kwid,rxl (o) 1.0,1945,2022,431000,petrol,1,bronze,hatchback,manual,2022,4,renault_kwid
mumbai,maruti suzuki,ignis,alpha 1.2 amt,22388,2022,672000,petrol,1,blue,hatchback,automatic,2022,4,maruti suzuki_ignis
mumbai,maruti suzuki,s-presso,vxi (o) cng,65924,2022,415000,cng,1,grey,hatchback,manual,2022,4,maruti suzuki_s-presso
mumbai,maruti suzuki,s-presso,vxi (o) cng,24656,2021,448000,cng,1,grey,hatchback,manual,2021,5,maruti suzuki_s-presso
mumbai,honda,city,zx petrol,44918,2023,1218973,petrol,1,white,sedan,manual,2023,3,honda_city
mumbai,hyundai,grand i10 nios,sportz 1.2 kappa vtvt cng,45732,2022,680000,cng,1,blue,hatchback,manual,2022,4,hyundai_grand i10 nios
mumbai,toyota,urban cruiser hyryder,v neodrive,28714,2022,1445213,petrol,1,silver,suv,manual,2022,4,toyota_urban cruiser hyryder
mumbai,maruti suzuki,alto 800,lxi (o) cng,67081,2021,388000,cng,1,white,hatchback,manual,2021,5,maruti suzuki_alto 800
mumbai,skoda,kushaq,style 1.0l tsi at,55350,2021,1268434,petrol,1,white,suv,automatic,2021,5,skoda_kushaq
mumbai,hyundai,creta,1.6 sx plus petrol,35589,2016,733000,petrol,1,black,suv,manual,2016,10,hyundai_creta
mumbai,kia,seltos,gtx plus dct,66517,2019,1204000,petrol,1,white,suv,automatic,2019,7,kia_seltos
mumbai,maruti suzuki,swift,vxi,8272,2023,680000,petrol,1,white,hatchback,manual,2023,3,maruti suzuki_swift
mumbai,kia,sonet,htk plus 1.5 at,108517,2021,851000,diesel,1,grey,suv,automatic,2021,5,kia_sonet
mumbai,maruti suzuki,grand vitara,alpha dual tone smart hybrid at,17693,2023,1599743,petrol,1,white,suv,automatic,2024,3,maruti suzuki_grand vitara
mumbai,honda,city,vx cvt,75787,2015,458000,petrol,3,grey,sedan,automatic,2015,11,honda_city
mumbai,kia,seltos,gtx plus,25207,2020,1344213,petrol,1,black,suv,manual,2020,6,kia_seltos
mumbai,hyundai,new i20,asta (o) 1.2 mt,2811,2024,914000,petrol,1,white,hatchback,manual,2024,2,hyundai_new i20
mumbai,honda,city,1.5 v at,85111,2013,321000,petrol,3,grey,sedan,automatic,2013,13,honda_city
mumbai,tata,tiago,xza plus,22048,2021,620000,petrol,1,red,hatchback,automatic,2021,5,tata_tiago
mumbai,kia,seltos,gtx plus dct,49497,2019,1128073,petrol,2,grey,suv,automatic,2019,7,kia_seltos
mumbai,honda,amaze,vx cvt 1.2 petrol,15511,2022,831000,petrol,1,red,sedan,automatic,2022,4,honda_amaze
mumbai,kia,sonet,htk plus 1.0 imt,57647,2021,767000,petrol,1,red,suv,manual,2021,5,kia_sonet
mumbai,hyundai,venue,sx (o) 1.0 turbo imt,20553,2022,978000,petrol,2,white,suv,manual,2022,4,hyundai_venue
mumbai,mg motors,astor,sharp ex 1.5 mt,95679,2022,1055000,petrol,1,grey,suv,manual,2022,4,mg motors_astor
mumbai,hyundai,fluidic verna 4s,1.6 vtvt sx,62555,2015,454000,petrol,2,red,sedan,manual,2015,11,hyundai_fluidic verna 4s
mumbai,mahindra,xuv 300,w8 (o) petrol,41646,2021,883000,petrol,1,grey,suv,manual,2021,5,mahindra_xuv 300
mumbai,hyundai,venue,sx (o) 1.0 turbo imt,11270,2022,1077573,petrol,1,red,suv,manual,2022,4,hyundai_venue
mumbai,mahindra,thar,lx hard top diesel mt 4wd,52568,2021,1231000,diesel,1,red,suv,manual,2021,5,mahindra_thar
mumbai,maruti suzuki,s-presso,vxi opt cng,60788,2022,432000,petrol+cng,1,red,hatchback,manual,2022,4,maruti suzuki_s-presso
mumbai,hyundai,i10,sportz 1.2 kappa2,36071,2012,253000,petrol,1,grey,hatchback,manual,2012,14,hyundai_i10
mumbai,kia,seltos,gtx plus dct,64477,2020,1294723,petrol,1,black,suv,automatic,2020,6,kia_seltos
mumbai,tata,nexon,xz plus,114874,2018,590000,petrol,1,blue,suv,manual,2018,8,tata_nexon
mumbai,hyundai,verna,ex 1.6 vtvt at,49167,2018,700000,petrol,1,black,sedan,automatic,2018,8,hyundai_verna
mumbai,kia,seltos,gtx plus,39033,2020,1266398,petrol,1,white,suv,manual,2020,6,kia_seltos
mumbai,renault,kwid,rxt 1.0,15689,2022,450000,petrol,1,silver,hatchback,manual,2022,4,renault_kwid
mumbai,skoda,kushaq,style 1.5l tsi mt,45031,2022,1422993,petrol,1,white,suv,manual,2023,4,skoda_kushaq
mumbai,hyundai,venue,sx (o) 1.0 turbo imt,17185,2022,1060403,petrol,1,blue,suv,manual,2022,4,hyundai_venue
mumbai,maruti suzuki,xl6,alpha mt petrol,52818,2022,1042223,petrol,1,grey,muv,manual,2022,4,maruti suzuki_xl6
mumbai,hyundai,venue,sx (o) 1.0 turbo imt,20140,2022,956000,petrol,2,grey,suv,manual,2022,4,hyundai_venue
mumbai,hyundai,verna,sx (o)1.5 mpi,39230,2020,997000,petrol,1,grey,sedan,manual,2020,6,hyundai_verna
mumbai,renault,duster,rxs cvt petrol,97720,2018,563000,petrol,1,grey,suv,automatic,2018,8,renault_duster
mumbai,hyundai,new santro 1.1,sportz executive cng,96261,2022,490000,petrol+cng,1,white,hatchback,manual,2022,4,hyundai_new santro 1.1
mumbai,mahindra,xuv500,w7 at,70968,2021,1196655,diesel,1,silver,suv,automatic,2021,5,mahindra_xuv500
mumbai,kia,sonet,htx 1.0 imt,30659,2021,805000,petrol,2,red,suv,manual,2021,5,kia_sonet
mumbai,tata,tiago,xza plus,59535,2020,431000,petrol,3,white,hatchback,automatic,2020,6,tata_tiago
mumbai,hyundai,xcent,sx 1.2,68082,2016,387000,petrol,2,white,sedan,manual,2016,10,hyundai_xcent
mumbai,kia,seltos,gtx plus dct,40109,2020,1384613,petrol,1,white,suv,automatic,2020,6,kia_seltos
mumbai,maruti suzuki,s-presso,lxi cng,40638,2021,409000,cng,1,grey,hatchback,manual,2021,5,maruti suzuki_s-presso
mumbai,maruti suzuki,ritz,vxi bs-iv,46115,2013,271000,petrol,1,red,hatchback,manual,2013,13,maruti suzuki_ritz
mumbai,hyundai,venue,sx 1.2 petrol,17123,2022,941000,petrol,1,red,suv,manual,2022,4,hyundai_venue
mumbai,toyota,glanza,g cvt,42307,2021,719000,petrol,1,white,hatchback,automatic,2021,5,toyota_glanza
mumbai,hyundai,alcazar,platinum 7 str 2.0 petrol,25365,2022,1494605,petrol,1,grey,suv,manual,2022,4,hyundai_alcazar
mumbai,maruti suzuki,xl6,alpha plus mt petrol,16035,2022,1189683,petrol,1,white,muv,manual,2023,4,maruti suzuki_xl6
mumbai,toyota,innova crysta,2.4 v 8 str,40245,2019,1664285,diesel,2,red,muv,manual,2019,7,toyota_innova crysta
mumbai,mg motors,hector,sharp 1.5 dct petrol,22351,2020,1329018,petrol,1,grey,suv,automatic,2020,6,mg motors_hector
mumbai,volkswagen,ameo,highline1.2l (p),77759,2017,398000,petrol,2,silver,sedan,manual,2017,9,volkswagen_ameo
mumbai,hyundai,venue,sx (o) 1.0 turbo imt,38188,2021,907000,petrol,1,white,suv,manual,2021,5,hyundai_venue
mumbai,kia,sonet,gtx plus 1.0 imt,57441,2021,961000,petrol,1,white,suv,manual,2021,5,kia_sonet
mumbai,nissan,magnite,xv premium turbo cvt,15442,2022,861000,petrol,1,white,suv,automatic,2022,4,nissan_magnite
mumbai,hyundai,i10,magna 1.2 kappa2,32117,2011,231000,petrol,1,red,hatchback,manual,2011,15,hyundai_i10
mumbai,maruti suzuki,fronx,alpha 1.0l turbo 6 at dual tone,8494,2023,1134104,petrol,2,red,suv,automatic,2023,3,maruti suzuki_fronx
mumbai,maruti suzuki,s-presso,vxi plus amt,30656,2020,410000,petrol,1,blue,hatchback,automatic,2020,6,maruti suzuki_s-presso
mumbai,tata,altroz,xz petrol,15556,2022,679000,petrol,2,white,hatchback,manual,2022,4,tata_altroz
mumbai,skoda,octavia,style 2.0,37536,2023,2049095,petrol,1,black,sedan,automatic,2023,3,skoda_octavia
mumbai,mg motors,hector,sharp 2.0 diesel turbo mt dual tone,59440,2021,1488545,diesel,1,white,suv,manual,2021,5,mg motors_hector
mumbai,maruti suzuki,ertiga,zxi,66088,2013,523000,petrol,1,grey,muv,manual,2013,13,maruti suzuki_ertiga
mumbai,maruti suzuki,baleno,alpha 1.2,53740,2017,462000,petrol,2,blue,hatchback,manual,2017,9,maruti suzuki_baleno
mumbai,maruti suzuki,ciaz,alpha 1.5 at,44579,2023,995000,petrol,1,silver,sedan,automatic,2023,3,maruti suzuki_ciaz
mumbai,hyundai,venue,sx (o) 1.0 turbo imt,55680,2022,959000,petrol,1,black,suv,manual,2022,4,hyundai_venue
mumbai,maruti suzuki,s-presso,vxi (o) amt,31185,2021,437000,petrol,1,white,hatchback,automatic,2021,5,maruti suzuki_s-presso
mumbai,mg motors,astor,sharp 1.5 mt,36445,2022,1061413,petrol,1,black,suv,manual,2022,4,mg motors_astor
mumbai,maruti suzuki,brezza,zxi,5438,2024,1147263,petrol,1,black,suv,manual,2024,2,maruti suzuki_brezza
mumbai,mahindra,xuv700,ax 7 diesel mt luxury pack 7 str,21479,2022,1940015,diesel,2,silver,suv,manual,2022,4,mahindra_xuv700
mumbai,maruti suzuki,brezza,zxi,28561,2023,1042178,petrol,1,blue,suv,manual,2023,3,maruti suzuki_brezza
mumbai,honda,city,1.5 v mt,74443,2012,352000,petrol,1,golden,sedan,manual,2012,14,honda_city
mumbai,tata,nexon,xza plus dual tone roof optional diesel amt,61691,2021,993000,diesel,1,red,suv,automatic,2021,5,tata_nexon
mumbai,maruti suzuki,ignis,zeta 1.2 amt,51533,2017,470000,petrol,1,white,hatchback,automatic,2018,9,maruti suzuki_ignis
mumbai,maruti suzuki,celerio,zxi plus,25128,2022,568000,petrol,1,grey,hatchback,manual,2022,4,maruti suzuki_celerio
mumbai,hyundai,verna,sx 1.5 mpi,30099,2022,1043188,petrol,1,grey,sedan,manual,2022,4,hyundai_verna
mumbai,hyundai,creta,1.6 sx opt vtvt,52211,2018,922000,petrol,1,orange,suv,manual,2018,8,hyundai_creta
mumbai,honda,city,v cvt petrol,47701,2022,1049293,petrol,1,white,sedan,automatic,2022,4,honda_city
mumbai,hyundai,xcent,s at 1.2 (o),57277,2014,356000,petrol,2,blue,sedan,automatic,2014,12,hyundai_xcent
mumbai,renault,kiger,rxl 1.0 turbo mt,67743,2021,526000,petrol,1,white,suv,manual,2021,5,renault_kiger
mumbai,tata,nexon,xza plus dual tone roof amt petrol,26767,2018,718000,petrol,2,white,suv,automatic,2018,8,tata_nexon
mumbai,hyundai,i10,sportz 1.2 kappa2,44472,2011,210000,petrol,2,grey,hatchback,manual,2011,15,hyundai_i10
mumbai,renault,triber,rxz,52052,2020,554000,petrol,1,white,muv,manual,2020,6,renault_triber
mumbai,ford,ecosport,trend 1.5l tdci,99456,2016,470000,diesel,2,silver,suv,manual,2016,10,ford_ecosport
mumbai,kia,carens,luxury 1.4 petrol 7 str,39538,2022,1292658,petrol,1,black,muv,manual,2022,4,kia_carens
mumbai,tata,tigor,xz plus cng,65385,2022,641000,cng,1,white,sedan,manual,2022,4,tata_tigor
mumbai,hyundai,creta,1.6 sx plus auto,95668,2015,770000,diesel,1,black,suv,automatic,2015,11,hyundai_creta
mumbai,mg motors,astor,sharp ex 1.5 mt,35326,2022,1146000,petrol,1,white,suv,manual,2022,4,mg motors_astor
mumbai,tata,zest,xt petrol,96479,2016,320000,petrol,3,grey,sedan,manual,2016,10,tata_zest
mumbai,maruti suzuki,wagon r 1.0,vxi (o) 1.0 amt,54391,2021,505000,petrol,1,silver,hatchback,automatic,2021,5,maruti suzuki_wagon r 1.0
mumbai,tata,altroz,xza+ dt,26458,2023,845000,petrol,1,blue,hatchback,automatic,2023,3,tata_altroz
mumbai,hyundai,elite i20,asta 1.2,50262,2018,580000,petrol,1,grey,hatchback,manual,2018,8,hyundai_elite i20
mumbai,honda,jazz,v cvt,23209,2021,741000,petrol,1,white,hatchback,automatic,2021,5,honda_jazz
mumbai,maruti suzuki,baleno,alpha petrol,96301,2022,674000,petrol,1,grey,hatchback,manual,2022,4,maruti suzuki_baleno
mumbai,tata,altroz,xz plus 1.2 dark edition,9700,2023,817000,petrol,1,black,hatchback,manual,2023,3,tata_altroz
mumbai,honda,city,zx cvt petrol,26402,2022,1292703,petrol,1,grey,sedan,automatic,2022,4,honda_city
mumbai,hyundai,grand i10,magna 1.2 kappa vtvt,50629,2019,439000,petrol,1,blue,hatchback,manual,2019,7,hyundai_grand i10
mumbai,kia,sonet,gtx plus 1.0 dct,52188,2020,990000,petrol,1,white,suv,automatic,2020,6,kia_sonet
mumbai,maruti suzuki,eeco,5 str with a/c+htr cng,15045,2021,582000,cng,1,white,muv,manual,2021,5,maruti suzuki_eeco
mumbai,maruti suzuki,baleno,alpha at petrol,101967,2017,500000,petrol,1,blue,hatchback,automatic,2017,9,maruti suzuki_baleno
mumbai,tata,tigor,xz plus cng,27402,2022,721000,cng,1,white,sedan,manual,2022,4,tata_tigor
mumbai,maruti suzuki,baleno,zeta,44344,2020,616000,petrol,1,grey,hatchback,manual,2020,6,maruti suzuki_baleno
mumbai,honda,jazz,vx cvt,26244,2021,768000,petrol,1,white,hatchback,automatic,2021,5,honda_jazz
mumbai,ford,figo,duratorq diesel zxi 1.4,106784,2012,219000,diesel,1,white,hatchback,manual,2012,14,ford_figo
mumbai,renault,triber,rxz,30122,2021,620000,petrol,1,yellow,muv,manual,2022,5,renault_triber
mumbai,hyundai,grand i10 nios,sportz amt 1.2 kappa vtvt,16559,2022,682000,petrol,1,red,hatchback,automatic,2022,4,hyundai_grand i10 nios
mumbai,maruti suzuki,celerio,vxi,39735,2022,478000,petrol,1,grey,hatchback,manual,2022,4,maruti suzuki_celerio
mumbai,maruti suzuki,vitara brezza,vxi at shvs,29197,2021,816000,petrol,1,red,suv,automatic,2021,5,maruti suzuki_vitara brezza
mumbai,honda,city,v cvt petrol,8248,2022,1050303,petrol,2,grey,sedan,automatic,2022,4,honda_city
mumbai,nissan,terrano,xv premium amt,77703,2018,729000,diesel,1,black,suv,automatic,2018,8,nissan_terrano
mumbai,hyundai,creta,1.6 sx plus auto petrol,67493,2016,729000,petrol,2,black,suv,automatic,2016,10,hyundai_creta
mumbai,honda,city,zx cvt petrol,15322,2022,1290638,petrol,1,brown,sedan,automatic,2022,4,honda_city
mumbai,maruti suzuki,brezza,zxi plus,40330,2023,1121968,petrol,1,white,suv,manual,2023,3,maruti suzuki_brezza
mumbai,maruti suzuki,swift dzire,vxi,68883,2014,362000,petrol,1,silver,sedan,manual,2014,12,maruti suzuki_swift dzire
mumbai,hyundai,venue,sx (o) 1.5 crdi,48256,2021,1049248,diesel,1,silver,suv,manual,2021,5,hyundai_venue
mumbai,tata,tiago,xza plus icng,13592,2024,770000,cng,1,blue,hatchback,automatic,2024,2,tata_tiago
mumbai,kia,seltos,htx plus at d,54567,2020,1322000,diesel,1,red,suv,automatic,2020,6,kia_seltos
mumbai,maruti suzuki,alto k10,vxi plus,19164,2023,482000,petrol,1,silver,hatchback,manual,2023,3,maruti suzuki_alto k10
mumbai,tata,tiago,xza plus,6082,2022,675000,petrol,1,red,hatchback,automatic,2022,4,tata_tiago
mumbai,renault,triber,rxz,106305,2019,470000,petrol,1,white,muv,manual,2019,7,renault_triber
mumbai,maruti suzuki,wagon r 1.0,vxi,106814,2014,268000,petrol,1,brown,hatchback,manual,2014,12,maruti suzuki_wagon r 1.0
mumbai,hyundai,verna,fluidic 1.6 vtvt sx at,66047,2014,438000,petrol,2,silver,sedan,automatic,2014,12,hyundai_verna
mumbai,nissan,magnite,xv premium turbo cvt (o),31563,2023,911000,petrol,1,brown,suv,automatic,2023,3,nissan_magnite
mumbai,maruti suzuki,alto k10,lxi (o),1254,2022,422000,petrol,1,grey,hatchback,manual,2022,4,maruti suzuki_alto k10
mumbai,hyundai,elite i20,sportz 1.2,43682,2016,461000,petrol,1,white,hatchback,manual,2016,10,hyundai_elite i20
mumbai,volkswagen,vento,1.5l highline diesel at,88790,2015,531000,diesel,1,white,sedan,automatic,2015,11,volkswagen_vento
mumbai,mahindra,xuv500,w11 at,81726,2018,1160295,diesel,1,white,suv,automatic,2018,8,mahindra_xuv500
mumbai,honda,amaze,vx cvt 1.2 petrol,15874,2021,772000,petrol,1,grey,sedan,automatic,2021,5,honda_amaze
mumbai,maruti suzuki,ciaz,alpha 1.5 at,57895,2022,909000,petrol,1,white,sedan,automatic,2022,4,maruti suzuki_ciaz
mumbai,hyundai,grand i10 nios,asta 1.2 kappa vtvt,33792,2020,610000,petrol,1,blue,hatchback,manual,2020,6,hyundai_grand i10 nios
mumbai,hyundai,grand i10 nios,corporate edition mt,10831,2022,582000,petrol,1,blue,hatchback,manual,2022,4,hyundai_grand i10 nios
mumbai,ford,ecosport,titanium 1.5l tdci (opt),86122,2016,513000,diesel,2,orange,suv,manual,2016,10,ford_ecosport
mumbai,maruti suzuki,celerio,zxi plus,35665,2022,549000,petrol,1,grey,hatchback,manual,2022,4,maruti suzuki_celerio
mumbai,volkswagen,polo,comfortline 1.2l (p),72347,2016,379000,petrol,1,red,hatchback,manual,2016,10,volkswagen_polo
mumbai,mahindra,xuv700,ax 7 diesel at 7 str,33427,2022,2017883,diesel,1,blue,suv,automatic,2022,4,mahindra_xuv700
mumbai,maruti suzuki,ciaz,alpha petrol,42162,2022,894000,petrol,1,black,sedan,manual,2022,4,maruti suzuki_ciaz
mumbai,honda,city,v cvt petrol,49989,2019,723000,petrol,1,red,sedan,automatic,2019,7,honda_city
mumbai,renault,kwid,rxt,31737,2016,238000,petrol,2,grey,hatchback,manual,2016,10,renault_kwid
mumbai,skoda,rapid,style plus at diesel,104701,2016,459000,diesel,1,white,sedan,automatic,2016,10,skoda_rapid
mumbai,tata,tigor,revotron xz+,17078,2022,641000,petrol,1,white,sedan,manual,2022,4,tata_tigor
mumbai,mahindra,tuv300,t10 dual tone,52899,2018,724000,diesel,1,red,suv,manual,2018,8,mahindra_tuv300
mumbai,maruti suzuki,celerio,vxi,4868,2022,509000,petrol,1,grey,hatchback,manual,2022,4,maruti suzuki_celerio
mumbai,honda,city,vx petrol,21521,2022,1132113,petrol,1,grey,sedan,manual,2023,4,honda_city
mumbai,maruti suzuki,fronx,alpha 1.0l turbo mt,3226,2024,1162413,petrol,1,grey,suv,manual,2025,2,maruti suzuki_fronx
mumbai,renault,kiger,rxt amt,4934,2022,647000,petrol,1,blue,suv,automatic,2022,4,renault_kiger
mumbai,maruti suzuki,ertiga,zxi,34416,2016,665000,petrol,2,grey,muv,manual,2016,10,maruti suzuki_ertiga
mumbai,maruti suzuki,alto 800,vxi+  petrol+cng (outside fitted),35170,2021,392000,cng,1,grey,hatchback,manual,2022,5,maruti suzuki_alto 800
mumbai,maruti suzuki,s-presso,vxi plus,9232,2023,474000,petrol,1,silver,hatchback,manual,2023,3,maruti suzuki_s-presso
mumbai,maruti suzuki,celerio,zxi plus amt,5594,2023,662000,petrol,1,white,hatchback,automatic,2023,3,maruti suzuki_celerio
mumbai,maruti suzuki,ciaz,alpha hybrid 1.5,49512,2018,635000,petrol,1,blue,sedan,manual,2018,8,maruti suzuki_ciaz
mumbai,volkswagen,polo,highline1.2l (p),31994,2014,362000,petrol,1,orange,hatchback,manual,2014,12,volkswagen_polo
mumbai,hyundai,creta,1.6 sx at vtvt,85548,2018,718000,petrol,3,black,suv,automatic,2018,8,hyundai_creta
mumbai,maruti suzuki,celerio,vxi amt,34803,2014,298000,petrol,2,grey,hatchback,automatic,2014,12,maruti suzuki_celerio
mumbai,maruti suzuki,swift,vxi,19228,2023,659000,petrol,1,red,hatchback,manual,2023,3,maruti suzuki_swift
mumbai,maruti suzuki,fronx,alpha 1.0l turbo 6 at,13178,2023,1189683,petrol,1,blue,suv,automatic,2023,3,maruti suzuki_fronx
mumbai,hyundai,venue,sx 1.0 turbo,36269,2021,846000,petrol,1,white,suv,manual,2021,5,hyundai_venue
mumbai,toyota,innova crysta,2.4 v 7 str,66355,2018,1647213,diesel,1,purple,muv,manual,2018,8,toyota_innova crysta
mumbai,hyundai,creta,1.6l sx vtvt,59996,2019,888000,petrol,1,white,suv,manual,2019,7,hyundai_creta
mumbai,maruti suzuki,swift,vxi amt,15859,2021,642000,petrol,1,grey,hatchback,automatic,2021,5,maruti suzuki_swift
mumbai,volkswagen,polo,comfortline 1.2l (p),26428,2015,417000,petrol,1,red,hatchback,manual,2015,11,volkswagen_polo
mumbai,tata,tiago,xz plus dual tone roof,13043,2020,544000,petrol,1,red,hatchback,manual,2020,6,tata_tiago
mumbai,maruti suzuki,brezza,zxi,13972,2023,1071513,petrol,1,brown,suv,manual,2023,3,maruti suzuki_brezza
mumbai,hyundai,new santro 1.1,asta mt,69266,2019,418000,petrol,1,grey,hatchback,manual,2019,7,hyundai_new santro 1.1
mumbai,volkswagen,polo,highline1.2l (p),78306,2014,298000,petrol,2,grey,hatchback,manual,2014,12,volkswagen_polo
mumbai,ford,fiesta classic,1.6 duratec titanium,45159,2013,199000,petrol,2,white,sedan,manual,2013,13,ford_fiesta classic
mumbai,honda,city,sv,102101,2016,430000,petrol,1,white,sedan,manual,2016,10,honda_city
mumbai,honda,brio,s mt,46030,2012,250000,petrol,1,red,hatchback,manual,2012,14,honda_brio
mumbai,honda,city,zx petrol,42935,2021,1069448,petrol,1,grey,sedan,manual,2021,5,honda_city
mumbai,tata,punch,creative dual tone,29899,2022,668000,petrol,2,brown,suv,manual,2022,4,tata_punch
mumbai,tata,nexon,xz plus,42948,2019,725000,petrol,1,grey,suv,manual,2019,7,tata_nexon
mumbai,hyundai,venue,sx 1.2 petrol,10232,2023,1042178,petrol,1,white,suv,manual,2023,3,hyundai_venue
mumbai,maruti suzuki,wagon r 1.2,zxi plus amt,8627,2024,724000,petrol,1,silver,hatchback,automatic,2024,2,maruti suzuki_wagon r 1.2
mumbai,hyundai,verna,sx 1.6 vtvt,31968,2019,736000,petrol,1,brown,sedan,manual,2019,7,hyundai_verna
mumbai,tata,punch,accomplished dazzle sunroof cng,38668,2024,870000,cng,1,grey,suv,manual,2024,2,tata_punch
mumbai,mg motors,hector,2.0 sharp dual tone,61487,2020,1256343,diesel,1,red,suv,manual,2020,6,mg motors_hector
mumbai,maruti suzuki,baleno,delta 1.2,53457,2017,466000,petrol,1,white,hatchback,manual,2017,9,maruti suzuki_baleno
mumbai,maruti suzuki,s-presso,vxi,46689,2019,346000,petrol,1,red,hatchback,manual,2020,7,maruti suzuki_s-presso
mumbai,maruti suzuki,wagon r,lxi 1.0 cng,67584,2021,472000,cng,1,blue,hatchback,manual,2021,5,maruti suzuki_wagon r
mumbai,tata,nexon,xza plus dual tone roof amt diesel,78541,2018,651000,diesel,2,blue,suv,automatic,2018,8,tata_nexon
mumbai,volkswagen,ameo,highline1.2l (p),107824,2016,376000,petrol,1,blue,sedan,manual,2016,10,volkswagen_ameo
mumbai,honda,city,vx cvt,91689,2017,600000,petrol,1,grey,sedan,automatic,2017,9,honda_city
mumbai,kia,seltos,gtx plus,36257,2020,1267000,petrol,1,black,suv,manual,2020,6,kia_seltos
mumbai,honda,city,vx cvt petrol,40486,2022,1172513,petrol,1,brown,sedan,automatic,2022,4,honda_city
mumbai,hyundai,venue,s+ 1.2,22950,2022,807000,petrol,1,silver,suv,manual,2022,4,hyundai_venue
mumbai,hyundai,venue,sx 1.0 (o) turbo imt,47495,2021,894000,petrol,1,grey,suv,manual,2021,5,hyundai_venue
mumbai,hyundai,elite i20,asta 1.2 (o),26068,2017,551000,petrol,1,red,hatchback,manual,2017,9,hyundai_elite i20
mumbai,tata,punch,creative dual tone mt sunroof,5431,2023,863000,petrol,1,blue,suv,manual,2023,3,tata_punch
mumbai,maruti suzuki,swift,zxi plus,42211,2018,576000,petrol,1,white,hatchback,manual,2018,8,maruti suzuki_swift
mumbai,maruti suzuki,alto k10,vxi (o) ags,5588,2024,569000,petrol,1,golden,hatchback,automatic,2024,2,maruti suzuki_alto k10
mumbai,maruti suzuki,ignis,alpha 1.2 amt,33819,2019,584000,petrol,1,blue,hatchback,automatic,2019,7,maruti suzuki_ignis
mumbai,maruti suzuki,ciaz,alpha at petrol,31371,2022,985000,petrol,1,white,sedan,automatic,2022,4,maruti suzuki_ciaz
mumbai,ford,ecosport,titanium 1.5 tdci,98101,2015,389000,diesel,2,red,suv,manual,2015,11,ford_ecosport
mumbai,honda,jazz,v petrol,67778,2017,399000,petrol,2,brown,hatchback,manual,2017,9,honda_jazz
mumbai,honda,amaze,1.2 s at i-vtec,51172,2014,351000,petrol,2,blue,sedan,automatic,2014,12,honda_amaze
mumbai,nissan,kicks,xv diesel,92579,2019,659000,diesel,1,grey,suv,manual,2019,7,nissan_kicks
mumbai,hyundai,elite i20,magna plus 1.2,47384,2019,517000,petrol,1,white,hatchback,manual,2019,7,hyundai_elite i20
mumbai,mg motors,astor,savvy 1.3 turbo at s red,29183,2021,1215000,petrol,2,red,suv,automatic,2021,5,mg motors_astor
mumbai,tata,altroz,xt 1.2,15882,2023,695000,petrol,1,red,hatchback,manual,2023,3,tata_altroz
mumbai,honda,city,v cvt petrol,20157,2022,1123988,petrol,1,grey,sedan,automatic,2022,4,honda_city
mumbai,mahindra,scorpio n,z8 l petrol at 7 str,30045,2023,1960313,petrol,1,red,suv,automatic,2024,3,mahindra_scorpio n
mumbai,tata,tigor,revotron xz+,31691,2021,585000,petrol,1,silver,sedan,manual,2021,5,tata_tigor
mumbai,maruti suzuki,s-cross,alpha at,35079,2021,967000,petrol,1,brown,suv,automatic,2021,5,maruti suzuki_s-cross
mumbai,mahindra,xuv700,ax 5 petrol at 5 str,22072,2023,1839113,petrol,1,red,suv,automatic,2024,3,mahindra_xuv700
mumbai,renault,kiger,rxz amt,29090,2022,699000,petrol,1,white,suv,automatic,2022,4,renault_kiger
mumbai,maruti suzuki,alto k10,vxi,4838,2023,458000,petrol,1,silver,hatchback,manual,2023,3,maruti suzuki_alto k10
mumbai,toyota,innova,2.5 vx 8 str,123491,2015,754000,diesel,3,brown,muv,manual,2015,11,toyota_innova
mumbai,tata,tigor,revotron xz+ cng,38984,2022,634000,petrol+cng,2,grey,sedan,manual,2022,4,tata_tigor
mumbai,honda,jazz,vx petrol,63487,2015,356000,petrol,2,silver,hatchback,manual,2015,11,honda_jazz
mumbai,nissan,teana,250xv,69466,2012,498000,petrol,2,grey,sedan,automatic,2012,14,nissan_teana
mumbai,tata,altroz,xt 1.2,34481,2021,621000,petrol,1,grey,hatchback,manual,2021,5,tata_altroz
mumbai,tata,nexon,xza plus amt s,52978,2021,882000,petrol,2,green,suv,automatic,2021,5,tata_nexon
mumbai,mahindra,thar,lx hard top diesel at 4wd,17087,2022,1498743,diesel,1,grey,suv,automatic,2022,4,mahindra_thar
mumbai,tata,nexon,xz plus (o) dark edition petrol+cng (outside fitted),22155,2021,928000,cng,1,black,suv,manual,2021,5,tata_nexon
mumbai,maruti suzuki,ciaz,delta hybrid 1.5,52948,2020,677000,petrol,1,white,sedan,manual,2020,6,maruti suzuki_ciaz
mumbai,mahindra,xuv 300,w8 petrol,29684,2022,858000,petrol,1,black,suv,manual,2022,4,mahindra_xuv 300
mumbai,maruti suzuki,baleno,zeta 1.2 at,33792,2018,593000,petrol,1,blue,hatchback,automatic,2018,8,maruti suzuki_baleno
mumbai,tata,tiago,revotron xz plus,12605,2021,550000,petrol,1,red,hatchback,manual,2021,5,tata_tiago
mumbai,maruti suzuki,ignis,alpha 1.2 amt,37844,2017,521000,petrol,1,red,hatchback,automatic,2017,9,maruti suzuki_ignis
mumbai,hyundai,grand i10 nios,sportz petrol+cng(outside fitted),22126,2022,661000,petrol+cng,1,blue,hatchback,manual,2022,4,hyundai_grand i10 nios
mumbai,hyundai,grand i10,asta 1.2 kappa vtvt,39096,2015,326000,petrol,3,grey,hatchback,manual,2015,11,hyundai_grand i10
mumbai,hyundai,i10,sportz 1.2 at kappa2,39161,2011,247000,petrol,1,grey,hatchback,automatic,2011,15,hyundai_i10
mumbai,ford,ecosport,titanium 1.0 ecoboost,64375,2014,383000,petrol,1,grey,suv,manual,2014,12,ford_ecosport
mumbai,volkswagen,vento,1.2l highline petrol at,68401,2017,517000,petrol,2,silver,sedan,automatic,2018,9,volkswagen_vento
mumbai,honda,city,sv petrol,24699,2018,643000,petrol,1,grey,sedan,manual,2018,8,honda_city
mumbai,hyundai,creta,1.6l sx vtvt,70372,2018,806000,petrol,1,grey,suv,manual,2018,8,hyundai_creta
mumbai,maruti suzuki,ciaz,alpha at petrol,50044,2021,857000,petrol,1,white,sedan,automatic,2021,5,maruti suzuki_ciaz
mumbai,maruti suzuki,dzire,zxi plus amt,50293,2018,616000,petrol,1,silver,sedan,automatic,2018,8,maruti suzuki_dzire
mumbai,skoda,octavia,1.8l ambition plus at,57506,2017,858000,petrol,1,beige,sedan,automatic,2017,9,skoda_octavia
mumbai,hyundai,grand i10,asta 1.2 kappa vtvt,22425,2017,478000,petrol,1,red,hatchback,manual,2017,9,hyundai_grand i10
mumbai,volkswagen,taigun,topline 1.0 tsi mt,27147,2022,1217029,petrol,1,golden,suv,manual,2022,4,volkswagen_taigun
mumbai,renault,kwid,climber 1.0 amt opt,33502,2017,350000,petrol,1,blue,hatchback,automatic,2017,9,renault_kwid
mumbai,kia,sonet,gtx plus 1.0 imt dual tone,34521,2021,985000,petrol,1,red,suv,manual,2021,5,kia_sonet
mumbai,maruti suzuki,dzire,zxi cng (outside fitted),53330,2020,608000,cng,1,grey,sedan,manual,2020,6,maruti suzuki_dzire
mumbai,honda,br-v,v cvt petrol,79949,2016,626000,petrol,1,white,suv,automatic,2016,10,honda_br-v
mumbai,maruti suzuki,celerio,vxi,40863,2021,412000,petrol,2,silver,hatchback,manual,2021,5,maruti suzuki_celerio
mumbai,volkswagen,polo,highline1.2l (p),72882,2017,437000,petrol,1,white,hatchback,manual,2017,9,volkswagen_polo
mumbai,volkswagen,vento,1.5l comfortline diesel,85834,2017,549000,diesel,2,brown,sedan,manual,2017,9,volkswagen_vento
mumbai,skoda,octavia,1.8 tsi at l k,78078,2017,991000,petrol,2,white,sedan,automatic,2017,9,skoda_octavia
mumbai,tata,tigor,revotron xz+ cng,28578,2022,700000,petrol+cng,1,red,sedan,manual,2023,4,tata_tigor
mumbai,maruti suzuki,alto 800,vxi,21979,2021,351000,petrol,1,white,hatchback,manual,2021,5,maruti suzuki_alto 800
mumbai,tata,nexon,xz plus (o),2180,2021,924000,petrol,1,white,suv,manual,2021,5,tata_nexon
mumbai,hyundai,grand i10 nios,sportz 1.2 kappa vtvt cng,14790,2022,684000,petrol+cng,1,blue,hatchback,manual,2022,4,hyundai_grand i10 nios
mumbai,maruti suzuki,baleno,zeta 1.2 at,40122,2017,544000,petrol,1,blue,hatchback,automatic,2017,9,maruti suzuki_baleno
mumbai,renault,triber,rxt,16444,2022,551000,petrol,2,white,muv,manual,2022,4,renault_triber
mumbai,maruti suzuki,baleno,zeta,48385,2021,651000,petrol,1,white,hatchback,manual,2022,5,maruti suzuki_baleno
mumbai,mg motors,hector,1.5 sharp dct,58651,2019,1162000,petrol,1,silver,suv,automatic,2019,7,mg motors_hector
mumbai,tata,tiago,revotron xz plus cng,27635,2022,632000,petrol+cng,1,blue,hatchback,manual,2022,4,tata_tiago
mumbai,maruti suzuki,vitara brezza,vdi (o),64703,2016,604000,diesel,1,blue,suv,manual,2016,10,maruti suzuki_vitara brezza
mumbai,maruti suzuki,swift,zxi,65264,2016,425000,petrol,1,grey,hatchback,manual,2016,10,maruti suzuki_swift
mumbai,maruti suzuki,ertiga,zxi plus at,22306,2024,1303000,petrol,1,white,muv,automatic,2024,2,maruti suzuki_ertiga
mumbai,maruti suzuki,ertiga,zxi+,23902,2017,796000,petrol,1,grey,muv,manual,2017,9,maruti suzuki_ertiga
mumbai,mahindra,xuv700,ax 7 petrol at luxury pack 7 str,22324,2022,2135000,petrol,1,blue,suv,automatic,2022,4,mahindra_xuv700
mumbai,hyundai,elite i20,magna plus 1.4 crdi,61037,2019,629000,diesel,1,white,hatchback,manual,2019,7,hyundai_elite i20
mumbai,maruti suzuki,dzire,zxi plus amt,74391,2019,608000,petrol,1,white,sedan,automatic,2019,7,maruti suzuki_dzire
mumbai,maruti suzuki,baleno,alpha 1.2,30763,2018,584000,petrol,1,blue,hatchback,manual,2018,8,maruti suzuki_baleno
mumbai,maruti suzuki,swift,vxi,43040,2014,355000,petrol,1,blue,hatchback,manual,2014,12,maruti suzuki_swift
mumbai,tata,nexon,xm (s),21923,2023,827000,petrol,1,grey,suv,manual,2023,3,tata_nexon
mumbai,mahindra,scorpio,s5,42870,2021,1229000,diesel,1,white,suv,manual,2021,5,mahindra_scorpio
mumbai,volkswagen,ameo,comfortline 1.5l at (d),39660,2017,552000,diesel,1,brown,sedan,automatic,2017,9,volkswagen_ameo
mumbai,honda,city,v cvt petrol,19154,2020,972000,petrol,1,grey,sedan,automatic,2020,6,honda_city
mumbai,maruti suzuki,ertiga,zxi+,38136,2017,800000,petrol,1,white,muv,manual,2017,9,maruti suzuki_ertiga
mumbai,maruti suzuki,s-presso,vxi plus amt,7575,2021,458000,petrol,1,orange,hatchback,automatic,2021,5,maruti suzuki_s-presso
mumbai,honda,city,v petrol,38697,2019,699000,petrol,1,brown,sedan,manual,2019,7,honda_city
mumbai,mahindra,xuv500,w5,69097,2018,759000,diesel,2,white,suv,manual,2019,8,mahindra_xuv500
mumbai,hyundai,grand i10,asta 1.2 kappa vtvt,40963,2015,393000,petrol,1,orange,hatchback,manual,2015,11,hyundai_grand i10
mumbai,tata,altroz,xm plus petrol,36528,2021,568000,petrol,1,grey,hatchback,manual,2021,5,tata_altroz
mumbai,honda,wr-v,vx mt diesel,77829,2018,669000,diesel,1,grey,suv,manual,2018,8,honda_wr-v
mumbai,maruti suzuki,celerio,vxi amt,21252,2014,316000,petrol,2,red,hatchback,automatic,2014,12,maruti suzuki_celerio
mumbai,honda,civic,zx mt diesel,29985,2019,1688623,diesel,1,red,sedan,manual,2019,7,honda_civic
mumbai,renault,kiger,rxz 1.0 turbo mt dual tone,14673,2021,727000,petrol,1,blue,suv,manual,2021,5,renault_kiger
mumbai,maruti suzuki,ciaz,alpha 1.5 at,40391,2020,721000,petrol,2,grey,sedan,automatic,2020,6,maruti suzuki_ciaz
mumbai,hyundai,venue,s 1.2 petrol,4768,2024,866000,petrol,1,white,suv,manual,2024,2,hyundai_venue
mumbai,renault,kwid,rxt 1.0 amt,8765,2022,450000,petrol,2,bronze,hatchback,automatic,2022,4,renault_kwid
mumbai,maruti suzuki,s-cross,delta 1.6,28592,2015,547000,diesel,1,blue,suv,manual,2016,11,maruti suzuki_s-cross
mumbai,ford,ecosport,trend 1.5 tdci,64924,2015,465000,diesel,1,silver,suv,manual,2015,11,ford_ecosport
mumbai,maruti suzuki,ertiga,vxi at,38343,2022,931000,petrol,1,grey,muv,automatic,2022,4,maruti suzuki_ertiga
mumbai,tata,punch,camo accomplished dazzle amt,19790,2023,804000,petrol,1,green,suv,automatic,2023,3,tata_punch
mumbai,maruti suzuki,ignis,zeta 1.2 mt,16894,2023,628000,petrol,1,blue,hatchback,manual,2023,3,maruti suzuki_ignis
mumbai,renault,triber,rxt,6733,2022,636000,petrol,1,blue,muv,manual,2022,4,renault_triber
mumbai,mahindra,xuv 3xo,ax5l 1.2 petrol,15790,2024,1172468,petrol,1,black,suv,manual,2024,2,mahindra_xuv 3xo
mumbai,maruti suzuki,baleno,delta 1.2 at,41299,2016,438000,petrol,2,grey,hatchback,automatic,2016,10,maruti suzuki_baleno
mumbai,maruti suzuki,baleno,delta 1.2,39118,2018,509000,petrol,1,silver,hatchback,manual,2018,8,maruti suzuki_baleno
mumbai,renault,duster,rxz 1.3 turbo petrol mt,8878,2020,759000,petrol,1,blue,suv,manual,2021,6,renault_duster
mumbai,hyundai,elite i20,asta 1.2,11591,2015,439000,petrol,2,white,hatchback,manual,2015,11,hyundai_elite i20
mumbai,mg motors,hector,sharp 2.0 diesel turbo mt,20162,2022,1698625,diesel,1,white,suv,manual,2022,4,mg motors_hector
mumbai,honda,city,sv,62346,2014,432000,petrol,1,grey,sedan,manual,2014,12,honda_city
mumbai,tata,tigor,xza plus icng,12694,2024,849000,cng,1,grey,sedan,automatic,2024,2,tata_tigor
mumbai,kia,seltos,gtx plus,15711,2022,1494703,petrol,1,grey,suv,manual,2022,4,kia_seltos
mumbai,maruti suzuki,celerio,zxi plus,29195,2022,542000,petrol,1,blue,hatchback,manual,2022,4,maruti suzuki_celerio
mumbai,hyundai,creta,ex petrol,64676,2023,997000,petrol,1,black,suv,manual,2023,3,hyundai_creta
mumbai,maruti suzuki,ciaz,alpha 1.5,7545,2022,853000,petrol,2,blue,sedan,manual,2022,4,maruti suzuki_ciaz
mumbai,maruti suzuki,ciaz,delta hybrid 1.5 at,58892,2019,703000,petrol,1,white,sedan,automatic,2019,7,maruti suzuki_ciaz
mumbai,renault,kwid,1.0 rxt amt opt,53768,2018,331000,petrol,1,white,hatchback,automatic,2019,8,renault_kwid
mumbai,honda,amaze,1.2 s at i-vtec,70150,2014,371000,petrol,1,grey,sedan,automatic,2014,12,honda_amaze
mumbai,maruti suzuki,ignis,zeta 1.2 mt,18988,2022,583000,petrol,1,white,hatchback,manual,2023,4,maruti suzuki_ignis
mumbai,kia,seltos,htk plus d,7481,2023,1435113,diesel,1,grey,suv,manual,2023,3,kia_seltos
mumbai,maruti suzuki,swift,vxi,36372,2020,545000,petrol,1,grey,hatchback,manual,2020,6,maruti suzuki_swift
mumbai,hyundai,grand i10 nios,sportz 1.2 kappa vtvt cng,79535,2020,574000,cng,1,blue,hatchback,manual,2020,6,hyundai_grand i10 nios
mumbai,tata,nexon,xza plus amt s,17334,2021,950000,petrol,1,silver,suv,automatic,2021,5,tata_nexon
mumbai,hyundai,creta,1.6 sx plus auto petrol,84283,2017,778000,petrol,1,silver,suv,automatic,2017,9,hyundai_creta
mumbai,maruti suzuki,ciaz,alpha 1.4 mt,71092,2017,564000,petrol,1,grey,sedan,manual,2017,9,maruti suzuki_ciaz
mumbai,honda,amaze,1.2 s mt petrol,31607,2019,519000,petrol,1,red,sedan,manual,2019,7,honda_amaze
mumbai,maruti suzuki,wagon r,vxi,47974,2017,353000,petrol,1,blue,hatchback,manual,2017,9,maruti suzuki_wagon r
mumbai,tata,safari,xz plus,34797,2021,1595605,diesel,1,blue,suv,manual,2021,5,tata_safari
mumbai,mahindra,xuv 3xo,mx3 pro 1.2 petrol,5980,2024,956000,petrol,1,black,suv,manual,2024,2,mahindra_xuv 3xo
mumbai,hyundai,grand i10 nios,sportz 1.2 kappa amt,6591,2023,702000,petrol,1,blue,hatchback,automatic,2023,3,hyundai_grand i10 nios
mumbai,maruti suzuki,swift,zxi amt,77627,2018,533000,petrol,1,grey,hatchback,automatic,2018,8,maruti suzuki_swift
mumbai,tata,altroz,xza petrol dct,22093,2022,770000,petrol,1,blue,hatchback,automatic,2022,4,tata_altroz
mumbai,hyundai,verna,sx 1.5 mpi,56174,2022,980000,petrol,1,white,sedan,manual,2022,4,hyundai_verna
mumbai,maruti suzuki,baleno,sigma mt,17249,2022,581000,petrol,1,silver,hatchback,manual,2022,4,maruti suzuki_baleno
mumbai,maruti suzuki,baleno,alpha 1.2,33068,2018,588000,petrol,1,blue,hatchback,manual,2018,8,maruti suzuki_baleno
mumbai,renault,kwid,climber 1.0 amt opt,22542,2020,449000,petrol,1,blue,hatchback,automatic,2020,6,renault_kwid
mumbai,volkswagen,vento,tsi,61478,2014,401000,petrol,1,brown,sedan,automatic,2015,12,volkswagen_vento
mumbai,tata,nexon,xza plus amt petrol,42164,2018,712000,petrol,1,grey,suv,automatic,2018,8,tata_nexon
mumbai,renault,triber,rxz dual tone,22470,2022,656000,petrol,1,silver,muv,manual,2022,4,renault_triber
mumbai,volkswagen,vento,1.2l highline petrol at,37127,2017,586000,petrol,1,grey,sedan,automatic,2017,9,volkswagen_vento
mumbai,mg motors,astor,sharp ex 1.5 mt,6108,2022,1233113,petrol,1,red,suv,manual,2022,4,mg motors_astor
mumbai,tata,punch,creative mt,51015,2022,691000,petrol,1,green,suv,manual,2022,4,tata_punch
mumbai,maruti suzuki,ciaz,alpha at petrol,42726,2022,878000,petrol,1,blue,sedan,automatic,2022,4,maruti suzuki_ciaz
mumbai,renault,kwid,climber 1.0 amt,14882,2022,507000,petrol,1,silver,hatchback,automatic,2022,4,renault_kwid
mumbai,renault,kiger,rxz turbo cvt dual tone,9480,2021,804000,petrol,1,red,suv,automatic,2021,5,renault_kiger
mumbai,skoda,rapid new,ambition petrol,37288,2019,590000,petrol,1,beige,sedan,manual,2019,7,skoda_rapid new
mumbai,toyota,glanza,g,25007,2020,532000,petrol,2,grey,hatchback,manual,2020,6,toyota_glanza
mumbai,mg motors,hector,sharp 1.5 petrol cvt,33524,2021,1455268,petrol,1,black,suv,automatic,2021,5,mg motors_hector
mumbai,tata,tiago,xza plus,27248,2021,556000,petrol,2,red,hatchback,automatic,2021,5,tata_tiago
mumbai,honda,city,vx (o) mt,65238,2015,532000,petrol,1,white,sedan,manual,2015,11,honda_city
mumbai,tata,punch,adventure amt,6650,2023,719000,petrol,1,white,suv,automatic,2024,3,tata_punch
mumbai,maruti suzuki,dzire,zxi ags,28034,2022,747000,petrol,1,white,sedan,automatic,2022,4,maruti suzuki_dzire
mumbai,tata,nexon,xza plus (premium) diesel dark edition,40137,2022,1106000,diesel,1,black,suv,automatic,2022,4,tata_nexon
mumbai,maruti suzuki,swift dzire,vxi,65471,2015,398000,petrol,1,maroon,sedan,manual,2015,11,maruti suzuki_swift dzire
mumbai,hyundai,new i20,asta (o) 1.2 mt,49006,2022,798000,petrol,1,white,hatchback,manual,2022,4,hyundai_new i20
mumbai,maruti suzuki,ciaz,zxi+ at,49549,2016,577000,petrol,1,red,sedan,automatic,2016,10,maruti suzuki_ciaz
mumbai,maruti suzuki,alto 800,vxi,4869,2022,382000,petrol,1,red,hatchback,manual,2022,4,maruti suzuki_alto 800
mumbai,maruti suzuki,dzire,vxi amt,46297,2018,519000,petrol,2,blue,sedan,automatic,2018,8,maruti suzuki_dzire
mumbai,ford,ecosport,titanium 1.5l tdci (opt),56249,2016,599000,diesel,1,blue,suv,manual,2016,10,ford_ecosport
mumbai,maruti suzuki,swift,vxi,49725,2021,572000,petrol,1,white,hatchback,manual,2021,5,maruti suzuki_swift
mumbai,hyundai,elite i20,asta 1.2 at,49587,2018,623000,petrol,1,white,hatchback,automatic,2018,8,hyundai_elite i20
mumbai,maruti suzuki,baleno,zeta at petrol,40295,2017,536000,petrol,1,blue,hatchback,automatic,2017,9,maruti suzuki_baleno
mumbai,toyota,etios,gd,64240,2019,640000,diesel,1,white,sedan,manual,2019,7,toyota_etios
mumbai,maruti suzuki,swift dzire,vxi,28738,2015,415000,petrol,1,blue,sedan,manual,2015,11,maruti suzuki_swift dzire
mumbai,mahindra,xuv500,w7,55189,2021,1146000,diesel,1,white,suv,manual,2021,5,mahindra_xuv500
mumbai,ford,ecosport,titanium 1.5l ti-vct,55641,2016,497000,petrol,1,white,suv,manual,2016,10,ford_ecosport
jaipur,honda,city,vx petrol,21714,2022,1126000,petrol,1,grey,sedan,manual,2022,4,honda_city
jaipur,jeep,compass,model s (o) 2.0 diesel,56613,2021,1615858,diesel,1,white,suv,manual,2022,5,jeep_compass
jaipur,maruti suzuki,wagon r,vxi,31125,2013,310688,petrol,1,grey,hatchback,manual,2013,13,maruti suzuki_wagon r
jaipur,maruti suzuki,wagon r,vxi,37065,2018,385294,petrol,2,grey,hatchback,manual,2018,8,maruti suzuki_wagon r
jaipur,hyundai,grand i10 nios,magna 1.2 kappa,18892,2024,638750,petrol,1,grey,hatchback,manual,2024,2,hyundai_grand i10 nios
jaipur,kia,seltos,gtx plus 1.5 turbo petrol dct,32882,2023,1733663,petrol,1,white,suv,automatic,2024,3,kia_seltos
jaipur,tata,altroz,xz 1.5,38822,2023,877898,diesel,1,white,hatchback,manual,2023,3,tata_altroz
jaipur,mercedes-benz,glc,300 progressive,68560,2018,2928858,petrol,2,blue,wagon,automatic,2018,8,mercedes-benz_glc
jaipur,honda,city,zx cvt petrol,65490,2021,1114463,petrol,1,brown,sedan,automatic,2021,5,honda_city
jaipur,mahindra,xuv700,ax 7 diesel at luxury pack 7 str,55332,2021,1786197,diesel,2,blue,suv,automatic,2021,5,mahindra_xuv700
jaipur,audi,a6,45 tfsi premium plus,36555,2021,4029758,petrol,1,black,sedan,automatic,2021,5,audi_a6
jaipur,mercedes-benz,gla,200,53446,2022,3484358,petrol,1,blue,suv,automatic,2022,4,mercedes-benz_gla
jaipur,hyundai,new santro 1.1,sportz mt,16597,2020,469098,petrol,1,red,hatchback,manual,2020,6,hyundai_new santro 1.1
jaipur,hyundai,verna,sx 1.5 turbo petrol dct,26263,2023,1224842,petrol,2,black,sedan,automatic,2023,3,hyundai_verna
jaipur,kia,seltos,htx ivt g,44239,2021,1291967,petrol,1,white,suv,automatic,2021,5,kia_seltos
jaipur,audi,a3,40 tfsi premium,33576,2015,1211858,petrol,1,blue,sedan,automatic,2015,11,audi_a3
jaipur,hyundai,alcazar,platinum (o) 6 str 2.0 petrol at,43715,2022,1608693,petrol,1,blue,suv,automatic,2022,4,hyundai_alcazar
jaipur,honda,city,zx cvt petrol,47183,2018,834974,petrol,1,white,sedan,automatic,2018,8,honda_city
jaipur,audi,q3,technology,21088,2023,4039858,petrol,1,white,suv,automatic,2023,3,audi_q3
jaipur,maruti suzuki,vitara brezza,zdi plus,104210,2017,645904,diesel,2,red,suv,manual,2017,9,maruti suzuki_vitara brezza
jaipur,jeep,compass,limited 1.4 petrol at,47358,2018,950000,petrol,2,black,suv,automatic,2018,8,jeep_compass
jaipur,honda,city,zx cvt petrol,59334,2020,967834,petrol,2,brown,sedan,automatic,2020,6,honda_city
jaipur,tata,tigor,revotron xz+,13600,2022,659000,petrol,1,grey,sedan,manual,2022,4,tata_tigor
jaipur,honda,wr-v,vx mt petrol,25960,2021,808402,petrol,1,brown,suv,manual,2021,5,honda_wr-v
jaipur,jeep,compass,sport 1.4 petrol,25533,2021,1262358,petrol,1,white,suv,manual,2021,5,jeep_compass
jaipur,audi,a4,premium plus 40 tfsi,2472,2024,4039858,petrol,1,black,sedan,automatic,2024,2,audi_a4
jaipur,honda,jazz,v petrol,108256,2016,422086,petrol,1,grey,hatchback,manual,2016,10,honda_jazz
jaipur,jeep,compass,model s (o) diesel 4x4 at,52944,2021,1706758,diesel,1,grey,suv,automatic,2021,5,jeep_compass
jaipur,honda,wr-v,vx mt petrol,41528,2020,697004,petrol,1,white,suv,manual,2021,6,honda_wr-v
jaipur,hyundai,grand i10,asta 1.2 kappa vtvt,54221,2014,411866,petrol,1,red,hatchback,manual,2014,12,hyundai_grand i10
jaipur,hyundai,new i20,asta (o) 1.2 mt,48041,2022,795116,petrol,1,white,hatchback,manual,2022,4,hyundai_new i20
jaipur,mercedes-benz,c-class,c 200 avantgarde,41783,2016,1817858,petrol,2,white,sedan,automatic,2016,10,mercedes-benz_c-class
jaipur,tata,altroz,xz plus s dual tone,46846,2023,857458,diesel,1,white,hatchback,manual,2023,3,tata_altroz
jaipur,tata,tiago,xt,33610,2023,588672,petrol,1,white,hatchback,manual,2023,3,tata_tiago
jaipur,volkswagen,taigun,highline 1.0 tsi mt,22395,2022,1074215,petrol,1,white,suv,manual,2023,4,volkswagen_taigun
jaipur,jeep,compass,model s (o) diesel 4x4 at,46666,2021,1681508,diesel,1,black,suv,automatic,2021,5,jeep_compass
jaipur,honda,city,vx cvt,63490,2014,575386,petrol,1,brown,sedan,automatic,2014,12,honda_city
jaipur,tata,tigor,revotron xz(o) cng (outside fitted),92557,2017,438438,cng,1,orange,sedan,manual,2018,9,tata_tigor
jaipur,mercedes-benz,e-class,e200 cgi,62827,2015,1666358,petrol,2,black,sedan,automatic,2016,11,mercedes-benz_e-class
jaipur,bmw,3 series,gran limousine 330li luxury line,26502,2021,3736858,petrol,2,white,sedan,automatic,2022,5,bmw_3 series
jaipur,maruti suzuki,alto k10,vxi amt (o),106830,2017,302512,petrol,2,silver,hatchback,automatic,2017,9,maruti suzuki_alto k10
jaipur,tata,nexon,xz plus dual tone roof petrol,29320,2022,867678,petrol,1,green,suv,manual,2022,4,tata_nexon
jaipur,maruti suzuki,alto 800,vxi,20702,2022,407778,petrol,1,white,hatchback,manual,2022,4,maruti suzuki_alto 800
jaipur,mahindra,thar,lx hard top petrol at 4wd,12879,2021,1223757,petrol,2,grey,suv,automatic,2021,5,mahindra_thar
jaipur,maruti suzuki,dzire,vxi amt,96392,2017,528374,petrol,1,red,sedan,automatic,2018,9,maruti suzuki_dzire
jaipur,maruti suzuki,alto 800,vxi,20903,2023,436394,petrol,1,white,hatchback,manual,2023,3,maruti suzuki_alto 800
jaipur,hyundai,grand i10,sportz 1.2 kappa vtvt,70849,2019,487494,petrol,1,silver,hatchback,manual,2019,7,hyundai_grand i10
jaipur,maruti suzuki,alto k10,vxi,10759,2023,486472,petrol,1,white,hatchback,manual,2023,3,maruti suzuki_alto k10
jaipur,maruti suzuki,wagon r,vxi 1.0 ags,7450,2024,634662,petrol,1,white,hatchback,automatic,2024,2,maruti suzuki_wagon r
jaipur,honda,amaze,vx cvt 1.2 petrol,12720,2023,914690,petrol,1,white,sedan,automatic,2024,3,honda_amaze
jaipur,skoda,kushaq,style 1.0l tsi at,56867,2021,1217634,petrol,1,grey,suv,automatic,2021,5,skoda_kushaq
jaipur,hyundai,grand i10 nios,sportz amt 1.2 kappa vtvt,39529,2021,628530,petrol,1,grey,hatchback,automatic,2021,5,hyundai_grand i10 nios
jaipur,honda,wr-v,vx mt petrol,44248,2021,701092,petrol,2,brown,suv,manual,2021,5,honda_wr-v
jaipur,toyota,fortuner,2.7 2wd at petrol,81108,2018,2211758,petrol,1,silver,suv,automatic,2018,8,toyota_fortuner
jaipur,toyota,fortuner,2.7 2wd mt petrol,41409,2016,1908758,petrol,2,white,suv,manual,2016,10,toyota_fortuner
jaipur,maruti suzuki,wagon r 1.0,vxi,69913,2011,254478,petrol,1,white,hatchback,manual,2011,15,maruti suzuki_wagon r 1.0
jaipur,maruti suzuki,alto 800,vxi,12826,2022,423108,petrol,1,white,hatchback,manual,2022,4,maruti suzuki_alto 800
jaipur,maruti suzuki,wagon r 1.2,zxi 1.2,53582,2019,499758,petrol,1,blue,hatchback,manual,2019,7,maruti suzuki_wagon r 1.2
jaipur,honda,elevate,zx cvt,17665,2024,1569575,petrol,1,brown,suv,automatic,2024,2,honda_elevate
jaipur,honda,city,zx cvt petrol,46671,2018,807380,petrol,1,white,sedan,automatic,2018,8,honda_city
jaipur,maruti suzuki,s-presso,vxi,62637,2020,372008,petrol,1,white,hatchback,manual,2021,6,maruti suzuki_s-presso
jaipur,hyundai,grand i10 nios,sportz amt 1.2 kappa vtvt,38280,2020,608090,petrol,1,silver,hatchback,automatic,2020,6,hyundai_grand i10 nios
jaipur,maruti suzuki,brezza,zxi plus dual tone,40783,2022,1157807,petrol,1,red,suv,manual,2022,4,maruti suzuki_brezza
jaipur,honda,amaze,vx 1.2 petrol cvt,815,2024,971922,petrol,1,white,sedan,automatic,2024,2,honda_amaze
jaipur,ford,ecosport,titanium plus 1.5l ti-vct at,29084,2021,873000,petrol,1,silver,suv,automatic,2021,5,ford_ecosport
jaipur,volkswagen,virtus,highline 1.0 tsi mt,30056,2023,1158839,petrol,1,red,sedan,manual,2023,3,volkswagen_virtus
jaipur,hyundai,elite i20,sportz 1.2,92367,2016,486472,petrol,1,red,hatchback,manual,2017,10,hyundai_elite i20
jaipur,tata,nexon,xza plus,56189,2021,814534,petrol,1,green,suv,automatic,2021,5,tata_nexon
jaipur,hyundai,elite i20,asta 1.2,42882,2017,588672,petrol,1,white,hatchback,manual,2017,9,hyundai_elite i20
jaipur,maruti suzuki,ignis,zeta 1.2 mt,14935,2024,679630,petrol,1,grey,hatchback,manual,2024,2,maruti suzuki_ignis
jaipur,maruti suzuki,vitara brezza,zdi plus dual tone ags,120785,2018,689000,diesel,1,red,suv,automatic,2018,8,maruti suzuki_vitara brezza
jaipur,maruti suzuki,wagon r 1.0,vxi amt,71284,2017,419020,petrol,1,grey,hatchback,automatic,2017,9,maruti suzuki_wagon r 1.0
jaipur,toyota,glanza,v amt,14479,2023,871000,petrol,1,white,hatchback,automatic,2023,3,toyota_glanza
jaipur,hyundai,venue,sx plus 1.0 turbo dct,44766,2021,940000,petrol,1,blue,suv,automatic,2021,5,hyundai_venue
jaipur,honda,wr-v,vx mt petrol,52999,2018,550858,petrol,2,brown,suv,manual,2018,8,honda_wr-v
jaipur,maruti suzuki,alto k10,vxi plus (o),8331,2024,545748,petrol,1,white,hatchback,manual,2025,2,maruti suzuki_alto k10
jaipur,hyundai,elite i20,asta 1.2 (o) cvt,46089,2019,717444,petrol,1,grey,hatchback,automatic,2019,7,hyundai_elite i20
jaipur,volkswagen,virtus,highline 1.0 tsi at,28863,2022,1197023,petrol,1,silver,sedan,automatic,2023,4,volkswagen_virtus
jaipur,maruti suzuki,ignis,zeta 1.2 mt,16009,2023,646926,petrol,1,silver,hatchback,manual,2023,3,maruti suzuki_ignis
jaipur,hyundai,i20 active,1.2 sx,83996,2016,469098,petrol,1,white,crossover,manual,2016,10,hyundai_i20 active
jaipur,maruti suzuki,alto 800,lxi,42240,2015,279006,petrol,1,grey,hatchback,manual,2015,11,maruti suzuki_alto 800
jaipur,hyundai,grand i10,asta 1.2 kappa vtvt,57297,2015,424130,petrol,1,grey,hatchback,manual,2015,11,hyundai_grand i10
jaipur,honda,city,zx cvt petrol,59264,2018,758324,petrol,1,golden,sedan,automatic,2019,8,honda_city
jaipur,honda,amaze,1.2 vx mt petrol,56853,2019,602980,petrol,1,red,sedan,manual,2019,7,honda_amaze
jaipur,maruti suzuki,brezza,zxi plus at,57147,2022,1185626,petrol,1,white,suv,automatic,2022,4,maruti suzuki_brezza
jaipur,hyundai,elite i20,asta 1.2,48189,2016,550858,petrol,1,red,hatchback,manual,2016,10,hyundai_elite i20
jaipur,maruti suzuki,wagon r,vxi,64175,2018,397558,petrol,1,silver,hatchback,manual,2018,8,maruti suzuki_wagon r
jaipur,tata,tiago,revotron xz plus,47510,2019,440482,petrol,2,grey,hatchback,manual,2019,7,tata_tiago
jaipur,hyundai,grand i10,sportz 1.2 kappa vtvt,68568,2018,474208,petrol,1,silver,hatchback,manual,2018,8,hyundai_grand i10
jaipur,honda,city,v,116226,2014,443548,petrol,1,brown,sedan,manual,2014,12,honda_city
jaipur,tata,tiago,xza plus,4960,2024,767522,petrol,1,white,hatchback,automatic,2024,2,tata_tiago
jaipur,maruti suzuki,ignis,sigma 1.2 mt,33890,2023,523264,petrol,1,silver,hatchback,manual,2023,3,maruti suzuki_ignis
jaipur,tata,tigor,revotron xz+,72315,2022,540638,petrol,1,white,sedan,manual,2022,4,tata_tigor
jaipur,tata,tiago,xz plus,61439,2021,520198,petrol,1,silver,hatchback,manual,2021,5,tata_tiago
jaipur,honda,city,vx cvt petrol,50972,2017,747082,petrol,1,brown,sedan,automatic,2017,9,honda_city
jaipur,tata,nexon,xz petrol,36993,2021,750148,petrol,1,green,suv,manual,2022,5,tata_nexon
jaipur,honda,city,v cvt,124579,2019,639000,petrol,2,silver,sedan,automatic,2019,7,honda_city
jaipur,hyundai,elite i20,magna plus 1.2,40282,2020,621376,petrol,1,white,hatchback,manual,2020,6,hyundai_elite i20
jaipur,maruti suzuki,ignis,zeta 1.2 amt,59432,2020,538594,petrol,1,blue,hatchback,automatic,2020,6,maruti suzuki_ignis
jaipur,maruti suzuki,baleno,zeta 1.2 at,56104,2017,558012,petrol,1,red,hatchback,automatic,2017,9,maruti suzuki_baleno
jaipur,maruti suzuki,wagon r 1.0,vxi amt,70310,2016,372008,petrol,1,grey,hatchback,automatic,2016,10,maruti suzuki_wagon r 1.0
jaipur,hyundai,grand i10,asta 1.2 kappa vtvt,92858,2016,423108,petrol,1,grey,hatchback,manual,2016,10,hyundai_grand i10
jaipur,maruti suzuki,ignis,zeta 1.2 amt,21733,2022,643860,petrol,1,blue,hatchback,automatic,2022,4,maruti suzuki_ignis
jaipur,maruti suzuki,alto k10,vxi,4961,2024,515088,petrol,1,white,hatchback,manual,2024,2,maruti suzuki_alto k10
jaipur,honda,city,vx cvt,92710,2015,586628,petrol,1,brown,sedan,automatic,2015,11,honda_city
jaipur,skoda,slavia,style 1.0l tsi at,39983,2022,1246999,petrol,1,white,sedan,automatic,2022,4,skoda_slavia
jaipur,hyundai,exter,sx (o) 1.2 mt,11305,2024,854392,petrol,1,white,suv,manual,2024,2,hyundai_exter
jaipur,honda,amaze,1.2 s mt petrol,49511,2021,601958,petrol,1,white,sedan,manual,2021,5,honda_amaze
jaipur,toyota,glanza,v,41493,2021,693938,petrol,1,blue,hatchback,manual,2022,5,toyota_glanza
jaipur,maruti suzuki,wagon r 1.0,vxi,68523,2014,313754,petrol,1,white,hatchback,manual,2014,12,maruti suzuki_wagon r 1.0
jaipur,maruti suzuki,ciaz,alpha hybrid 1.5 at,56828,2019,755258,petrol,1,grey,sedan,automatic,2019,7,maruti suzuki_ciaz
jaipur,tata,punch,adventure mt,26785,2023,577430,petrol,2,white,suv,manual,2023,3,tata_punch
jaipur,tata,tiago nrg,xz,33096,2021,563000,petrol,1,grey,hatchback,manual,2021,5,tata_tiago nrg
jaipur,hyundai,grand i10,magna 1.2 kappa vtvt,44100,2019,480340,petrol,1,white,hatchback,manual,2020,7,hyundai_grand i10
jaipur,hyundai,grand i10 nios,sportz 1.2 kappa vtvt,49646,2020,551880,petrol,1,blue,hatchback,manual,2020,6,hyundai_grand i10 nios
jaipur,maruti suzuki,swift,vxi (o),29432,2024,747082,petrol,1,grey,hatchback,manual,2024,2,maruti suzuki_swift
jaipur,honda,amaze,vx cvt 1.2 petrol,48245,2022,758000,petrol,1,brown,sedan,automatic,2022,4,honda_amaze
jaipur,maruti suzuki,eeco,5 str ac,22170,2024,618310,petrol,1,white,muv,manual,2024,2,maruti suzuki_eeco
jaipur,maruti suzuki,celerio,vxi petrol+cng (outside fitted),16964,2024,580496,cng,1,grey,hatchback,manual,2024,2,maruti suzuki_celerio
jaipur,tata,punch,creative dual tone,66867,2021,649000,petrol,1,blue,suv,manual,2021,5,tata_punch
jaipur,hyundai,venue,sx 1.0 (o) turbo imt,61503,2021,875000,petrol,1,white,suv,manual,2021,5,hyundai_venue
jaipur,toyota,innova,2.5 g 8 str,124652,2012,535000,diesel,1,white,muv,manual,2012,14,toyota_innova
jaipur,toyota,innova crysta,touring sport diesel at,99249,2017,1295000,diesel,2,red,muv,automatic,2017,9,toyota_innova crysta
jaipur,maruti suzuki,wagon r 1.0,vxi cng,18527,2023,644882,petrol+cng,1,brown,hatchback,manual,2023,3,maruti suzuki_wagon r 1.0
jaipur,volkswagen,polo,trendline 1.0l mpi,77282,2020,545748,petrol,1,silver,hatchback,manual,2020,6,volkswagen_polo
jaipur,honda,amaze,1.2 vx cvt petrol,90758,2019,589694,petrol,1,white,sedan,automatic,2019,7,honda_amaze
jaipur,maruti suzuki,celerio,zxi amt,13873,2024,646000,petrol,1,grey,hatchback,automatic,2024,2,maruti suzuki_celerio
jaipur,maruti suzuki,fronx,zeta 1.0l turbo mt,12270,2023,941000,petrol,1,blue,suv,manual,2023,3,maruti suzuki_fronx
jaipur,mahindra,xuv700,ax 7 petrol mt 7 str,70133,2023,1802000,petrol,1,white,suv,manual,2023,3,mahindra_xuv700
jaipur,nissan,magnite,xl,28861,2023,622398,petrol,1,black,suv,manual,2023,3,nissan_magnite
jaipur,maruti suzuki,baleno,delta,52771,2020,571298,petrol,1,grey,hatchback,manual,2020,6,maruti suzuki_baleno
jaipur,kia,sonet,gtx plus 1.0 dct,10620,2023,1326023,petrol,1,white,suv,automatic,2023,3,kia_sonet
jaipur,honda,city,zx cvt,44890,2018,822000,petrol,1,white,sedan,automatic,2018,8,honda_city
jaipur,hyundai,aura,sx 1.2 petrol,42816,2021,592760,petrol,2,white,sedan,manual,2021,5,hyundai_aura
jaipur,maruti suzuki,swift,vxi,16467,2022,648000,petrol,1,blue,hatchback,manual,2022,4,maruti suzuki_swift
jaipur,tata,tiago,xz plus,58853,2022,572320,petrol,1,grey,hatchback,manual,2022,4,tata_tiago
jaipur,kia,seltos,htx plus at d,47915,2019,1353000,diesel,1,grey,suv,automatic,2020,7,kia_seltos
jaipur,maruti suzuki,swift,zxi amt,46763,2019,633000,petrol,1,red,hatchback,automatic,2020,7,maruti suzuki_swift
jaipur,tata,altroz,xt 1.2,31693,2022,636000,petrol,1,white,hatchback,manual,2023,4,tata_altroz
jaipur,hyundai,grand i10,sportz 1.2 kappa vtvt,37341,2019,499000,petrol,1,grey,hatchback,manual,2019,7,hyundai_grand i10
jaipur,skoda,kushaq,ambition 1.0l tsi mt,24622,2022,1083000,petrol,1,white,suv,manual,2022,4,skoda_kushaq
jaipur,tata,nexon,xz plus,16376,2021,812000,petrol,1,red,suv,manual,2022,5,tata_nexon
jaipur,hyundai,venue,sx 1.2 petrol,27333,2023,995000,petrol,1,white,suv,manual,2023,3,hyundai_venue
jaipur,tata,punch,creative dual tone,65540,2022,670000,petrol,1,white,suv,manual,2022,4,tata_punch
jaipur,hyundai,grand i10,sportz 1.2 kappa vtvt,46932,2018,462966,petrol,1,white,hatchback,manual,2018,8,hyundai_grand i10
jaipur,maruti suzuki,dzire,vxi,65008,2017,515088,petrol,1,blue,sedan,manual,2017,9,maruti suzuki_dzire
jaipur,hyundai,elite i20,asta 1.2,75647,2017,526330,petrol,2,white,hatchback,manual,2017,9,hyundai_elite i20
jaipur,maruti suzuki,baleno,zeta,51968,2020,604000,petrol,1,blue,hatchback,manual,2020,6,maruti suzuki_baleno
jaipur,skoda,slavia,style 1.0l tsi mt,94867,2022,960000,petrol,1,white,sedan,manual,2022,4,skoda_slavia
jaipur,mg motors,hector,1.5 sharp dct,47612,2020,1175351,petrol,1,silver,suv,automatic,2020,6,mg motors_hector
jaipur,kia,seltos,gtx plus dct,73145,2021,1354045,petrol,1,white,suv,automatic,2021,5,kia_seltos
jaipur,maruti suzuki,baleno,zeta,34222,2020,642838,petrol,1,blue,hatchback,manual,2021,6,maruti suzuki_baleno
jaipur,maruti suzuki,eeco,5 str with a/c+htr cng,53043,2021,579474,cng,1,white,muv,manual,2021,5,maruti suzuki_eeco
jaipur,maruti suzuki,swift,vxi amt,37614,2020,573342,petrol,2,grey,hatchback,automatic,2020,6,maruti suzuki_swift
jaipur,tata,altroz,xz 1.2,23896,2022,697000,petrol,1,grey,hatchback,manual,2022,4,tata_altroz
jaipur,hyundai,elite i20,magna plus 1.2,60209,2019,566188,petrol,1,white,hatchback,manual,2019,7,hyundai_elite i20
jaipur,maruti suzuki,alto k10,vxi,21639,2019,391426,petrol,1,white,hatchback,manual,2019,7,maruti suzuki_alto k10
jaipur,hyundai,venue,sx 1.0 (o) turbo imt,10799,2022,1006280,petrol,1,silver,suv,manual,2022,4,hyundai_venue
jaipur,maruti suzuki,vitara brezza,zdi+ dual tone,82802,2016,704158,diesel,1,red,suv,manual,2016,10,maruti suzuki_vitara brezza
jaipur,tata,altroz,xt 1.5,32290,2023,749000,diesel,1,white,hatchback,manual,2023,3,tata_altroz
jaipur,honda,city,zx cvt petrol,45569,2022,1182000,petrol,1,white,sedan,automatic,2022,4,honda_city
jaipur,volkswagen,polo,comfortline 1.2l (p),73099,2016,428000,petrol,1,silver,hatchback,manual,2016,10,volkswagen_polo
jaipur,renault,duster,rxs cvt petrol,73275,2017,612000,petrol,1,white,suv,automatic,2017,9,renault_duster
jaipur,hyundai,verna,sx (o) 1.6 vtvt at,58737,2019,905000,petrol,1,grey,sedan,automatic,2019,7,hyundai_verna
jaipur,maruti suzuki,baleno,alpha at petrol,56138,2018,589000,petrol,1,white,hatchback,automatic,2018,8,maruti suzuki_baleno
jaipur,maruti suzuki,alto k10,vxi plus,28407,2023,479000,petrol,1,white,hatchback,manual,2023,3,maruti suzuki_alto k10
jaipur,renault,duster,rxl petrol,103830,2016,447000,petrol,1,bronze,suv,manual,2016,10,renault_duster
jaipur,hyundai,elite i20,asta (o) cvt,101162,2019,649000,petrol,1,silver,hatchback,automatic,2019,7,hyundai_elite i20
jaipur,toyota,urban cruiser hyryder,g neodrive,34609,2024,1392071,petrol,1,white,suv,manual,2024,2,toyota_urban cruiser hyryder
jaipur,maruti suzuki,baleno,alpha 1.2,45482,2018,589000,petrol,1,white,hatchback,manual,2018,8,maruti suzuki_baleno
jaipur,maruti suzuki,alto k10,vxi,28522,2018,364854,petrol,1,silver,hatchback,manual,2018,8,maruti suzuki_alto k10
jaipur,volkswagen,virtus,topline 1.0 tsi mt,21032,2023,1278000,petrol,1,blue,sedan,manual,2023,3,volkswagen_virtus
jaipur,renault,kiger,rxz turbo cvt dual tone,18882,2021,739000,petrol,1,blue,suv,automatic,2023,5,renault_kiger
jaipur,maruti suzuki,s-presso,vxi plus,3735,2022,471000,petrol,1,grey,hatchback,manual,2022,4,maruti suzuki_s-presso
jaipur,renault,kwid,rxt opt,51319,2018,312732,petrol,1,silver,hatchback,manual,2018,8,renault_kwid
jaipur,hyundai,venue,s 1.5 crdi,67041,2021,922000,diesel,1,white,suv,manual,2021,5,hyundai_venue
jaipur,maruti suzuki,wagon r 1.2,zxi 1.2 amt,78763,2020,484000,petrol,1,white,hatchback,automatic,2020,6,maruti suzuki_wagon r 1.2
jaipur,volkswagen,polo,comfortline 1.0l (p),50905,2018,522000,petrol,1,grey,hatchback,manual,2018,8,volkswagen_polo
jaipur,maruti suzuki,swift,zxi plus,55056,2019,632618,petrol,1,grey,hatchback,manual,2019,7,maruti suzuki_swift
jaipur,hyundai,grand i10,magna 1.2 kappa vtvt,26049,2019,489538,petrol,1,red,hatchback,manual,2019,7,hyundai_grand i10
jaipur,honda,city,zx,50425,2019,780000,petrol,1,brown,sedan,manual,2019,7,honda_city
jaipur,renault,kwid,rxt 1.0 sce special,47391,2018,310688,petrol,1,grey,hatchback,manual,2018,8,renault_kwid
jaipur,volkswagen,polo,highline1.2l (p),60471,2015,436000,petrol,1,grey,hatchback,manual,2015,11,volkswagen_polo
jaipur,mg motors,hector,shine 1.5 petrol turbo cvt,54997,2022,1205000,petrol,1,black,suv,automatic,2022,4,mg motors_hector
jaipur,skoda,octavia,2.0l style tdi at,96790,2017,1154000,diesel,2,white,sedan,automatic,2018,9,skoda_octavia
jaipur,renault,kwid,climber 1.0 opt,64039,2017,277984,petrol,2,blue,hatchback,manual,2017,9,renault_kwid
jaipur,hyundai,grand i10,sportz 1.2 kappa vtvt,66416,2016,380184,petrol,2,white,hatchback,manual,2016,10,hyundai_grand i10
jaipur,honda,amaze,1.2 s i-vtec,108753,2014,347000,petrol,1,grey,sedan,manual,2014,12,honda_amaze
jaipur,maruti suzuki,celerio,zxi plus,40402,2022,525000,petrol,1,white,hatchback,manual,2022,4,maruti suzuki_celerio
jaipur,tata,punch,adventure mt,34889,2022,592760,petrol,1,white,suv,manual,2023,4,tata_punch
jaipur,mahindra,xuv700,mx petrol mt 5 str,50641,2022,1187735,petrol,1,blue,suv,manual,2022,4,mahindra_xuv700
jaipur,skoda,rapid,ambition 1.6 mpi,45096,2018,550858,petrol,1,grey,sedan,manual,2019,8,skoda_rapid
jaipur,honda,wr-v,s mt petrol,77491,2018,504868,petrol,1,grey,suv,manual,2018,8,honda_wr-v
jaipur,maruti suzuki,a-star,zxi,72055,2011,198000,petrol,2,blue,hatchback,manual,2011,15,maruti suzuki_a-star
jaipur,hyundai,grand i10,magna 1.2 kappa vtvt,36562,2018,454000,petrol,1,grey,hatchback,manual,2018,8,hyundai_grand i10
jaipur,maruti suzuki,alto k10,vxi,38393,2019,359000,petrol,1,white,hatchback,manual,2019,7,maruti suzuki_alto k10
jaipur,renault,kwid,rxt 1.0 sce special (o),34058,2017,303534,petrol,1,silver,hatchback,manual,2017,9,renault_kwid
jaipur,maruti suzuki,ignis,sigma 1.2 mt,5479,2021,499758,petrol,1,grey,hatchback,manual,2021,5,maruti suzuki_ignis
jaipur,hyundai,new i20,asta 1.0 turbo imt,42279,2021,801248,petrol,1,white,hatchback,manual,2021,5,hyundai_new i20
jaipur,tata,tiago nrg,petrol,50216,2018,429000,petrol,1,white,hatchback,manual,2018,8,tata_tiago nrg
jaipur,kia,seltos,gtx plus dct,64871,2020,1336343,petrol,1,black,suv,automatic,2020,6,kia_seltos
jaipur,skoda,rapid,onyx,35182,2020,765478,petrol,1,white,sedan,manual,2020,6,skoda_rapid
jaipur,hyundai,grand i10,asta 1.2 kappa vtvt,20506,2019,571298,petrol,1,silver,hatchback,manual,2019,7,hyundai_grand i10
jaipur,volkswagen,ameo,highline1.2l plus (p),30099,2017,511000,petrol,1,grey,sedan,manual,2017,9,volkswagen_ameo
jaipur,hyundai,grand i10 nios,sportz 1.2 kappa vtvt cng,27007,2022,748104,cng,1,grey,hatchback,manual,2022,4,hyundai_grand i10 nios
jaipur,hyundai,alcazar,platinum 1.5 mt petrol 7str,2002,2024,1826543,petrol,1,blue,suv,manual,2025,2,hyundai_alcazar
jaipur,maruti suzuki,eeco,5 str ac (o),29676,2022,499758,petrol,1,white,muv,manual,2022,4,maruti suzuki_eeco
jaipur,honda,amaze,1.2 vx i-vtec,82455,2014,351000,petrol,3,white,sedan,manual,2014,12,honda_amaze
jaipur,tata,tiago,revotron xz,100863,2018,372008,petrol,1,grey,hatchback,manual,2018,8,tata_tiago
jaipur,volkswagen,vento,highline 1.2 (p) at,108771,2019,599914,petrol,1,white,sedan,automatic,2019,7,volkswagen_vento
jaipur,hyundai,verna,sx opt ivt petrol,54903,2022,1189000,petrol,1,black,sedan,automatic,2022,4,hyundai_verna
jaipur,tata,safari,xza plus,82289,2022,1650098,diesel,1,purple,suv,automatic,2022,4,tata_safari
jaipur,mahindra,kuv100,k4 6 str,71745,2016,310688,petrol,1,orange,crossover,manual,2016,10,mahindra_kuv100
jaipur,maruti suzuki,wagon r 1.0,vxi,17344,2022,535000,petrol,1,white,hatchback,manual,2022,4,maruti suzuki_wagon r 1.0
jaipur,tata,punch,adventure rhythm pack mt,26313,2023,671454,petrol,1,grey,suv,manual,2023,3,tata_punch
jaipur,hyundai,creta,sx opt turbo dct petrol,81377,2020,1280570,petrol,1,black,suv,automatic,2020,6,hyundai_creta
jaipur,ford,ecosport,trend 1.5 ti-vct,76229,2014,356678,petrol,2,white,suv,manual,2014,12,ford_ecosport
jaipur,hyundai,grand i10,sportz 1.2 kappa vtvt,91823,2016,384272,petrol,1,grey,hatchback,manual,2016,10,hyundai_grand i10
jaipur,hyundai,aura,sx 1.2 cng,44349,2023,737000,cng,1,white,sedan,manual,2023,3,hyundai_aura
jaipur,tata,altroz,xza+,24900,2022,729000,petrol,1,grey,hatchback,automatic,2022,4,tata_altroz
jaipur,hyundai,grand i10,sportz u2 1.2 crdi,95688,2018,451724,diesel,1,white,hatchback,manual,2019,8,hyundai_grand i10
jaipur,ford,ecosport,trend+ 1.5l tdci,95660,2016,458878,diesel,1,bronze,suv,manual,2016,10,ford_ecosport
jaipur,hyundai,venue,sx (o) 1.0 turbo imt,16278,2023,1095030,petrol,1,white,suv,manual,2023,3,hyundai_venue
jaipur,datsun,redi-go,a,47503,2021,272000,petrol,1,silver,hatchback,manual,2022,5,datsun_redi-go
jaipur,toyota,etios,g,52159,2014,324996,petrol,1,silver,sedan,manual,2014,12,toyota_etios
jaipur,maruti suzuki,fronx,delta 1.2l ags,13304,2023,807000,petrol,1,white,suv,automatic,2023,3,maruti suzuki_fronx
jaipur,maruti suzuki,brezza,zxi plus,49607,2022,1000000,petrol,1,white,suv,manual,2022,4,maruti suzuki_brezza
jaipur,maruti suzuki,baleno,delta cng,36978,2023,722000,petrol+cng,1,blue,hatchback,manual,2023,3,maruti suzuki_baleno
jaipur,volkswagen,vento,1.5l highline diesel,92581,2015,496000,diesel,1,brown,sedan,manual,2015,11,volkswagen_vento
jaipur,mahindra,scorpio,s5,40396,2022,1299191,diesel,1,white,suv,manual,2022,4,mahindra_scorpio
jaipur,honda,amaze,1.2 s i-vtec,63895,2017,390404,petrol,3,grey,sedan,manual,2017,9,honda_amaze
jaipur,volkswagen,polo,all star 1.2 (p),76593,2017,466000,petrol,1,white,hatchback,manual,2017,9,volkswagen_polo
lucknow,honda,city,zx diesel,55509,2022,1196753,diesel,1,white,sedan,manual,2022,4,honda_city
lucknow,maruti suzuki,wagon r 1.0,vxi 1.0,35413,2021,452000,petrol,1,grey,hatchback,manual,2021,5,maruti suzuki_wagon r 1.0
lucknow,maruti suzuki,swift,zxi amt,58937,2020,590000,petrol,1,grey,hatchback,automatic,2020,6,maruti suzuki_swift
lucknow,honda,amaze,1.2 s i-vtec cng (outside fitted),38220,2023,662000,cng,1,white,sedan,manual,2023,3,honda_amaze
lucknow,maruti suzuki,baleno,alpha 1.2,63364,2016,480000,petrol,1,blue,hatchback,manual,2016,10,maruti suzuki_baleno
lucknow,kia,seltos,htx 1.5 diesel,104569,2021,998000,diesel,1,grey,suv,manual,2021,5,kia_seltos
lucknow,tata,altroz,xt petrol,44185,2020,492000,petrol,1,golden,hatchback,manual,2020,6,tata_altroz
lucknow,maruti suzuki,ciaz,zeta 1.5,23580,2022,829000,petrol,1,blue,sedan,manual,2022,4,maruti suzuki_ciaz
lucknow,renault,triber,rxl,44731,2023,561000,petrol,1,brown,muv,manual,2023,3,renault_triber
lucknow,tata,tigor,xz plus,37725,2023,608000,petrol,1,grey,sedan,manual,2024,3,tata_tigor
lucknow,hyundai,creta,ex petrol,107289,2023,940000,petrol,1,white,suv,manual,2023,3,hyundai_creta
lucknow,hyundai,venue,s 1.2 petrol,26624,2022,705000,petrol,1,white,suv,manual,2022,4,hyundai_venue
lucknow,mahindra,xuv500,w5,58637,2019,819000,diesel,1,white,suv,manual,2019,7,mahindra_xuv500
lucknow,tata,altroz,xz diesel,37852,2021,661000,diesel,1,white,hatchback,manual,2021,5,tata_altroz
lucknow,maruti suzuki,baleno,zeta,27408,2019,558000,petrol,1,blue,hatchback,manual,2019,7,maruti suzuki_baleno
lucknow,hyundai,eon,era +,45598,2016,253000,petrol,1,silver,hatchback,manual,2017,10,hyundai_eon
lucknow,maruti suzuki,wagon r,zxi 1.2,30751,2023,536000,petrol,1,white,hatchback,manual,2023,3,maruti suzuki_wagon r
lucknow,maruti suzuki,ignis,alpha 1.2 mt,49195,2017,433000,petrol,1,silver,hatchback,manual,2017,9,maruti suzuki_ignis
lucknow,nissan,sunny,xv,104504,2013,358000,petrol,1,grey,sedan,manual,2014,13,nissan_sunny
lucknow,honda,city,v petrol mt,32464,2023,1050258,petrol,1,brown,sedan,manual,2023,3,honda_city
lucknow,mg motors,hector plus,savvy pro 1.5 turbo petrol cvt 7 str,23634,2023,1849213,petrol,1,white,suv,automatic,2023,3,mg motors_hector plus
lucknow,hyundai,venue,s 1.2 petrol,29519,2022,721000,petrol,1,white,suv,manual,2022,4,hyundai_venue
lucknow,kia,seltos,htx plus at d,98236,2020,1061413,diesel,1,grey,suv,automatic,2020,6,kia_seltos
lucknow,maruti suzuki,celerio,vxi amt,48888,2022,460000,petrol,1,grey,hatchback,automatic,2022,4,maruti suzuki_celerio
lucknow,hyundai,aura,sx 1.2 petrol,13079,2023,721000,petrol,1,white,sedan,manual,2024,3,hyundai_aura
lucknow,maruti suzuki,s-cross,zeta,62523,2021,699000,petrol,1,grey,suv,manual,2021,5,maruti suzuki_s-cross
lucknow,honda,amaze,vx mt 1.2 petrol,47876,2022,665000,petrol,1,grey,sedan,manual,2022,4,honda_amaze
lucknow,hyundai,aura,sx 1.2 petrol,85097,2021,568000,petrol,1,grey,sedan,manual,2021,5,hyundai_aura
lucknow,honda,amaze,vx mt 1.5 diesel,21650,2022,807000,diesel,2,grey,sedan,manual,2022,4,honda_amaze
lucknow,tata,nexon,xza plus diesel,36440,2021,861000,diesel,2,white,suv,automatic,2022,5,tata_nexon
lucknow,maruti suzuki,celerio,zxi amt,31392,2018,408000,petrol,1,grey,hatchback,automatic,2019,8,maruti suzuki_celerio
lucknow,maruti suzuki,swift dzire,zdi,51283,2015,456000,diesel,1,blue,sedan,manual,2015,11,maruti suzuki_swift dzire
lucknow,tata,tiago,revotron xz plus,26745,2021,530000,petrol,1,grey,hatchback,manual,2021,5,tata_tiago
lucknow,hyundai,new i20,asta (o) 1.5 mt diesel,54986,2021,838000,diesel,1,blue,hatchback,manual,2021,5,hyundai_new i20
lucknow,maruti suzuki,alto 800,vxi,22945,2021,356000,petrol,1,white,hatchback,manual,2021,5,maruti suzuki_alto 800
lucknow,honda,amaze,s mt 1.2 petrol,7801,2023,687000,petrol,1,brown,sedan,manual,2023,3,honda_amaze
lucknow,honda,city,vx cvt,94655,2016,549000,petrol,1,brown,sedan,automatic,2016,10,honda_city
lucknow,hyundai,grand i10 nios,sportz 1.2 kappa cng,14048,2023,736000,cng,1,white,hatchback,manual,2024,3,hyundai_grand i10 nios
lucknow,honda,wr-v,vx mt diesel,65698,2021,839000,diesel,1,brown,suv,manual,2021,5,honda_wr-v
lucknow,honda,wr-v,vx mt diesel,103522,2021,797000,diesel,1,white,suv,manual,2021,5,honda_wr-v
lucknow,hyundai,verna,sx plus 1.6 crdi at,50614,2017,794000,diesel,1,black,sedan,automatic,2017,9,hyundai_verna
lucknow,ford,figo,trend 1.2 ti-vct,82178,2016,328000,petrol,1,grey,hatchback,manual,2016,10,ford_figo
lucknow,hyundai,venue,sx (o) 1.5 crdi,54417,2022,976000,diesel,1,white,suv,manual,2022,4,hyundai_venue
lucknow,maruti suzuki,celerio,zxi plus,11058,2022,558000,petrol,1,white,hatchback,manual,2022,4,maruti suzuki_celerio
lucknow,honda,cr-v,2.0l 2wd mt,77773,2013,570000,petrol,1,grey,suv,manual,2013,13,honda_cr-v
lucknow,mahindra,xuv700,ax 5 diesel mt 5 str,72898,2022,1416835,diesel,1,blue,suv,manual,2022,4,mahindra_xuv700
lucknow,hyundai,grand i10,sportz 1.2 kappa vtvt,77730,2017,354000,petrol,1,white,hatchback,manual,2018,9,hyundai_grand i10
lucknow,maruti suzuki,wagon r 1.0,vxi (o) 1.0 amt,45937,2021,478000,petrol,1,white,hatchback,automatic,2022,5,maruti suzuki_wagon r 1.0
lucknow,maruti suzuki,baleno,delta mt,10622,2024,706000,petrol,1,silver,hatchback,manual,2024,2,maruti suzuki_baleno
lucknow,tata,altroz,xz petrol,46353,2022,649000,petrol,1,grey,hatchback,manual,2022,4,tata_altroz
lucknow,kia,seltos,gtx plus at d,96343,2021,1280000,diesel,1,black,suv,automatic,2021,5,kia_seltos
lucknow,volkswagen,vento,highline 1.0l tsi,107731,2021,698000,petrol,1,white,sedan,manual,2021,5,volkswagen_vento
lucknow,volkswagen,polo,comfortline 1.0l (p),27734,2019,529000,petrol,1,white,hatchback,manual,2020,7,volkswagen_polo
lucknow,maruti suzuki,wagon r,zxi plus 1.2,31453,2022,554000,petrol,1,grey,hatchback,manual,2022,4,maruti suzuki_wagon r
lucknow,maruti suzuki,wagon r,vxi 1.0 ags,8885,2024,551000,petrol,2,white,hatchback,automatic,2024,2,maruti suzuki_wagon r
lucknow,hyundai,i20,asta (o) 1.2 ivt,9468,2023,961000,petrol,1,blue,hatchback,automatic,2023,3,hyundai_i20
lucknow,toyota,urban cruiser,premium grade at,22481,2021,875000,petrol,1,grey,suv,automatic,2021,5,toyota_urban cruiser
lucknow,maruti suzuki,s-cross,alpha,61743,2022,835000,petrol,1,white,suv,manual,2022,4,maruti suzuki_s-cross
lucknow,hyundai,grand i10 nios,sportz 1.2 kappa vtvt cng,109550,2021,551000,cng,1,silver,hatchback,manual,2021,5,hyundai_grand i10 nios
lucknow,renault,kwid,climber 1.0 opt,26679,2021,421000,petrol,1,blue,hatchback,manual,2021,5,renault_kwid
lucknow,maruti suzuki,vitara brezza,zdi ags,104760,2019,640000,diesel,1,red,suv,automatic,2019,7,maruti suzuki_vitara brezza
lucknow,maruti suzuki,baleno,delta,62959,2019,472000,petrol,1,grey,hatchback,manual,2019,7,maruti suzuki_baleno
lucknow,honda,wr-v,vx mt petrol,54842,2022,695000,petrol,1,white,suv,manual,2022,4,honda_wr-v
lucknow,kia,sonet,htk plus 1.2 petrol mt,15311,2024,955000,petrol,1,grey,suv,manual,2024,2,kia_sonet
lucknow,mahindra,xuv 300,w8 (o) diesel,57378,2021,897000,diesel,1,red,suv,manual,2021,5,mahindra_xuv 300
lucknow,chevrolet,spark,ls 1.0,32113,2013,162000,petrol,1,grey,hatchback,manual,2013,13,chevrolet_spark
lucknow,maruti suzuki,ignis,zeta 1.2 amt,55893,2017,424000,petrol,1,silver,hatchback,automatic,2017,9,maruti suzuki_ignis
lucknow,maruti suzuki,s-cross,zeta,42576,2022,778000,petrol,1,blue,suv,manual,2022,4,maruti suzuki_s-cross
lucknow,kia,seltos,htk plus d,66530,2022,1071513,diesel,1,red,suv,manual,2022,4,kia_seltos
lucknow,maruti suzuki,wagon r stingray,vxi,59597,2014,285000,petrol,1,grey,hatchback,manual,2014,12,maruti suzuki_wagon r stingray
lucknow,kia,sonet,gtx plus 1.0 dct,33861,2020,934000,petrol,2,red,suv,automatic,2020,6,kia_sonet
lucknow,hyundai,grand i10,sportz 1.2 kappa vtvt,27595,2017,397000,petrol,1,white,hatchback,manual,2017,9,hyundai_grand i10
lucknow,hyundai,venue,sx plus 1.0 turbo dct,53964,2019,743000,petrol,1,blue,suv,automatic,2019,7,hyundai_venue
lucknow,honda,wr-v,sv mt diesel,62536,2020,766000,diesel,1,white,suv,manual,2020,6,honda_wr-v
lucknow,honda,amaze,1.2 vx mt petrol,61851,2021,629000,petrol,1,silver,sedan,manual,2021,5,honda_amaze
lucknow,maruti suzuki,baleno,alpha mt,30882,2023,792000,petrol,1,white,hatchback,manual,2023,3,maruti suzuki_baleno
lucknow,renault,kwid,climber 1.0 amt,34084,2017,291000,petrol,2,bronze,hatchback,automatic,2018,9,renault_kwid
lucknow,maruti suzuki,grand vitara,alpha plus intelligent hybrid ecvt,76642,2023,1571955,hybrid,1,white,suv,automatic,2023,3,maruti suzuki_grand vitara
lucknow,hyundai,venue,sx (o) 1.5 crdi,30420,2023,1187663,diesel,1,white,suv,manual,2023,3,hyundai_venue
lucknow,renault,kwid,rxt (o) 1.0 sce edition,23972,2019,327000,petrol,1,red,hatchback,manual,2019,7,renault_kwid
lucknow,kia,seltos,x line diesel at,56641,2022,1494658,diesel,1,grey,suv,automatic,2022,4,kia_seltos
lucknow,tata,tigor,xz,44630,2022,545000,petrol,1,white,sedan,manual,2022,4,tata_tigor
lucknow,maruti suzuki,ignis,zeta 1.2 amt,91581,2022,525000,petrol,1,blue,hatchback,automatic,2022,4,maruti suzuki_ignis
lucknow,honda,city,vx cvt,75158,2015,484000,petrol,2,maroon,sedan,automatic,2016,11,honda_city
lucknow,ford,ecosport,titanium 1.5l tdci,46716,2018,608000,diesel,1,blue,suv,manual,2018,8,ford_ecosport
lucknow,honda,amaze,1.2 vx i-vtec petrol+cng (outside fitted),49012,2020,620000,cng,1,brown,sedan,manual,2020,6,honda_amaze
lucknow,hyundai,grand i10 nios,sportz 1.2 kappa vtvt,52669,2021,554000,petrol,1,grey,hatchback,manual,2021,5,hyundai_grand i10 nios
lucknow,hyundai,grand i10 nios,sportz amt 1.2 kappa vtvt,24602,2023,684000,petrol,1,white,hatchback,automatic,2023,3,hyundai_grand i10 nios
lucknow,maruti suzuki,alto 800,lxi,56617,2017,252000,petrol,1,white,hatchback,manual,2017,9,maruti suzuki_alto 800
lucknow,volkswagen,vento,highline 1.0l tsi,60920,2021,759000,petrol,1,white,sedan,manual,2022,5,volkswagen_vento
lucknow,honda,city,zx petrol mt,12667,2024,1384568,petrol,1,white,sedan,manual,2024,2,honda_city
lucknow,tata,nexon,xza plus (o) diesel,45201,2021,972000,diesel,1,white,suv,automatic,2021,5,tata_nexon
lucknow,maruti suzuki,wagon r 1.0,vxi,17450,2012,256000,petrol,1,red,hatchback,manual,2012,14,maruti suzuki_wagon r 1.0
lucknow,maruti suzuki,dzire,zxi plus ags,23688,2022,721000,petrol,2,silver,sedan,automatic,2022,4,maruti suzuki_dzire
lucknow,tata,tigor,xz plus,31424,2022,615000,petrol,1,blue,sedan,manual,2022,4,tata_tigor
lucknow,maruti suzuki,alto 800,vxi plus,13338,2022,401000,petrol,1,white,hatchback,manual,2022,4,maruti suzuki_alto 800
lucknow,renault,kwid,rxl,51379,2018,245000,petrol,2,red,hatchback,manual,2019,8,renault_kwid
lucknow,mahindra,xuv700,ax 3 diesel mt 7 str,30686,2023,1589545,diesel,1,blue,suv,manual,2023,3,mahindra_xuv700
lucknow,hyundai,grand i10 nios,magna 1.2 kappa vtvt,36228,2021,515000,petrol,1,blue,hatchback,manual,2021,5,hyundai_grand i10 nios
lucknow,maruti suzuki,alto 800,vxi plus,15326,2023,419000,petrol,1,white,hatchback,manual,2023,3,maruti suzuki_alto 800
lucknow,hyundai,creta,sx opt turbo dct petrol,52473,2020,1235133,petrol,1,black,suv,automatic,2021,6,hyundai_creta
lucknow,honda,brio,s mt,66156,2013,235000,petrol,1,grey,hatchback,manual,2013,13,honda_brio
lucknow,maruti suzuki,alto k10,vxi plus,110445,2023,387000,petrol,1,white,hatchback,manual,2023,3,maruti suzuki_alto k10
lucknow,renault,kwid,1.0l rxt(o) amt,33580,2021,382000,petrol,1,white,hatchback,automatic,2021,5,renault_kwid
lucknow,honda,wr-v,sv mt petrol,40832,2022,621000,petrol,2,white,suv,manual,2022,4,honda_wr-v
lucknow,volkswagen,polo,comfortline 1.0l (p),51771,2019,539000,petrol,1,silver,hatchback,manual,2020,7,volkswagen_polo
lucknow,maruti suzuki,alto 800,vxi,27556,2019,319000,petrol,1,silver,hatchback,manual,2019,7,maruti suzuki_alto 800
lucknow,maruti suzuki,alto k10,vxi plus,24573,2023,450000,petrol,1,silver,hatchback,manual,2023,3,maruti suzuki_alto k10
lucknow,ford,ecosport,s mt 1.5 tdci,119914,2020,680000,diesel,1,white,suv,manual,2020,6,ford_ecosport
lucknow,renault,triber,rxz,43319,2020,551000,petrol,1,silver,muv,manual,2020,6,renault_triber
lucknow,honda,amaze,1.2 v mt petrol,63145,2020,546000,petrol,1,red,sedan,manual,2020,6,honda_amaze
lucknow,honda,city,zx cvt petrol,103050,2020,901000,petrol,1,brown,sedan,automatic,2020,6,honda_city
lucknow,hyundai,venue,sx 1.2 petrol,19974,2023,951000,petrol,1,blue,suv,manual,2023,3,hyundai_venue
lucknow,renault,kwid,rxt (o) 1.0 sce edition,53738,2018,295000,petrol,1,silver,hatchback,manual,2018,8,renault_kwid
lucknow,honda,city,zx cvt,87170,2018,725000,petrol,1,brown,sedan,automatic,2018,8,honda_city
lucknow,maruti suzuki,swift,vxi amt,18955,2023,685000,petrol,1,white,hatchback,automatic,2023,3,maruti suzuki_swift
lucknow,tata,tigor,xz plus,33037,2021,574000,petrol,1,grey,sedan,manual,2022,5,tata_tigor
lucknow,maruti suzuki,grand vitara,zeta plus intelligent hybrid ecvt,37429,2022,1457000,hybrid,1,blue,suv,automatic,2023,4,maruti suzuki_grand vitara
lucknow,mahindra,xuv700,ax 7 petrol mt 7 str,10994,2022,1690545,petrol,1,black,suv,manual,2022,4,mahindra_xuv700
lucknow,volkswagen,vento,1.2l highline petrol at,59648,2016,539000,petrol,1,white,sedan,automatic,2016,10,volkswagen_vento
lucknow,ford,ecosport,titanium 1.5l tdci,92860,2019,619000,diesel,1,silver,suv,manual,2019,7,ford_ecosport
lucknow,honda,wr-v,vx mt petrol,47809,2017,555000,petrol,1,grey,suv,manual,2017,9,honda_wr-v
lucknow,ford,figo aspire,titanium plus 1.2 ti-vct,78776,2021,549000,petrol,1,white,sedan,manual,2021,5,ford_figo aspire
lucknow,mahindra,kuv100,k2+ 6 str,40917,2016,265000,petrol,2,grey,crossover,manual,2016,10,mahindra_kuv100
lucknow,hyundai,grand i10 nios,sportz amt 1.2 kappa vtvt,124717,2021,542000,petrol,1,grey,hatchback,automatic,2021,5,hyundai_grand i10 nios
lucknow,hyundai,new i20,asta (o) 1.2 mt dual tone,48093,2021,737000,petrol,1,red,hatchback,manual,2021,5,hyundai_new i20
lucknow,hyundai,new santro 1.1,sportz mt,48775,2020,406000,petrol,1,silver,hatchback,manual,2021,6,hyundai_new santro 1.1
lucknow,tata,tigor,xm,12354,2021,509000,petrol,1,blue,sedan,manual,2021,5,tata_tigor
lucknow,maruti suzuki,celerio,vxi,22280,2024,528000,petrol,1,white,hatchback,manual,2025,2,maruti suzuki_celerio
lucknow,renault,kwid,rxt,13011,2016,247000,petrol,1,white,hatchback,manual,2017,10,renault_kwid
lucknow,maruti suzuki,alto 800,lxi,72718,2016,232000,petrol,1,grey,hatchback,manual,2016,10,maruti suzuki_alto 800
lucknow,maruti suzuki,alto k10,vxi plus (o) ags,3075,2024,542000,petrol,1,white,hatchback,automatic,2024,2,maruti suzuki_alto k10
lucknow,maruti suzuki,wagon r 1.0,vxi,74948,2015,284000,petrol,1,grey,hatchback,manual,2015,11,maruti suzuki_wagon r 1.0
lucknow,tata,altroz,xz 1.2,83242,2022,571000,petrol,1,white,hatchback,manual,2022,4,tata_altroz
lucknow,honda,amaze,vx mt 1.2 petrol,13707,2023,781000,petrol,1,brown,sedan,manual,2023,3,honda_amaze
lucknow,hyundai,new santro 1.1,sportz mt,36888,2019,391000,petrol,1,white,hatchback,manual,2019,7,hyundai_new santro 1.1
lucknow,renault,kwid,1.0 rxt opt,66739,2020,340000,petrol,1,bronze,hatchback,manual,2021,6,renault_kwid
lucknow,maruti suzuki,alto 800,vxi,29586,2022,379000,petrol,1,white,hatchback,manual,2022,4,maruti suzuki_alto 800
lucknow,maruti suzuki,dzire,vxi,41385,2019,528000,petrol,1,white,sedan,manual,2019,7,maruti suzuki_dzire
lucknow,ford,ecosport,titanium+ 1.0l ecoboost,43273,2016,583000,petrol,1,grey,suv,manual,2016,10,ford_ecosport
lucknow,renault,duster,adventure edition 85 ps rxl 4x2 mt,113269,2017,387000,diesel,2,white,suv,manual,2017,9,renault_duster
lucknow,tata,tigor,xz petrol,22556,2022,583000,petrol,1,blue,sedan,manual,2022,4,tata_tigor
lucknow,maruti suzuki,swift dzire,zdi,99597,2015,442000,diesel,1,grey,sedan,manual,2015,11,maruti suzuki_swift dzire
lucknow,maruti suzuki,ciaz,alpha hybrid 1.5,49566,2019,688000,petrol,1,black,sedan,manual,2019,7,maruti suzuki_ciaz
lucknow,honda,wr-v,vx mt petrol,64084,2017,531000,petrol,1,grey,suv,manual,2017,9,honda_wr-v
lucknow,toyota,glanza,v amt,6348,2023,863000,petrol,1,grey,hatchback,automatic,2023,3,toyota_glanza
lucknow,honda,amaze,1.2 vx mt petrol,34954,2021,677000,petrol,1,grey,sedan,manual,2021,5,honda_amaze
lucknow,hyundai,elite i20,asta 1.2,85820,2018,503000,petrol,1,white,hatchback,manual,2018,8,hyundai_elite i20
lucknow,toyota,innova,2.5 gx 7 str,80472,2015,639000,diesel,3,white,muv,manual,2015,11,toyota_innova
lucknow,datsun,redi-go,a,54788,2018,192000,petrol,1,white,hatchback,manual,2018,8,datsun_redi-go
lucknow,tata,tiago,xe,29561,2023,461000,petrol,1,white,hatchback,manual,2023,3,tata_tiago
lucknow,kia,seltos,gtx plus,69089,2019,994081,petrol,1,red,suv,manual,2019,7,kia_seltos
lucknow,maruti suzuki,alto 800,vxi,21943,2022,378000,petrol,1,grey,hatchback,manual,2022,4,maruti suzuki_alto 800
lucknow,hyundai,aura,sx 1.2 petrol,17761,2021,622000,petrol,1,brown,sedan,manual,2021,5,hyundai_aura
lucknow,toyota,glanza,g,24354,2023,731000,petrol,1,red,hatchback,manual,2023,3,toyota_glanza
lucknow,mg motors,hector,sharp 2.0 diesel turbo mt,68622,2021,1296743,diesel,1,silver,suv,manual,2021,5,mg motors_hector
lucknow,nissan,magnite,xv premium turbo cvt (o) dual tone,37781,2021,827000,petrol,1,white,suv,automatic,2021,5,nissan_magnite
lucknow,hyundai,grand i10 nios,sportz 1.2 kappa vtvt,25932,2022,546000,petrol,2,grey,hatchback,manual,2022,4,hyundai_grand i10 nios
lucknow,renault,kiger,rxz mt,65478,2021,533000,petrol,1,grey,suv,manual,2021,5,renault_kiger
lucknow,maruti suzuki,s-presso,vxi plus (o) amt,2423,2024,542000,petrol,1,grey,hatchback,automatic,2024,2,maruti suzuki_s-presso
lucknow,toyota,innova crysta,vx 2.7 7 str,74451,2022,1695595,petrol,1,white,muv,manual,2022,4,toyota_innova crysta
lucknow,hyundai,venue,sx plus 1.0 turbo dct,34587,2019,745000,petrol,1,white,suv,automatic,2019,7,hyundai_venue
lucknow,hyundai,elite i20,magna plus 1.2,34514,2020,532000,petrol,1,white,hatchback,manual,2020,6,hyundai_elite i20
lucknow,nissan,magnite,xe amt,7466,2024,611000,petrol,1,white,suv,automatic,2024,2,nissan_magnite
lucknow,maruti suzuki,baleno,zeta,19902,2021,657000,petrol,1,white,hatchback,manual,2021,5,maruti suzuki_baleno
lucknow,volkswagen,polo,trendline 1.0l (p),50466,2019,459000,petrol,1,grey,hatchback,manual,2020,7,volkswagen_polo
lucknow,tata,punch,adventure mt,8417,2022,600000,petrol,1,white,suv,manual,2022,4,tata_punch
lucknow,volkswagen,polo,trendline 1.0l (p),35527,2019,498000,petrol,1,white,hatchback,manual,2019,7,volkswagen_polo
lucknow,mahindra,xuv700,ax 7 petrol at luxury pack 7 str,36431,2021,1892643,petrol,1,silver,suv,automatic,2023,5,mahindra_xuv700
lucknow,ford,ecosport,titanium 1.5l ti-vct,70993,2018,597000,petrol,1,grey,suv,manual,2018,8,ford_ecosport
lucknow,mahindra,xuv500,w9,87682,2019,974000,diesel,1,black,suv,manual,2019,7,mahindra_xuv500
lucknow,maruti suzuki,swift dzire,vdi,105472,2017,417000,diesel,2,white,sedan,manual,2017,9,maruti suzuki_swift dzire
lucknow,maruti suzuki,ciaz,delta hybrid 1.5 at,47484,2020,705000,petrol,1,grey,sedan,automatic,2020,6,maruti suzuki_ciaz
lucknow,mahindra,xuv700,ax 7 petrol at luxury pack 7 str,121444,2021,1746095,petrol,1,white,suv,automatic,2021,5,mahindra_xuv700
lucknow,maruti suzuki,baleno,zeta at petrol,56181,2017,475000,petrol,1,blue,hatchback,automatic,2017,9,maruti suzuki_baleno
lucknow,maruti suzuki,wagon r 1.0,vxi 1.0,114782,2021,408000,petrol,1,white,hatchback,manual,2021,5,maruti suzuki_wagon r 1.0
lucknow,renault,triber,rxz,82435,2020,531000,petrol,1,orange,muv,manual,2020,6,renault_triber
lucknow,maruti suzuki,baleno,delta 1.2,46301,2018,481000,petrol,1,red,hatchback,manual,2018,8,maruti suzuki_baleno
lucknow,maruti suzuki,swift dzire,vdi,61430,2015,420000,diesel,1,silver,sedan,manual,2015,11,maruti suzuki_swift dzire
lucknow,maruti suzuki,wagon r 1.2,zxi plus,22207,2023,595000,petrol,1,white,hatchback,manual,2023,3,maruti suzuki_wagon r 1.2
lucknow,hyundai,venue,sx 1.5 crdi,58637,2022,882000,diesel,1,silver,suv,manual,2022,4,hyundai_venue
lucknow,maruti suzuki,alto k10,vxi,75444,2018,289000,petrol,1,white,hatchback,manual,2018,8,maruti suzuki_alto k10
lucknow,maruti suzuki,wagon r 1.0,vxi amt,107838,2016,327000,petrol,1,silver,hatchback,automatic,2016,10,maruti suzuki_wagon r 1.0
lucknow,honda,city,zx cvt,98652,2019,749000,petrol,1,brown,sedan,automatic,2020,7,honda_city
lucknow,maruti suzuki,swift,zxi amt,15349,2020,644000,petrol,1,silver,hatchback,automatic,2020,6,maruti suzuki_swift
lucknow,nissan,magnite,xv premium,56963,2022,636000,petrol,1,white,suv,manual,2022,4,nissan_magnite
lucknow,mahindra,xuv700,ax 5 petrol mt 7 str,52359,2022,1468443,petrol,1,blue,suv,manual,2022,4,mahindra_xuv700
lucknow,honda,amaze,vx mt 1.2 petrol,21163,2023,745000,petrol,1,white,sedan,manual,2023,3,honda_amaze
lucknow,renault,kiger,rxz 1.0 turbo mt,43121,2021,640000,petrol,1,red,suv,manual,2021,5,renault_kiger
lucknow,honda,wr-v,vx mt petrol,34243,2022,728000,petrol,1,brown,suv,manual,2022,4,honda_wr-v
lucknow,renault,duster,85 ps rxz 4x2 mt,83626,2016,459000,diesel,1,grey,suv,manual,2016,10,renault_duster
lucknow,honda,jazz,zx cvt,38836,2022,777000,petrol,1,white,hatchback,automatic,2022,4,honda_jazz
lucknow,toyota,innova crysta,vx 2.7 7 str,61516,2022,1690545,petrol,1,white,muv,manual,2022,4,toyota_innova crysta
lucknow,kia,seltos,gtx plus dct,65387,2022,1288045,petrol,1,black,suv,automatic,2022,4,kia_seltos
lucknow,hyundai,creta,ex petrol,39293,2023,1046000,petrol,1,grey,suv,manual,2023,3,hyundai_creta
lucknow,hyundai,aura,sx 1.2 (o) petrol,49472,2021,637000,petrol,1,silver,sedan,manual,2021,5,hyundai_aura
lucknow,maruti suzuki,new ertiga,zxi at,59063,2019,829000,petrol,1,red,muv,automatic,2019,7,maruti suzuki_new ertiga
lucknow,maruti suzuki,alto 800,lxi,51421,2013,195000,petrol,1,grey,hatchback,manual,2013,13,maruti suzuki_alto 800
lucknow,honda,amaze,1.2 s i-vtec,64722,2015,325000,petrol,1,white,sedan,manual,2015,11,honda_amaze
lucknow,honda,wr-v,s mt petrol,95275,2019,493000,petrol,1,brown,suv,manual,2019,7,honda_wr-v
lucknow,ford,ecosport,titanium 1.5l ti-vct,61297,2018,599000,petrol,1,red,suv,manual,2018,8,ford_ecosport
lucknow,ford,ecosport,titanium 1.5l ti-vct,17910,2020,649000,petrol,2,silver,suv,manual,2020,6,ford_ecosport
lucknow,mahindra,xuv500,w7,66254,2020,874000,diesel,2,white,suv,manual,2020,6,mahindra_xuv500
lucknow,honda,wr-v,sv mt petrol,39686,2021,646000,petrol,1,white,suv,manual,2021,5,honda_wr-v
lucknow,hyundai,verna,s plus 1.5 crdi,62914,2021,786000,diesel,1,blue,sedan,manual,2021,5,hyundai_verna
lucknow,hyundai,new santro 1.1,sportz mt,50588,2021,419000,petrol,1,white,hatchback,manual,2021,5,hyundai_new santro 1.1
lucknow,maruti suzuki,swift,zxi plus,54546,2018,524000,petrol,1,grey,hatchback,manual,2018,8,maruti suzuki_swift
lucknow,maruti suzuki,baleno,delta automatic,7069,2021,651000,petrol,1,blue,hatchback,automatic,2021,5,maruti suzuki_baleno
lucknow,maruti suzuki,s-presso,vxi,82854,2022,354000,petrol,1,grey,hatchback,manual,2022,4,maruti suzuki_s-presso
lucknow,maruti suzuki,wagon r 1.2,zxi 1.2 amt,31586,2020,489000,petrol,1,white,hatchback,automatic,2020,6,maruti suzuki_wagon r 1.2
lucknow,maruti suzuki,s-cross,zeta,117324,2020,598000,petrol,1,grey,suv,manual,2021,6,maruti suzuki_s-cross
lucknow,honda,amaze,s 1.2 petrol mt,40461,2023,626000,petrol,1,white,sedan,manual,2023,3,honda_amaze
lucknow,maruti suzuki,swift,zxi plus,26842,2022,680000,petrol,1,grey,hatchback,manual,2022,4,maruti suzuki_swift
lucknow,hyundai,i20,asta (o) 1.2 ivt,14634,2023,923000,petrol,1,white,hatchback,automatic,2023,3,hyundai_i20
lucknow,tata,altroz,xt 1.2,40077,2021,535000,petrol,1,white,hatchback,manual,2021,5,tata_altroz
lucknow,ford,ecosport,titanium + 1.5l tdci,85281,2019,632000,diesel,1,white,suv,manual,2019,7,ford_ecosport
lucknow,maruti suzuki,alto k10,lxi,55007,2013,175000,petrol,1,silver,hatchback,manual,2013,13,maruti suzuki_alto k10
lucknow,honda,amaze,vx 1.2 petrol cvt,16828,2023,839000,petrol,1,brown,sedan,automatic,2024,3,honda_amaze
lucknow,renault,kwid,climber 1.0 opt,105723,2020,339000,petrol,1,white,hatchback,manual,2020,6,renault_kwid
lucknow,mahindra,scorpio,s5,77447,2020,1099793,diesel,1,white,suv,manual,2020,6,mahindra_scorpio
lucknow,renault,kwid,1.0 rxt opt,20517,2021,378000,petrol,1,blue,hatchback,manual,2021,5,renault_kwid
lucknow,honda,wr-v,vx mt petrol,55668,2019,598000,petrol,1,grey,suv,manual,2019,7,honda_wr-v
lucknow,maruti suzuki,baleno,zeta at petrol,94858,2017,462000,petrol,1,blue,hatchback,automatic,2017,9,maruti suzuki_baleno
lucknow,renault,triber,rxt,104733,2019,420000,petrol,1,blue,muv,manual,2019,7,renault_triber
lucknow,maruti suzuki,brezza,vxi,22026,2024,879000,petrol,1,grey,suv,manual,2024,2,maruti suzuki_brezza
lucknow,hyundai,venue,sx plus 1.0 turbo dct,66965,2019,736000,petrol,1,white,suv,automatic,2019,7,hyundai_venue
lucknow,tata,tigor,revotron xz+ cng,95420,2022,597000,petrol+cng,1,red,sedan,manual,2022,4,tata_tigor
lucknow,maruti suzuki,swift,vdi,91888,2017,429000,diesel,1,silver,hatchback,manual,2017,9,maruti suzuki_swift
lucknow,renault,kwid,1.0 rxt sce,16481,2023,455000,petrol,1,white,hatchback,manual,2023,3,renault_kwid
lucknow,hyundai,elite i20,asta 1.2,99151,2015,404000,petrol,1,silver,hatchback,manual,2015,11,hyundai_elite i20
lucknow,hyundai,aura,s 1.2 petrol,20540,2020,539000,petrol,1,brown,sedan,manual,2020,6,hyundai_aura
lucknow,jeep,compass,limited 1.4 petrol at,73813,2017,918000,petrol,1,silver,suv,automatic,2017,9,jeep_compass
lucknow,maruti suzuki,vitara brezza,zdi ags,77528,2019,695000,diesel,1,grey,suv,automatic,2019,7,maruti suzuki_vitara brezza
lucknow,hyundai,creta,s plus 1.5 petrol knight,10254,2023,1258000,petrol,1,black,suv,manual,2024,3,hyundai_creta
lucknow,maruti suzuki,ritz,vdi bs-iv,123336,2015,269000,diesel,1,white,hatchback,manual,2015,11,maruti suzuki_ritz
lucknow,tata,safari,xz plus,63453,2021,1368098,diesel,1,blue,suv,manual,2021,5,tata_safari
lucknow,maruti suzuki,brezza,zxi plus,20724,2022,1070000,petrol,1,grey,suv,manual,2022,4,maruti suzuki_brezza
lucknow,hyundai,creta,1.6 sx opt vtvt,55472,2018,880000,petrol,1,grey,suv,manual,2018,8,hyundai_creta
lucknow,kia,sonet,gtx plus 1.5 at,59501,2020,965000,diesel,1,red,suv,automatic,2020,6,kia_sonet
lucknow,hyundai,venue,sx 1.0  turbo,19682,2022,840000,petrol,1,white,suv,manual,2022,4,hyundai_venue
lucknow,tata,nexon,xz plus (o),35613,2022,869000,petrol,1,white,suv,manual,2022,4,tata_nexon
lucknow,toyota,innova,2.5 gx 8 str,105258,2013,536000,diesel,1,grey,muv,manual,2013,13,toyota_innova
lucknow,maruti suzuki,vitara brezza,vdi (o),66725,2016,556000,diesel,1,red,suv,manual,2016,10,maruti suzuki_vitara brezza
lucknow,maruti suzuki,celerio,vxi amt,46564,2015,317000,petrol,1,white,hatchback,automatic,2016,11,maruti suzuki_celerio
lucknow,maruti suzuki,wagon r 1.2,zxi plus,9788,2024,644000,petrol,1,grey,hatchback,manual,2024,2,maruti suzuki_wagon r 1.2
lucknow,maruti suzuki,baleno,alpha mt,15436,2023,820000,petrol,1,blue,hatchback,manual,2023,3,maruti suzuki_baleno
lucknow,honda,amaze,1.2 vx i-vtec,14537,2022,726000,petrol,1,white,sedan,manual,2022,4,honda_amaze
lucknow,maruti suzuki,ignis,sigma 1.2 mt,12933,2022,444000,petrol,1,white,hatchback,manual,2022,4,maruti suzuki_ignis
lucknow,ford,ecosport,titanium + 1.5l ti-vct at,70076,2019,558000,petrol,3,blue,suv,automatic,2019,7,ford_ecosport
lucknow,renault,kwid,1.0 rxl amt,30450,2021,398000,petrol,1,bronze,hatchback,automatic,2021,5,renault_kwid
lucknow,mg motors,hector,1.5 sharp dct,46145,2020,1229000,petrol,1,black,suv,automatic,2020,6,mg motors_hector
lucknow,hyundai,elite i20,sportz 1.2,70589,2016,409000,petrol,1,white,hatchback,manual,2016,10,hyundai_elite i20
lucknow,maruti suzuki,fronx,alpha 1.0l turbo 6 at,13099,2023,1052000,petrol,1,grey,suv,automatic,2023,3,maruti suzuki_fronx
lucknow,tata,altroz,xz 1.2,38268,2021,598000,petrol,1,blue,hatchback,manual,2021,5,tata_altroz
lucknow,maruti suzuki,s-presso,vxi,5410,2023,440000,petrol,1,white,hatchback,manual,2023,3,maruti suzuki_s-presso
lucknow,maruti suzuki,swift,vxi,42104,2024,614000,petrol,1,white,hatchback,manual,2024,2,maruti suzuki_swift
lucknow,maruti suzuki,swift dzire,vdi,106801,2016,411000,diesel,1,red,sedan,manual,2016,10,maruti suzuki_swift dzire
lucknow,ford,ecosport,s mt 1.5 tdci,86027,2020,711000,diesel,1,silver,suv,manual,2021,6,ford_ecosport
lucknow,maruti suzuki,wagon r,lxi cng,96709,2014,278000,cng,1,grey,hatchback,manual,2015,12,maruti suzuki_wagon r
lucknow,maruti suzuki,wagon r 1.2,zxi plus amt,11534,2023,654000,petrol,1,white,hatchback,automatic,2023,3,maruti suzuki_wagon r 1.2
lucknow,volkswagen,polo,trendline 1.0l (p),50621,2019,429000,petrol,2,silver,hatchback,manual,2019,7,volkswagen_polo
lucknow,maruti suzuki,alto k10,vxi s-cng,39570,2023,488000,cng,1,grey,hatchback,manual,2023,3,maruti suzuki_alto k10
lucknow,hyundai,creta,s 1.5 petrol imt,25957,2022,1085608,petrol,1,black,suv,manual,2022,4,hyundai_creta
lucknow,hyundai,venue,sx plus 1.0 turbo dct,26324,2019,784000,petrol,1,white,suv,automatic,2019,7,hyundai_venue
lucknow,honda,jazz,v cvt,21961,2022,717000,petrol,1,silver,hatchback,automatic,2022,4,honda_jazz
lucknow,maruti suzuki,wagon r 1.2,zxi,27149,2022,514000,petrol,1,white,hatchback,manual,2023,4,maruti suzuki_wagon r 1.2
lucknow,mahindra,xuv500,w11 at,78859,2019,1142098,diesel,1,white,suv,automatic,2019,7,mahindra_xuv500
lucknow,tata,tiago,revotron xt,5378,2024,571000,petrol,1,blue,hatchback,manual,2024,2,tata_tiago
lucknow,maruti suzuki,fronx,alpha 1.0l turbo 6 at,21348,2023,1090000,petrol,1,white,suv,automatic,2023,3,maruti suzuki_fronx
lucknow,toyota,fortuner,2.8 4x2 at,49329,2019,2776393,diesel,1,white,suv,automatic,2019,7,toyota_fortuner
lucknow,hyundai,verna,sx (o) 1.5 vtvt ivt,18328,2023,1412045,petrol,1,blue,sedan,automatic,2023,3,hyundai_verna
lucknow,ford,figo,titanium 1.5 ti-vct at,53249,2016,367000,petrol,2,white,hatchback,automatic,2018,10,ford_figo
lucknow,maruti suzuki,wagon r 1.0,vxi amt,53225,2017,337000,petrol,2,silver,hatchback,automatic,2017,9,maruti suzuki_wagon r 1.0
lucknow,maruti suzuki,alto 800,vxi cng (outside fitted),35441,2018,278000,cng,2,grey,hatchback,manual,2018,8,maruti suzuki_alto 800
lucknow,maruti suzuki,ertiga,zdi + shvs,91138,2017,679000,diesel,1,grey,muv,manual,2017,9,maruti suzuki_ertiga
lucknow,maruti suzuki,wagon r,zxi 1.2,42431,2022,478000,petrol,1,silver,hatchback,manual,2022,4,maruti suzuki_wagon r
lucknow,mahindra,thar,lx hard top petrol mt 4wd,40645,2021,966000,petrol,2,brown,suv,manual,2021,5,mahindra_thar
lucknow,mahindra,xuv500,w11,63946,2018,975000,diesel,1,brown,suv,manual,2018,8,mahindra_xuv500
lucknow,maruti suzuki,swift,vxi,33962,2023,580000,petrol,1,white,hatchback,manual,2023,3,maruti suzuki_swift
lucknow,tata,nexon,xz + dark edition,32466,2022,933000,diesel,1,black,suv,manual,2022,4,tata_nexon
lucknow,maruti suzuki,ignis,zeta mt petrol,17674,2023,566000,petrol,1,blue,hatchback,manual,2023,3,maruti suzuki_ignis
lucknow,ford,ecosport,titanium 1.5 ti-vct at,66924,2015,448000,petrol,1,white,suv,automatic,2015,11,ford_ecosport
lucknow,tata,altroz,xz 1.5,48758,2021,719000,diesel,1,white,hatchback,manual,2021,5,tata_altroz
lucknow,kia,seltos,htx g,44939,2020,990000,petrol,1,black,suv,manual,2020,6,kia_seltos
lucknow,maruti suzuki,vitara brezza,zdi plus,59462,2018,692000,diesel,1,grey,suv,manual,2018,8,maruti suzuki_vitara brezza
lucknow,maruti suzuki,s-presso,vxi plus,23819,2022,425000,petrol,1,grey,hatchback,manual,2022,4,maruti suzuki_s-presso
lucknow,mahindra,kuv100 nxt,k2 6 str,29077,2018,356000,petrol,1,silver,crossover,manual,2018,8,mahindra_kuv100 nxt
lucknow,maruti suzuki,eeco,5 str with a/c+htr,17241,2020,427000,petrol,1,silver,muv,manual,2020,6,maruti suzuki_eeco
lucknow,toyota,innova crysta,2.7 zx at 7 str,36090,2022,1984000,petrol,1,white,muv,automatic,2022,4,toyota_innova crysta
lucknow,honda,city,zx cvt petrol,19379,2022,1237000,petrol,1,brown,sedan,automatic,2022,4,honda_city
lucknow,honda,amaze,1.2 vx cvt i-vtec,11179,2023,815000,petrol,1,brown,sedan,automatic,2023,3,honda_amaze
lucknow,maruti suzuki,swift dzire,vdi,71385,2017,471000,diesel,1,grey,sedan,manual,2017,9,maruti suzuki_swift dzire
lucknow,hyundai,eon,era + se,84292,2018,251000,petrol,1,white,hatchback,manual,2018,8,hyundai_eon
lucknow,hyundai,eon,era + airbag,30153,2017,238000,petrol,2,white,hatchback,manual,2017,9,hyundai_eon
lucknow,hyundai,venue,sx plus 1.0 turbo dct,75122,2019,692000,petrol,1,white,suv,automatic,2020,7,hyundai_venue
lucknow,maruti suzuki,swift,vdi,82431,2015,319000,diesel,3,white,hatchback,manual,2015,11,maruti suzuki_swift
lucknow,maruti suzuki,celerio,zxi,67544,2019,365000,petrol,1,white,hatchback,manual,2019,7,maruti suzuki_celerio
lucknow,mahindra,xuv500,w10,119775,2016,674000,diesel,2,grey,suv,manual,2016,10,mahindra_xuv500
lucknow,maruti suzuki,swift,vxi amt,59277,2021,480000,petrol,2,white,hatchback,automatic,2021,5,maruti suzuki_swift
lucknow,hyundai,creta,sx ivt petrol,36119,2022,1302000,petrol,1,white,suv,automatic,2022,4,hyundai_creta
lucknow,mahindra,scorpio,s9,49225,2021,1338000,diesel,1,white,suv,manual,2021,5,mahindra_scorpio
lucknow,maruti suzuki,alto 800,lxi,41334,2017,251000,petrol,1,maroon,hatchback,manual,2017,9,maruti suzuki_alto 800
lucknow,maruti suzuki,swift,zxi plus,8389,2023,756000,petrol,1,grey,hatchback,manual,2023,3,maruti suzuki_swift
lucknow,honda,wr-v,sv mt petrol,86041,2020,487000,petrol,1,silver,suv,manual,2020,6,honda_wr-v
lucknow,maruti suzuki,wagon r 1.0,vxi,15284,2023,518000,petrol,1,white,hatchback,manual,2023,3,maruti suzuki_wagon r 1.0
lucknow,toyota,glanza,v,15816,2022,760000,petrol,1,red,hatchback,manual,2022,4,toyota_glanza
lucknow,hyundai,elite i20,asta 1.2,33954,2018,532000,petrol,1,grey,hatchback,manual,2018,8,hyundai_elite i20
lucknow,hyundai,grand i10,sportz (o) at 1.2 kappa vtvt,48588,2017,407000,petrol,2,white,hatchback,automatic,2017,9,hyundai_grand i10
lucknow,honda,city,vx petrol,54120,2018,605000,petrol,2,silver,sedan,manual,2019,8,honda_city
lucknow,toyota,etios,gd,109637,2019,489000,diesel,1,white,sedan,manual,2019,7,toyota_etios
lucknow,hyundai,verna,sx (o) 1.5 crdi at,110091,2020,899000,diesel,1,black,sedan,automatic,2020,6,hyundai_verna
lucknow,maruti suzuki,ertiga,zxi (o),6723,2024,1116963,petrol,1,white,muv,manual,2024,2,maruti suzuki_ertiga
lucknow,hyundai,grand i10,sportz 1.2 kappa vtvt,37228,2014,310000,petrol,1,white,hatchback,manual,2014,12,hyundai_grand i10
lucknow,skoda,kylaq,signature plus at,14624,2025,1193723,petrol,1,white,suv,automatic,2025,1,skoda_kylaq
lucknow,honda,amaze,1.2 vx mt petrol,86497,2018,482000,petrol,1,brown,sedan,manual,2018,8,honda_amaze
lucknow,maruti suzuki,ritz,zxi bs-iv,48652,2015,279000,petrol,2,white,hatchback,manual,2015,11,maruti suzuki_ritz
lucknow,mahindra,kuv100,k8 6 str,54120,2017,330000,petrol,2,white,crossover,manual,2017,9,mahindra_kuv100
lucknow,volkswagen,polo,highline plus 1.0l tsi,41979,2021,598000,petrol,1,grey,hatchback,manual,2021,5,volkswagen_polo
lucknow,skoda,superb,style tsi at,61503,2017,1206755,petrol,1,black,sedan,automatic,2017,9,skoda_superb
lucknow,maruti suzuki,wagon r,vxi,25883,2017,352000,petrol,1,grey,hatchback,manual,2017,9,maruti suzuki_wagon r
lucknow,hyundai,new santro 1.1,sportz executive cng,82512,2022,447000,petrol+cng,1,white,hatchback,manual,2022,4,hyundai_new santro 1.1
lucknow,hyundai,i10,sportz 1.1 irde2,28231,2014,273000,petrol,1,grey,hatchback,manual,2014,12,hyundai_i10
lucknow,honda,city,zx diesel,33564,2022,1191658,diesel,1,white,sedan,manual,2022,4,honda_city
lucknow,hyundai,grand i10 nios,asta amt 1.2 kappa vtvt,14899,2020,646000,petrol,1,blue,hatchback,automatic,2020,6,hyundai_grand i10 nios
lucknow,renault,duster,rxz 1.3 turbo petrol mt,17384,2021,859000,petrol,1,brown,suv,manual,2021,5,renault_duster
lucknow,hyundai,eon,magna,77980,2013,203000,petrol,1,grey,hatchback,manual,2013,13,hyundai_eon
lucknow,hyundai,verna,sx 1.5 mpi,118438,2021,805000,petrol,1,blue,sedan,manual,2021,5,hyundai_verna
lucknow,volkswagen,virtus,highline 1.0 tsi mt,26651,2023,1141203,petrol,1,grey,sedan,manual,2023,3,volkswagen_virtus
lucknow,maruti suzuki,ignis,delta 1.2 mt,68030,2020,419000,petrol,1,white,hatchback,manual,2020,6,maruti suzuki_ignis
lucknow,honda,jazz,v petrol,83635,2016,366000,petrol,1,silver,hatchback,manual,2016,10,honda_jazz
lucknow,mahindra,thar,lx hard top diesel mt 4wd,79597,2021,1109893,diesel,1,red,suv,manual,2021,5,mahindra_thar
lucknow,maruti suzuki,wagon r,vxi 1.0 cng,18553,2022,575000,cng,1,silver,hatchback,manual,2022,4,maruti suzuki_wagon r
lucknow,ford,ecosport,titanium + 1.5l ti-vct at,28179,2019,746000,petrol,1,blue,suv,automatic,2019,7,ford_ecosport
lucknow,kia,sonet,gtx plus 1.5,36136,2022,1088683,diesel,1,white,suv,manual,2022,4,kia_sonet
lucknow,hyundai,grand i10,sportz 1.2 kappa vtvt,54604,2014,309000,petrol,1,white,hatchback,manual,2014,12,hyundai_grand i10
lucknow,maruti suzuki,ignis,sigma 1.2 mt,40413,2017,354000,petrol,1,grey,hatchback,manual,2017,9,maruti suzuki_ignis
lucknow,maruti suzuki,wagon r,vxi 1.0 ags,4199,2024,617000,petrol,1,white,hatchback,automatic,2025,2,maruti suzuki_wagon r
lucknow,mahindra,thar,lx hard top diesel mt 4wd,24596,2022,1263413,diesel,1,grey,suv,manual,2023,4,mahindra_thar
lucknow,hyundai,i20,asta 1.2 ivt,19618,2021,737000,petrol,1,white,hatchback,automatic,2021,5,hyundai_i20
lucknow,hyundai,grand i10,asta 1.2 kappa vtvt,31911,2017,422000,petrol,1,white,hatchback,manual,2018,9,hyundai_grand i10
lucknow,maruti suzuki,swift,vxi,13503,2024,690000,petrol,1,white,hatchback,manual,2024,2,maruti suzuki_swift
lucknow,tata,altroz,xt petrol,10576,2021,609000,petrol,1,white,hatchback,manual,2021,5,tata_altroz
lucknow,kia,seltos,gtx plus dct,78212,2020,1115953,petrol,1,white,suv,automatic,2021,6,kia_seltos
lucknow,maruti suzuki,ciaz,delta 1.5,2068,2024,935000,petrol,1,white,sedan,manual,2024,2,maruti suzuki_ciaz
lucknow,mahindra,xuv 300,w8 diesel,69687,2020,796000,diesel,1,white,suv,manual,2020,6,mahindra_xuv 300
lucknow,maruti suzuki,swift,zxi amt,27343,2021,661000,petrol,1,silver,hatchback,automatic,2021,5,maruti suzuki_swift
lucknow,hyundai,new i20,asta (o) 1.2 ivt,12963,2024,1073533,petrol,1,blue,hatchback,automatic,2024,2,hyundai_new i20
lucknow,honda,jazz,zx cvt,29565,2021,755000,petrol,1,grey,hatchback,automatic,2021,5,honda_jazz
lucknow,maruti suzuki,new ertiga,zxi plus,61537,2020,798000,petrol,1,grey,muv,manual,2020,6,maruti suzuki_new ertiga
lucknow,hyundai,venue,s (o) 1.2 petrol,38557,2023,789000,petrol,1,blue,suv,manual,2023,3,hyundai_venue
lucknow,hyundai,elite i20,magna 1.2,52117,2016,400000,petrol,1,white,hatchback,manual,2016,10,hyundai_elite i20
lucknow,hyundai,grand i10 nios,sportz 1.2 kappa vtvt,32621,2021,576000,petrol,1,blue,hatchback,manual,2021,5,hyundai_grand i10 nios
lucknow,maruti suzuki,wagon r 1.2,zxi cng outside fitted,66946,2022,472000,cng,1,white,hatchback,manual,2022,4,maruti suzuki_wagon r 1.2
lucknow,hyundai,aura,sx 1.2 (o) petrol,32852,2020,629000,petrol,1,white,sedan,manual,2020,6,hyundai_aura
lucknow,maruti suzuki,dzire,vxi,10375,2022,651000,petrol,1,grey,sedan,manual,2022,4,maruti suzuki_dzire
lucknow,toyota,innova crysta,gx 2.4 8 str,36175,2022,1789623,diesel,1,grey,muv,manual,2022,4,toyota_innova crysta
lucknow,maruti suzuki,xl6,alpha mt petrol,36401,2020,883000,petrol,1,white,muv,manual,2020,6,maruti suzuki_xl6
lucknow,mahindra,xuv 3xo,ax5l 1.2 petrol at,4055,2024,1279528,petrol,1,red,suv,automatic,2024,2,mahindra_xuv 3xo
lucknow,maruti suzuki,swift,lxi (o),52798,2017,375000,petrol,1,white,hatchback,manual,2017,9,maruti suzuki_swift
lucknow,mahindra,xuv700,ax 7 diesel at 7 str,25039,2023,1948000,diesel,1,blue,suv,automatic,2023,3,mahindra_xuv700
lucknow,hyundai,new santro 1.1,sportz mt,23227,2022,465000,petrol,1,white,hatchback,manual,2022,4,hyundai_new santro 1.1
lucknow,maruti suzuki,wagon r,lxi 1.0 cng,16873,2019,474000,cng,1,grey,hatchback,manual,2019,7,maruti suzuki_wagon r
lucknow,hyundai,elite i20,asta 1.2,59296,2018,521000,petrol,1,grey,hatchback,manual,2018,8,hyundai_elite i20
lucknow,renault,kwid,1.0l rxt(o) amt,20698,2019,377000,petrol,1,bronze,hatchback,automatic,2020,7,renault_kwid
lucknow,renault,kwid,rxt,5195,2018,279000,petrol,2,bronze,hatchback,manual,2018,8,renault_kwid
lucknow,hyundai,elite i20,sportz 1.4,51687,2015,459000,diesel,1,red,hatchback,manual,2015,11,hyundai_elite i20
lucknow,maruti suzuki,swift dzire,vxi,42791,2016,394000,petrol,1,silver,sedan,manual,2016,10,maruti suzuki_swift dzire
lucknow,maruti suzuki,swift dzire,vdi,41803,2014,384000,diesel,1,silver,sedan,manual,2014,12,maruti suzuki_swift dzire
lucknow,tata,altroz,xz plus 1.2,18952,2023,680000,petrol,2,grey,hatchback,manual,2023,3,tata_altroz
lucknow,maruti suzuki,celerio,zxi plus,26024,2022,518000,petrol,1,white,hatchback,manual,2022,4,maruti suzuki_celerio
lucknow,maruti suzuki,alto k10,vxi,48514,2016,264000,petrol,1,white,hatchback,manual,2016,10,maruti suzuki_alto k10
lucknow,renault,triber,rxz,27888,2020,569000,petrol,1,white,muv,manual,2020,6,renault_triber
lucknow,honda,city,v diesel,53092,2022,980000,diesel,1,brown,sedan,manual,2022,4,honda_city
chandigarh,maruti suzuki,ciaz,sigma 1.4 mt,61601,2017,481000,petrol,1,grey,sedan,manual,2017,9,maruti suzuki_ciaz
chandigarh,mahindra,xuv 3xo,ax5 1.2 petrol,7447,2024,1045208,petrol,1,white,suv,manual,2024,2,mahindra_xuv 3xo
chandigarh,renault,triber,rxz easy-r amt,4517,2024,849000,petrol,1,white,muv,automatic,2024,2,renault_triber
chandigarh,kia,sonet,htx 1.5 diesel at,26366,2024,1176553,diesel,1,white,suv,automatic,2024,2,kia_sonet
chandigarh,maruti suzuki,fronx,alpha 1.0l turbo mt,4086,2024,1098783,petrol,1,silver,suv,manual,2025,2,maruti suzuki_fronx
chandigarh,hyundai,aura,sx 1.2 cng,45813,2023,667000,cng,2,white,sedan,manual,2023,3,hyundai_aura
chandigarh,volkswagen,taigun,highline 1.0 tsi mt,38227,2023,939000,petrol,2,white,suv,manual,2023,3,volkswagen_taigun
chandigarh,maruti suzuki,alto k10,vxi,24584,2015,272000,petrol,2,white,hatchback,manual,2015,11,maruti suzuki_alto k10
chandigarh,toyota,glanza,v amt,28016,2023,899000,petrol,1,white,hatchback,automatic,2023,3,toyota_glanza
chandigarh,maruti suzuki,ciaz,delta hybrid 1.5,70907,2019,575000,petrol,1,silver,sedan,manual,2019,7,maruti suzuki_ciaz
chandigarh,honda,amaze,1.2 sx i-vtec,50452,2015,336000,petrol,1,silver,sedan,manual,2016,11,honda_amaze
chandigarh,hyundai,new santro 1.1,sportz executive cng,98377,2021,423000,petrol+cng,1,white,hatchback,manual,2021,5,hyundai_new santro 1.1
chandigarh,maruti suzuki,brezza,zxi plus,33488,2023,1104000,petrol,1,black,suv,manual,2023,3,maruti suzuki_brezza
chandigarh,honda,jazz,v at petrol,52954,2015,429000,petrol,1,orange,hatchback,automatic,2016,11,honda_jazz
chandigarh,maruti suzuki,ertiga,zxi cng,62813,2022,949000,cng,1,white,muv,manual,2022,4,maruti suzuki_ertiga
chandigarh,hyundai,grand i10 nios,sportz 1.2 kappa amt,2218,2024,751000,petrol,1,blue,hatchback,automatic,2025,2,hyundai_grand i10 nios
chandigarh,tata,harrier,xza plus dark edition,42502,2022,1537123,diesel,2,black,suv,automatic,2022,4,tata_harrier
chandigarh,kia,sonet,htk plus 1.5 at,38870,2021,918000,diesel,1,black,suv,automatic,2021,5,kia_sonet
chandigarh,maruti suzuki,new ertiga,vxi,33173,2019,719000,petrol,1,red,muv,manual,2019,7,maruti suzuki_new ertiga
chandigarh,maruti suzuki,wagon r,vxi 1.0 ags,27945,2022,531000,petrol,1,silver,hatchback,automatic,2022,4,maruti suzuki_wagon r
chandigarh,honda,amaze,s mt 1.2 petrol,46688,2022,581000,petrol,1,white,sedan,manual,2022,4,honda_amaze
chandigarh,tata,punch,adventure rhythm pack mt,22572,2022,593000,petrol,1,grey,suv,manual,2022,4,tata_punch
chandigarh,volkswagen,virtus,comfortline 1.0 tsi mt,42681,2023,913000,petrol,1,grey,sedan,manual,2023,3,volkswagen_virtus
chandigarh,toyota,glanza,v amt,33261,2023,881000,petrol,1,white,hatchback,automatic,2023,3,toyota_glanza
chandigarh,hyundai,aura,s 1.2 petrol,23207,2022,595000,petrol,1,white,sedan,manual,2022,4,hyundai_aura
chandigarh,renault,duster,rxs 1.5 petrol mt,58882,2021,689000,petrol,1,blue,suv,manual,2021,5,renault_duster
chandigarh,kia,sonet,gtx plus 1.5,61807,2021,965000,diesel,1,red,suv,manual,2021,5,kia_sonet
chandigarh,hyundai,creta,sx opt ivt petrol,61567,2023,1501773,petrol,1,white,suv,automatic,2023,3,hyundai_creta
chandigarh,maruti suzuki,alto k10,vxi plus (o),20117,2024,492000,petrol,1,grey,hatchback,manual,2024,2,maruti suzuki_alto k10
chandigarh,kia,sonet,gtx plus 1.5 dual tone,29792,2021,1021000,diesel,1,red,suv,manual,2021,5,kia_sonet
chandigarh,honda,city,zx petrol,49692,2021,979000,petrol,1,grey,sedan,manual,2021,5,honda_city
chandigarh,tata,nexon,xz plus diesel s,65585,2020,841000,diesel,1,white,suv,manual,2020,6,tata_nexon
chandigarh,tata,nexon,xza plus diesel,56047,2020,839000,diesel,1,white,suv,automatic,2020,6,tata_nexon
chandigarh,hyundai,grand i10 nios,sportz 1.2 kappa vtvt,18049,2023,631000,petrol,1,white,hatchback,manual,2023,3,hyundai_grand i10 nios
chandigarh,tata,tiago,xz plus cng,52832,2022,651000,cng,1,grey,hatchback,manual,2022,4,tata_tiago
chandigarh,kia,seltos,gtx plus,54829,2020,1063433,petrol,2,red,suv,manual,2020,6,kia_seltos
chandigarh,hyundai,i20 n line,n8 1.0 turbo dct,27817,2022,941000,petrol,1,grey,hatchback,automatic,2022,4,hyundai_i20 n line
chandigarh,hyundai,grand i10 nios,sportz 1.2 kappa vtvt cng,31394,2022,640000,petrol+cng,1,white,hatchback,manual,2022,4,hyundai_grand i10 nios
chandigarh,honda,amaze,1.2 s i-vtec opt,102509,2017,419145,petrol,1,silver,sedan,manual,2017,9,honda_amaze
chandigarh,maruti suzuki,ertiga,zdi plus 1.3 diesel,90140,2018,839000,diesel,1,maroon,muv,manual,2019,8,maruti suzuki_ertiga
chandigarh,toyota,urban cruiser taisor,v 1.0 petrol mt,9357,2024,1097744,petrol,1,white,hatchback,manual,2024,2,toyota_urban cruiser taisor
chandigarh,hyundai,new i20,asta (o) 1.2 ivt,17422,2023,952000,petrol,1,white,hatchback,automatic,2023,3,hyundai_new i20
chandigarh,volkswagen,vento,1.6l highline petrol,94330,2014,374000,petrol,2,silver,sedan,manual,2014,12,volkswagen_vento
chandigarh,kia,seltos,htx plus d,82002,2020,1158373,diesel,1,red,suv,manual,2020,6,kia_seltos
chandigarh,tata,tiago,xz plus cng,30327,2022,683000,cng,1,white,hatchback,manual,2023,4,tata_tiago
chandigarh,maruti suzuki,brezza,vxi,20186,2022,853000,petrol,1,red,suv,manual,2022,4,maruti suzuki_brezza
chandigarh,maruti suzuki,alto 800,vxi,15627,2021,360000,petrol,1,white,hatchback,manual,2021,5,maruti suzuki_alto 800
chandigarh,kia,seltos,gtx plus,70289,2019,1087673,petrol,1,white,suv,manual,2019,7,kia_seltos
chandigarh,tata,altroz,xz diesel,67730,2022,693000,diesel,1,grey,hatchback,manual,2022,4,tata_altroz
chandigarh,hyundai,aura,sx 1.2 cng,16817,2024,791000,cng,1,white,sedan,manual,2024,2,hyundai_aura
chandigarh,maruti suzuki,swift,vxi,50303,2012,254000,petrol,2,red,hatchback,manual,2012,14,maruti suzuki_swift
chandigarh,hyundai,aura,sx 1.2 (o) petrol,28696,2020,619000,petrol,1,white,sedan,manual,2020,6,hyundai_aura
chandigarh,hyundai,venue,s(o) 1.2 petrol +cng (outside fitted),28910,2023,825000,cng,1,white,suv,manual,2023,3,hyundai_venue
chandigarh,ford,ecosport,titanium 1.5l ti-vct,33032,2020,719000,petrol,1,white,suv,manual,2020,6,ford_ecosport
chandigarh,tata,tiago,revotron xza amt,40798,2017,407000,petrol,1,red,hatchback,automatic,2017,9,tata_tiago
chandigarh,hyundai,grand i10 nios,sportz 1.2 kappa vtvt cng,45888,2022,600000,petrol+cng,1,white,hatchback,manual,2022,4,hyundai_grand i10 nios
chandigarh,hyundai,aura,sx 1.2 petrol,15352,2023,670000,petrol,1,white,sedan,manual,2023,3,hyundai_aura
chandigarh,tata,nexon,xz plus (o),115462,2021,730000,petrol,1,green,suv,manual,2021,5,tata_nexon
chandigarh,maruti suzuki,wagon r 1.0,vxi,74218,2011,184000,petrol,2,white,hatchback,manual,2011,15,maruti suzuki_wagon r 1.0
chandigarh,hyundai,venue,sx 1.0 turbo imt,41918,2021,764000,petrol,1,white,suv,manual,2021,5,hyundai_venue
chandigarh,hyundai,eon,magna +,59489,2018,288000,petrol,1,red,hatchback,manual,2018,8,hyundai_eon
chandigarh,maruti suzuki,ignis,alpha 1.2 amt,19883,2021,631000,petrol,1,silver,hatchback,automatic,2021,5,maruti suzuki_ignis
chandigarh,maruti suzuki,ignis,zeta 1.2 mt,27988,2022,569000,petrol,1,white,hatchback,manual,2022,4,maruti suzuki_ignis
chandigarh,maruti suzuki,ignis,alpha 1.2 mt,47876,2022,585000,petrol,1,grey,hatchback,manual,2022,4,maruti suzuki_ignis
chandigarh,mg motors,hector,sharp pro 1.5 turbo cvt,37469,2023,1768368,petrol,1,white,suv,automatic,2023,3,mg motors_hector
chandigarh,mahindra,scorpio n,z8 l diesel at 4wd 7 str,19900,2022,2100605,diesel,1,green,suv,automatic,2022,4,mahindra_scorpio n
chandigarh,kia,sonet,htx 1.5,37305,2021,924000,diesel,1,silver,suv,manual,2021,5,kia_sonet
chandigarh,maruti suzuki,vitara brezza,zxi plus at shvs,93748,2021,790000,petrol,1,grey,suv,automatic,2021,5,maruti suzuki_vitara brezza
chandigarh,hyundai,alcazar,1.5l platinum (o) 7s at crdi,18007,2023,1801743,diesel,1,black,suv,automatic,2023,3,hyundai_alcazar
chandigarh,hyundai,new i20,asta 1.0 turbo imt,24000,2021,755000,petrol,1,white,hatchback,manual,2022,5,hyundai_new i20
chandigarh,mahindra,xuv 300,w8 (o) petrol,61093,2020,720000,petrol,2,white,suv,manual,2020,6,mahindra_xuv 300
chandigarh,volkswagen,virtus,highline 1.0 tsi mt,45815,2023,1060000,petrol,1,white,sedan,manual,2023,3,volkswagen_virtus
chandigarh,maruti suzuki,vitara brezza,zdi,92854,2017,559000,diesel,1,red,suv,manual,2017,9,maruti suzuki_vitara brezza
chandigarh,maruti suzuki,baleno,alpha mt,14288,2023,817000,petrol,1,grey,hatchback,manual,2023,3,maruti suzuki_baleno
chandigarh,tata,nexon,xz plus (o),51772,2020,694000,petrol,2,red,suv,manual,2020,6,tata_nexon
chandigarh,honda,brio,s mt,59094,2013,270000,petrol,1,silver,hatchback,manual,2013,13,honda_brio
chandigarh,hyundai,grand i10 nios,sportz 1.2 kappa vtvt cng,100271,2021,542000,petrol+cng,1,white,hatchback,manual,2021,5,hyundai_grand i10 nios
chandigarh,tata,punch,accomplished mt,13109,2022,649000,petrol,1,blue,suv,manual,2022,4,tata_punch
chandigarh,mahindra,xuv 3xo,ax7l 1.2 petrol at,15923,2024,1443148,petrol,1,black,suv,automatic,2024,2,mahindra_xuv 3xo
chandigarh,maruti suzuki,alto k10,vxi plus,6603,2024,511000,petrol,1,white,hatchback,manual,2024,2,maruti suzuki_alto k10
chandigarh,honda,amaze,e mt 1.2 petrol (old design),15141,2022,632000,petrol,1,white,sedan,manual,2022,4,honda_amaze
chandigarh,honda,brio,s mt,35837,2012,267000,petrol,1,silver,hatchback,manual,2012,14,honda_brio
chandigarh,honda,city,vx (o) mt diesel,118567,2016,514000,diesel,1,brown,sedan,manual,2016,10,honda_city
chandigarh,tata,altroz,xz plus 1.2,21094,2022,656000,petrol,1,red,hatchback,manual,2023,4,tata_altroz
chandigarh,hyundai,grand i10 nios,sportz 1.2 kappa vtvt,25616,2022,593000,petrol,1,white,hatchback,manual,2022,4,hyundai_grand i10 nios
chandigarh,hyundai,creta,sx (o) diesel,38399,2022,1535058,diesel,1,white,suv,manual,2022,4,hyundai_creta
chandigarh,renault,kwid,rxl(o) 1.0 petrol mt sce,26643,2024,454000,petrol,1,silver,hatchback,manual,2024,2,renault_kwid
chandigarh,ford,figo,duratec petrol exi 1.2,78275,2014,213000,petrol,2,white,hatchback,manual,2014,12,ford_figo
chandigarh,ford,figo,titanium petrol,101761,2019,395000,petrol,1,grey,hatchback,manual,2019,7,ford_figo
chandigarh,maruti suzuki,ignis,zeta 1.2 amt,15973,2022,623000,petrol,1,blue,hatchback,automatic,2022,4,maruti suzuki_ignis
chandigarh,maruti suzuki,fronx,alpha 1.0l turbo mt,2346,2025,1125000,petrol,1,white,suv,manual,2025,1,maruti suzuki_fronx
chandigarh,skoda,slavia,ambition 1.0l tsi mt,58488,2022,917000,petrol,1,white,sedan,manual,2023,4,skoda_slavia
chandigarh,hyundai,exter,sx (o) connect 1.2 amt dual tone,15837,2023,863000,petrol,1,green,suv,automatic,2023,3,hyundai_exter
chandigarh,maruti suzuki,dzire,vxi,40009,2021,629000,petrol,1,silver,sedan,manual,2021,5,maruti suzuki_dzire
chandigarh,maruti suzuki,fronx,alpha 1.0l turbo 6 at,8056,2023,1172484,petrol,1,blue,suv,automatic,2023,3,maruti suzuki_fronx
chandigarh,honda,city,v petrol mt,8610,2024,1153278,petrol,1,grey,sedan,manual,2024,2,honda_city
chandigarh,ford,figo aspire,titanium1.5 tdci,118024,2015,314000,diesel,1,red,sedan,manual,2015,11,ford_figo aspire
chandigarh,mahindra,xuv700,ax 7 petrol at 7 str,36336,2021,1758313,petrol,1,blue,suv,automatic,2021,5,mahindra_xuv700
chandigarh,maruti suzuki,celerio,zxi plus,9637,2022,541000,petrol,1,grey,hatchback,manual,2022,4,maruti suzuki_celerio
chandigarh,kia,seltos,gtx plus dct,37990,2021,1383603,petrol,1,white,suv,automatic,2021,5,kia_seltos
chandigarh,tata,punch,accomplished amt,21202,2023,739000,petrol,1,grey,suv,automatic,2023,3,tata_punch
chandigarh,hyundai,venue,sx 1.2 petrol,6989,2023,972000,petrol,1,white,suv,manual,2023,3,hyundai_venue
chandigarh,hyundai,grand i10,sportz 1.2 kappa vtvt cng (outside fitted),100069,2019,450000,petrol+cng,1,white,hatchback,manual,2019,7,hyundai_grand i10
chandigarh,mahindra,thar,lx hard top petrol at 4wd,14569,2023,1335000,petrol,2,black,suv,automatic,2023,3,mahindra_thar
chandigarh,renault,kiger,rxz 1.0 turbo mt,25208,2021,638000,petrol,1,blue,suv,manual,2021,5,renault_kiger
chandigarh,kia,seltos,gtx plus,71373,2019,1095753,petrol,1,black,suv,manual,2019,7,kia_seltos
chandigarh,maruti suzuki,dzire,zdi plus amt,100848,2017,497000,diesel,2,red,sedan,automatic,2017,9,maruti suzuki_dzire
chandigarh,hyundai,i20,magna 1.2,46270,2011,251000,petrol,1,white,hatchback,manual,2011,15,hyundai_i20
chandigarh,tata,punch,adventure rhythm pack mt,13038,2023,653000,petrol,1,grey,suv,manual,2023,3,tata_punch
chandigarh,volkswagen,virtus,highline 1.0 tsi at,26091,2023,1228000,petrol,1,silver,sedan,automatic,2024,3,volkswagen_virtus
chandigarh,tata,tiago,revotron xt,29765,2018,330000,petrol,3,silver,hatchback,manual,2018,8,tata_tiago
chandigarh,maruti suzuki,celerio,vxi,34939,2021,405000,petrol,2,white,hatchback,manual,2021,5,maruti suzuki_celerio
chandigarh,tata,tiago,revotron xe,68480,2019,344000,petrol,1,silver,hatchback,manual,2020,7,tata_tiago
chandigarh,hyundai,verna,sx 1.5 vtvt,23733,2024,1191703,petrol,1,white,sedan,manual,2024,2,hyundai_verna
chandigarh,volkswagen,polo,comfortline plus 1.0l mpi,29083,2020,594000,petrol,1,white,hatchback,manual,2020,6,volkswagen_polo
chandigarh,tata,tiago,revotron xm,50792,2017,353000,petrol,1,white,hatchback,manual,2017,9,tata_tiago
chandigarh,nissan,magnite,xl,23877,2023,589000,petrol,1,white,suv,manual,2023,3,nissan_magnite
chandigarh,maruti suzuki,swift,vxi,94732,2012,269000,petrol,1,blue,hatchback,manual,2012,14,maruti suzuki_swift
chandigarh,maruti suzuki,baleno,zeta,43782,2021,637000,petrol,1,blue,hatchback,manual,2021,5,maruti suzuki_baleno
chandigarh,tata,tiago,revotron xt,92533,2017,339000,petrol,1,white,hatchback,manual,2017,9,tata_tiago
chandigarh,maruti suzuki,vitara brezza,zdi,60521,2019,719000,diesel,1,grey,suv,manual,2019,7,maruti suzuki_vitara brezza
chandigarh,hyundai,new santro 1.1,sportz executive cng,74408,2022,454000,petrol+cng,1,white,hatchback,manual,2022,4,hyundai_new santro 1.1
chandigarh,maruti suzuki,eeco,ac cng 5 str,19927,2023,590000,petrol+cng,1,silver,muv,manual,2023,3,maruti suzuki_eeco
chandigarh,honda,brio,s mt,83911,2017,328000,petrol,2,silver,hatchback,manual,2017,9,honda_brio
chandigarh,maruti suzuki,swift,vxi,18253,2022,605000,petrol,1,grey,hatchback,manual,2022,4,maruti suzuki_swift
chandigarh,hyundai,verna,sx (o) 1.0 turbo dct,25775,2021,1161971,petrol,1,silver,sedan,automatic,2021,5,hyundai_verna
chandigarh,ford,figo aspire,titanium1.5 tdci,107285,2015,319000,diesel,1,red,sedan,manual,2015,11,ford_figo aspire
chandigarh,honda,city,zx petrol,46837,2020,934000,petrol,1,grey,sedan,manual,2020,6,honda_city
chandigarh,hyundai,exter,sx (o) connect 1.2 amt,7573,2023,829000,petrol,1,green,suv,automatic,2023,3,hyundai_exter
chandigarh,ford,ecosport,titanium + 1.5l ti-vct at,37221,2018,657000,petrol,1,blue,suv,automatic,2018,8,ford_ecosport
chandigarh,mahindra,xuv 3xo,ax7l 1.2 petrol at,21713,2024,1430000,petrol,1,green,suv,automatic,2024,2,mahindra_xuv 3xo
chandigarh,volkswagen,polo,trendline 1.0 petrol+cng(outside fitted),68951,2019,425000,cng,1,white,hatchback,manual,2019,7,volkswagen_polo
chandigarh,tata,altroz,xz 1.5,51741,2022,697000,diesel,1,grey,hatchback,manual,2022,4,tata_altroz
chandigarh,toyota,fortuner,4x2 at,83748,2016,1466000,diesel,1,black,suv,automatic,2016,10,toyota_fortuner
chandigarh,maruti suzuki,wagon r 1.0,vxi cng,48979,2022,537000,petrol+cng,1,white,hatchback,manual,2022,4,maruti suzuki_wagon r 1.0
chandigarh,maruti suzuki,fronx,alpha 1.0l turbo 6 at,4714,2023,1107000,petrol,1,blue,suv,automatic,2023,3,maruti suzuki_fronx
chandigarh,maruti suzuki,alto 800,vxi,32709,2022,366000,petrol,1,grey,hatchback,manual,2023,4,maruti suzuki_alto 800
chandigarh,hyundai,grand i10,asta 1.2 kappa vtvt (o),93974,2014,292000,petrol,2,white,hatchback,manual,2014,12,hyundai_grand i10
chandigarh,maruti suzuki,ciaz,vxi+,101040,2015,408000,petrol,1,grey,sedan,manual,2015,11,maruti suzuki_ciaz
chandigarh,maruti suzuki,alto k10,vxi,30441,2016,282000,petrol,2,white,hatchback,manual,2016,10,maruti suzuki_alto k10
chandigarh,tata,punch,accomplished mt sunroof,3291,2023,749000,petrol,1,white,suv,manual,2023,3,tata_punch
chandigarh,maruti suzuki,celerio,zxi plus,32737,2022,499000,petrol,1,grey,hatchback,manual,2022,4,maruti suzuki_celerio
chandigarh,maruti suzuki,eeco,ac cng 5 str,22995,2021,486000,petrol+cng,1,white,muv,manual,2021,5,maruti suzuki_eeco
chandigarh,maruti suzuki,baleno,alpha petrol,28140,2022,714000,petrol,1,blue,hatchback,manual,2022,4,maruti suzuki_baleno
chandigarh,maruti suzuki,new ertiga,zxi+ at,34413,2022,1005047,petrol,1,maroon,muv,automatic,2022,4,maruti suzuki_new ertiga
chandigarh,tata,tigor,revotron xz+ cng,57500,2022,585000,petrol+cng,1,grey,sedan,manual,2022,4,tata_tigor
chandigarh,maruti suzuki,alto 800,vxi,21958,2022,380000,petrol,1,silver,hatchback,manual,2022,4,maruti suzuki_alto 800
chandigarh,maruti suzuki,grand vitara,alpha smart hybrid allgrip,11843,2022,1336000,petrol,1,grey,suv,manual,2023,4,maruti suzuki_grand vitara
chandigarh,skoda,slavia,style 1.0l tsi mt,29171,2022,1079000,petrol,1,white,sedan,manual,2022,4,skoda_slavia
chandigarh,mahindra,xuv500,w10,90308,2016,775000,diesel,1,grey,suv,manual,2016,10,mahindra_xuv500
chandigarh,hyundai,exter,sx (o) 1.2 mt,6106,2024,795000,petrol,1,white,suv,manual,2024,2,hyundai_exter
chandigarh,mahindra,xuv500,w7,90875,2021,953000,diesel,1,white,suv,manual,2021,5,mahindra_xuv500
chandigarh,hyundai,grand i10,sportz 1.2 kappa vtvt,55709,2017,373000,petrol,2,white,hatchback,manual,2018,9,hyundai_grand i10
chandigarh,ford,figo,trend 1.2 ti-vct,64943,2015,275000,petrol,1,red,hatchback,manual,2016,11,ford_figo
chandigarh,honda,city,vx cvt,51079,2014,517000,petrol,1,white,sedan,automatic,2014,12,honda_city
chandigarh,kia,seltos,gtx plus dct,27463,2020,1299773,petrol,1,black,suv,automatic,2020,6,kia_seltos
chandigarh,honda,brio,s mt,100057,2012,193000,petrol,3,grey,hatchback,manual,2012,14,honda_brio
chandigarh,hyundai,xcent,s,33486,2020,527000,petrol,1,white,sedan,manual,2020,6,hyundai_xcent
chandigarh,mahindra,xuv700,ax 7 diesel at luxury pack 7 str,114795,2022,1690643,diesel,1,silver,suv,automatic,2022,4,mahindra_xuv700
chandigarh,mahindra,xuv700,ax 7 diesel at luxury pack 7 str,60354,2021,1791643,diesel,1,black,suv,automatic,2021,5,mahindra_xuv700
chandigarh,kia,seltos,htk plus 1.5 imt,28584,2023,1194733,petrol,1,white,suv,manual,2023,3,kia_seltos
chandigarh,maruti suzuki,s-presso,vxi plus,8612,2023,458000,petrol,1,grey,hatchback,manual,2023,3,maruti suzuki_s-presso
chandigarh,tata,tiago,xt,50268,2020,434000,petrol,1,grey,hatchback,manual,2020,6,tata_tiago
chandigarh,tata,zest,xt diesel,75308,2015,320000,diesel,1,golden,sedan,manual,2016,11,tata_zest
chandigarh,honda,amaze,1.5 s mt diesel,66752,2020,694000,diesel,1,grey,sedan,manual,2020,6,honda_amaze
chandigarh,volkswagen,polo,highline plus 1.0l tsi,43312,2020,622000,petrol,1,silver,hatchback,manual,2020,6,volkswagen_polo
chandigarh,honda,amaze,vx mt 1.2 petrol,31801,2022,691000,petrol,1,white,sedan,manual,2022,4,honda_amaze
chandigarh,tata,punch,accomplished mt,51138,2022,599000,petrol,1,grey,suv,manual,2022,4,tata_punch
chandigarh,hyundai,grand i10,magna 1.2 kappa vtvt,14964,2019,466000,petrol,1,grey,hatchback,manual,2019,7,hyundai_grand i10
chandigarh,maruti suzuki,alto k10,vxi,41704,2016,302000,petrol,1,white,hatchback,manual,2016,10,maruti suzuki_alto k10
chandigarh,volkswagen,virtus,topline 1.0 tsi mt,22095,2022,1181000,petrol,1,silver,sedan,manual,2022,4,volkswagen_virtus
chandigarh,toyota,glanza,g,21953,2022,734000,petrol,1,grey,hatchback,manual,2022,4,toyota_glanza
chandigarh,hyundai,grand i10,sportz at 1.2 kappa vtvt,32412,2018,518000,petrol,1,white,hatchback,automatic,2018,8,hyundai_grand i10
chandigarh,hyundai,grand i10,sportz 1.2 kappa vtvt,24147,2019,496000,petrol,1,white,hatchback,manual,2019,7,hyundai_grand i10
chandigarh,maruti suzuki,dzire,vdi,29929,2018,560000,diesel,1,white,sedan,manual,2018,8,maruti suzuki_dzire
chandigarh,hyundai,exter,sx (o) connect 1.2 mt,22779,2023,756000,petrol,1,green,suv,manual,2023,3,hyundai_exter
chandigarh,toyota,innova crysta,vx 2.7 7 str,11082,2022,1696605,petrol,1,maroon,muv,manual,2022,4,toyota_innova crysta
chandigarh,hyundai,grand i10 nios,magna 1.2,20405,2023,530000,petrol,2,grey,hatchback,manual,2023,3,hyundai_grand i10 nios
faridabad,kia,sonet,gtx plus 1.0 dct,58007,2021,1049293,petrol,1,red,suv,automatic,2021,5,kia_sonet
faridabad,hyundai,venue,sx (o) 1.5 crdi executive,27968,2022,961000,diesel,1,white,suv,manual,2022,4,hyundai_venue
faridabad,renault,kwid,rxl,65291,2019,245000,petrol,2,grey,hatchback,manual,2019,7,renault_kwid
faridabad,mahindra,kuv100 nxt,k6+ 6 str,39472,2018,401000,petrol,1,red,crossover,manual,2018,8,mahindra_kuv100 nxt
faridabad,honda,city,1.5 v mt,79321,2012,319000,petrol,1,red,sedan,manual,2012,14,honda_city
faridabad,honda,amaze,1.2 v cvt petrol,113609,2018,522000,petrol,1,silver,sedan,automatic,2018,8,honda_amaze
faridabad,hyundai,elite i20,sportz 1.2,53890,2014,418000,petrol,1,red,hatchback,manual,2014,12,hyundai_elite i20
faridabad,hyundai,grand i10,sportz 1.2 kappa vtvt,47225,2014,335000,petrol,1,red,hatchback,manual,2014,12,hyundai_grand i10
faridabad,audi,a6,45 tfsi premium plus,36555,2021,4029758,petrol,1,black,sedan,automatic,2021,5,audi_a6
faridabad,maruti suzuki,ciaz,zxi,101591,2014,388000,petrol,1,white,sedan,manual,2014,12,maruti suzuki_ciaz
faridabad,ford,figo,trend 1.2 ti-vct,75793,2016,321000,petrol,1,white,hatchback,manual,2016,10,ford_figo
faridabad,jeep,compass,model s (o) diesel 4x4 at,46666,2021,1681508,diesel,1,black,suv,automatic,2021,5,jeep_compass
faridabad,jeep,compass,model s (o) diesel 4x4 at,52944,2021,1706758,diesel,1,grey,suv,automatic,2021,5,jeep_compass
faridabad,renault,triber,rxl,44645,2021,486000,petrol,1,silver,muv,manual,2021,5,renault_triber
faridabad,jeep,compass,limited 1.4 petrol at,47358,2018,950000,petrol,2,black,suv,automatic,2018,8,jeep_compass
faridabad,mercedes-benz,glc,300 progressive,68560,2018,2928858,petrol,2,blue,wagon,automatic,2018,8,mercedes-benz_glc
faridabad,audi,q3,technology,21088,2023,4039858,petrol,1,white,suv,automatic,2023,3,audi_q3
faridabad,maruti suzuki,ignis,alpha 1.2 mt,27080,2021,592000,petrol,1,blue,hatchback,manual,2021,5,maruti suzuki_ignis
faridabad,audi,a3,40 tfsi premium,33576,2015,1211858,petrol,1,blue,sedan,automatic,2015,11,audi_a3
faridabad,mercedes-benz,gla,200,53446,2022,3484358,petrol,1,blue,suv,automatic,2022,4,mercedes-benz_gla
faridabad,jeep,compass,model s (o) 2.0 diesel,56613,2021,1615858,diesel,1,white,suv,manual,2022,5,jeep_compass
faridabad,hyundai,new i20,sportz 1.2 mt dual tone,80637,2021,556000,petrol,1,silver,hatchback,manual,2021,5,hyundai_new i20
faridabad,maruti suzuki,ciaz,alpha 1.5,39245,2021,827000,petrol,1,grey,sedan,manual,2021,5,maruti suzuki_ciaz
faridabad,ford,ecosport,titanium 1.5 ti-vct at,46450,2014,468000,petrol,1,silver,suv,automatic,2014,12,ford_ecosport
faridabad,jeep,compass,sport 1.4 petrol,25533,2021,1262358,petrol,1,white,suv,manual,2021,5,jeep_compass
faridabad,hyundai,grand i10,magna 1.2 kappa vtvt,48793,2013,232000,petrol,3,beige,hatchback,manual,2013,13,hyundai_grand i10
faridabad,hyundai,venue,sx 1.2 petrol,28130,2022,893000,petrol,1,white,suv,manual,2022,4,hyundai_venue
faridabad,volkswagen,polo,comfortline 1.0l (p),68859,2019,459000,petrol,2,grey,hatchback,manual,2019,7,volkswagen_polo
faridabad,maruti suzuki,ciaz,zeta 1.5 at,29754,2022,926000,petrol,1,grey,sedan,automatic,2022,4,maruti suzuki_ciaz
faridabad,mercedes-benz,c-class,c 200 avantgarde,41783,2016,1817858,petrol,2,white,sedan,automatic,2016,10,mercedes-benz_c-class
faridabad,tata,altroz,xza plus petrol dark edtion,22502,2022,767000,petrol,1,black,hatchback,automatic,2022,4,tata_altroz
faridabad,toyota,fortuner,2.7 2wd mt petrol,41409,2016,1908758,petrol,2,white,suv,manual,2016,10,toyota_fortuner
faridabad,mercedes-benz,e-class,e200 cgi,62827,2015,1666358,petrol,2,black,sedan,automatic,2016,11,mercedes-benz_e-class
faridabad,bmw,3 series,gran limousine 330li luxury line,26502,2021,3736858,petrol,2,white,sedan,automatic,2022,5,bmw_3 series
faridabad,toyota,fortuner,2.7 2wd at petrol,81108,2018,2211758,petrol,1,silver,suv,automatic,2018,8,toyota_fortuner
faridabad,honda,jazz,v petrol,100231,2016,358000,petrol,2,silver,hatchback,manual,2016,10,honda_jazz
faridabad,kia,sonet,htx 1.0 imt,47066,2021,845000,petrol,1,silver,suv,manual,2021,5,kia_sonet
faridabad,hyundai,fluidic verna 4s,1.6 vtvt sx,65237,2015,531000,petrol,1,grey,sedan,manual,2015,11,hyundai_fluidic verna 4s
faridabad,maruti suzuki,dzire,vxi,23989,2019,557000,petrol,1,silver,sedan,manual,2019,7,maruti suzuki_dzire
faridabad,maruti suzuki,swift,vxi,60098,2014,317000,petrol,1,grey,hatchback,manual,2014,12,maruti suzuki_swift
faridabad,renault,kwid,climber 1.0 amt,54659,2018,309000,petrol,2,blue,hatchback,automatic,2018,8,renault_kwid
faridabad,maruti suzuki,wagon r 1.0,lxi cng,104044,2017,342000,petrol+cng,1,white,hatchback,manual,2017,9,maruti suzuki_wagon r 1.0
faridabad,hyundai,venue,sx plus 1.0 turbo dct,47532,2019,810000,petrol,1,red,suv,automatic,2019,7,hyundai_venue
faridabad,maruti suzuki,celerio,vxi amt,83263,2014,271000,petrol,2,red,hatchback,automatic,2014,12,maruti suzuki_celerio
faridabad,honda,city,v,45789,2015,518000,petrol,1,red,sedan,manual,2015,11,honda_city
faridabad,honda,city,v,44915,2016,562000,petrol,1,grey,sedan,manual,2016,10,honda_city
faridabad,tata,tiago,revotron xz,79204,2017,331000,petrol,2,orange,hatchback,manual,2017,9,tata_tiago
faridabad,tata,altroz,xm plus petrol,20337,2022,585000,petrol,1,grey,hatchback,manual,2022,4,tata_altroz
faridabad,kia,sonet,htx 1.0 imt,29861,2022,915000,petrol,1,grey,suv,manual,2022,4,kia_sonet
faridabad,hyundai,eon,magna +,45475,2014,235000,petrol,1,white,hatchback,manual,2015,12,hyundai_eon
faridabad,ford,ecosport,titanium 1.5l ti-vct,32751,2017,514000,petrol,2,white,suv,manual,2017,9,ford_ecosport
faridabad,renault,kiger,rxz turbo cvt dual tone,12042,2022,884000,petrol,1,red,suv,automatic,2022,4,renault_kiger
faridabad,ford,ecosport,titanium 1.5 ti-vct at,79037,2015,460000,petrol,2,black,suv,automatic,2015,11,ford_ecosport
faridabad,kia,seltos,htk plus g,27180,2021,931000,petrol,2,grey,suv,manual,2021,5,kia_seltos
faridabad,maruti suzuki,ciaz,alpha hybrid 1.5,45963,2019,695000,petrol,1,grey,sedan,manual,2019,7,maruti suzuki_ciaz
faridabad,maruti suzuki,wagon r,lxi,74379,2015,269000,petrol,1,silver,hatchback,manual,2015,11,maruti suzuki_wagon r
faridabad,maruti suzuki,ciaz,vxi+,54927,2016,483000,petrol,1,silver,sedan,manual,2016,10,maruti suzuki_ciaz
faridabad,maruti suzuki,swift dzire,vxi,65317,2014,307000,petrol,2,blue,sedan,manual,2014,12,maruti suzuki_swift dzire
faridabad,kia,seltos,htx ivt g,109810,2020,1041000,petrol,1,silver,suv,automatic,2020,6,kia_seltos
faridabad,mahindra,xuv700,ax 5 petrol mt 5 str,20024,2022,1546213,petrol,1,blue,suv,manual,2022,4,mahindra_xuv700
faridabad,hyundai,creta,1.6 sx at vtvt,93654,2018,855000,petrol,1,grey,suv,automatic,2018,8,hyundai_creta
faridabad,maruti suzuki,baleno,alpha ags,23721,2023,829000,petrol,1,grey,hatchback,automatic,2023,3,maruti suzuki_baleno
faridabad,hyundai,elite i20,sportz 1.2,13214,2015,456000,petrol,1,blue,hatchback,manual,2015,11,hyundai_elite i20
faridabad,hyundai,xcent,s 1.2,57671,2014,332000,petrol,1,red,sedan,manual,2014,12,hyundai_xcent
faridabad,hyundai,creta,1.6 sx plus petrol,59834,2018,751000,petrol,2,silver,suv,manual,2018,8,hyundai_creta
faridabad,maruti suzuki,s-cross,alpha at,47627,2021,966000,petrol,1,grey,suv,automatic,2021,5,maruti suzuki_s-cross
faridabad,maruti suzuki,ignis,zeta 1.2 mt,59604,2021,536000,petrol,1,white,hatchback,manual,2021,5,maruti suzuki_ignis
faridabad,hyundai,aura,sx 1.2 cng,30292,2023,712000,cng,1,grey,sedan,manual,2023,3,hyundai_aura
faridabad,ford,figo aspire,titanium 1.2 ti-vct,59107,2016,358000,petrol,1,white,sedan,manual,2016,10,ford_figo aspire
faridabad,renault,kiger,rxz turbo cvt dual tone,11264,2022,887000,petrol,1,yellow,suv,automatic,2023,4,renault_kiger
faridabad,hyundai,creta,1.6l sx vtvt,50028,2019,797000,petrol,2,red,suv,manual,2019,7,hyundai_creta
faridabad,maruti suzuki,wagon r 1.0,lxi cng,91477,2017,327000,petrol+cng,1,silver,hatchback,manual,2017,9,maruti suzuki_wagon r 1.0
faridabad,maruti suzuki,s-cross,zeta,28517,2022,876000,petrol,1,silver,suv,manual,2022,4,maruti suzuki_s-cross
faridabad,maruti suzuki,dzire,zxi plus ags,33354,2021,643000,petrol,2,red,sedan,automatic,2021,5,maruti suzuki_dzire
faridabad,mahindra,xuv700,ax 7 petrol mt 7 str,32898,2022,1696000,petrol,1,blue,suv,manual,2022,4,mahindra_xuv700
faridabad,hyundai,grand i10,asta 1.2 kappa vtvt,41296,2014,329000,petrol,1,silver,hatchback,manual,2014,12,hyundai_grand i10
faridabad,maruti suzuki,swift,lxi (o),56364,2017,388000,petrol,1,silver,hatchback,manual,2017,9,maruti suzuki_swift
faridabad,tata,tigor,revotron xza plus amt,42505,2023,676000,petrol,1,blue,sedan,automatic,2023,3,tata_tigor
faridabad,honda,city,vx cvt,114715,2015,550000,petrol,1,white,sedan,automatic,2015,11,honda_city
faridabad,tata,punch,creative dual tone,19102,2023,793000,petrol,1,beige,suv,manual,2023,3,tata_punch
faridabad,hyundai,creta,1.6 sx plus auto petrol,95356,2017,761000,petrol,1,red,suv,automatic,2017,9,hyundai_creta
faridabad,maruti suzuki,baleno,delta 1.2,22071,2018,527000,petrol,1,blue,hatchback,manual,2018,8,maruti suzuki_baleno
faridabad,renault,kiger,rxt (o) turbo mt,9132,2022,700000,petrol,1,brown,suv,manual,2023,4,renault_kiger
faridabad,maruti suzuki,baleno,zeta automatic,53606,2021,591000,petrol,2,red,hatchback,automatic,2021,5,maruti suzuki_baleno
faridabad,nissan,micra,xl cvt,91800,2016,322000,petrol,1,blue,hatchback,automatic,2016,10,nissan_micra
faridabad,mahindra,thar,lx hard top diesel at 4wd,52426,2021,1263413,diesel,1,brown,suv,automatic,2021,5,mahindra_thar
faridabad,maruti suzuki,alto 800,lxi (o) cng,37988,2021,407000,cng,1,white,hatchback,manual,2021,5,maruti suzuki_alto 800
faridabad,tata,altroz,xz plus 1.2,25828,2022,730000,petrol,1,red,hatchback,manual,2022,4,tata_altroz
faridabad,maruti suzuki,swift,zxi,89447,2015,361000,petrol,2,silver,hatchback,manual,2015,11,maruti suzuki_swift
faridabad,maruti suzuki,baleno,alpha,18474,2019,602000,petrol,1,blue,hatchback,manual,2019,7,maruti suzuki_baleno
faridabad,kia,sonet,htx 1.0 imt,37733,2021,840000,petrol,1,white,suv,manual,2021,5,kia_sonet
faridabad,ford,ecosport,titanium + 1.5l ti-vct at,34269,2018,661000,petrol,2,red,suv,automatic,2018,8,ford_ecosport
faridabad,hyundai,grand i10,sportz 1.2 kappa vtvt,43181,2015,342000,petrol,2,blue,hatchback,manual,2015,11,hyundai_grand i10
faridabad,hyundai,new santro 1.1,magna,32508,2019,408000,petrol,1,silver,hatchback,manual,2019,7,hyundai_new santro 1.1
faridabad,renault,triber,rxt,66088,2022,512000,petrol,1,silver,muv,manual,2022,4,renault_triber
faridabad,tata,nexon,xz plus,46804,2020,726000,petrol,1,silver,suv,manual,2020,6,tata_nexon
faridabad,tata,altroz,xt 1.2,17427,2023,667000,petrol,1,grey,hatchback,manual,2023,3,tata_altroz
faridabad,renault,triber,rxz,29991,2022,583000,petrol,1,silver,muv,manual,2022,4,renault_triber
faridabad,honda,city,vx,86855,2014,466000,petrol,1,red,sedan,manual,2014,12,honda_city
faridabad,hyundai,venue,sx 1.2 petrol,49598,2023,896000,petrol,1,black,suv,manual,2023,3,hyundai_venue
faridabad,ford,ecosport,trend+ 1.0l ecoboost,95338,2016,414000,petrol,2,bronze,suv,manual,2016,10,ford_ecosport
faridabad,tata,nexon,xz plus,58617,2017,593000,petrol,1,red,suv,manual,2017,9,tata_nexon
faridabad,maruti suzuki,brezza,zxi,24867,2022,957000,petrol,1,white,suv,manual,2022,4,maruti suzuki_brezza
faridabad,maruti suzuki,baleno,delta 1.2,41847,2016,442000,petrol,1,white,hatchback,manual,2016,10,maruti suzuki_baleno
faridabad,honda,amaze,1.2 ex i-vtec,59495,2013,272000,petrol,1,silver,sedan,manual,2013,13,honda_amaze
faridabad,mahindra,thar,lx hard top petrol at 4wd,45375,2021,1253215,petrol,1,black,suv,automatic,2021,5,mahindra_thar
faridabad,ford,ecosport,titanium + 1.5l ti-vct at,84092,2018,651000,petrol,1,grey,suv,automatic,2018,8,ford_ecosport
faridabad,maruti suzuki,baleno,delta 1.2,51510,2016,432000,petrol,1,grey,hatchback,manual,2017,10,maruti suzuki_baleno
faridabad,ford,ecosport,titanium + 1.5l ti-vct at,60092,2018,704000,petrol,1,silver,suv,automatic,2018,8,ford_ecosport
faridabad,honda,amaze,1.2 s i-vtec opt,95261,2017,401000,petrol,1,white,sedan,manual,2017,9,honda_amaze
faridabad,renault,triber,rxz amt,40403,2021,549000,petrol,2,blue,muv,automatic,2021,5,renault_triber
faridabad,mahindra,thar,lx 4 str convertible petrol at 4wd,34388,2022,1289098,petrol,1,red,suv,automatic,2022,4,mahindra_thar
faridabad,maruti suzuki,ignis,zeta 1.2 amt,95256,2022,534000,petrol,1,grey,hatchback,automatic,2022,4,maruti suzuki_ignis
faridabad,maruti suzuki,grand vitara,delta smart hybrid,40938,2023,1045253,petrol,1,silver,suv,manual,2023,3,maruti suzuki_grand vitara
faridabad,hyundai,elite i20,magna 1.2,96781,2014,357000,petrol,1,red,hatchback,manual,2014,12,hyundai_elite i20
faridabad,tata,nexon,xm,79741,2019,529000,petrol,1,blue,suv,manual,2019,7,tata_nexon
faridabad,mahindra,xuv700,ax 7 diesel at awd luxury pack 7 str,42221,2022,2182513,diesel,1,blue,suv,automatic,2022,4,mahindra_xuv700
faridabad,hyundai,grand i10,magna 1.2 kappa vtvt,50601,2014,298000,petrol,1,grey,hatchback,manual,2014,12,hyundai_grand i10
faridabad,tata,nexon,xz plus (premium),19342,2022,915000,petrol,1,grey,suv,manual,2022,4,tata_nexon
faridabad,maruti suzuki,baleno,zeta mt,78363,2023,678000,petrol,1,blue,hatchback,manual,2023,3,maruti suzuki_baleno
faridabad,tata,harrier,xza plus,51994,2021,1253313,diesel,2,white,suv,automatic,2021,5,tata_harrier
faridabad,honda,amaze,vx mt 1.2 petrol,26750,2022,717000,petrol,1,white,sedan,manual,2023,4,honda_amaze
faridabad,maruti suzuki,baleno,alpha,38822,2020,639000,petrol,1,grey,hatchback,manual,2020,6,maruti suzuki_baleno
faridabad,tata,punch,accomplished mt petrol + cng(outside fitted),62412,2022,596000,cng,1,grey,suv,manual,2022,4,tata_punch
faridabad,maruti suzuki,swift,zxi amt,47885,2020,613000,petrol,1,grey,hatchback,automatic,2020,6,maruti suzuki_swift
faridabad,honda,city,v cvt,76432,2017,619000,petrol,2,grey,sedan,automatic,2017,9,honda_city
faridabad,maruti suzuki,alto 800,lxi (o) cng,35551,2022,417000,cng,1,white,hatchback,manual,2023,4,maruti suzuki_alto 800
faridabad,tata,altroz,xz 1.2,116172,2020,526000,petrol,1,white,hatchback,manual,2020,6,tata_altroz
faridabad,maruti suzuki,baleno,delta 1.2,45492,2016,419000,petrol,1,silver,hatchback,manual,2016,10,maruti suzuki_baleno
faridabad,maruti suzuki,wagon r,vxi 1.0 cng,43990,2024,581000,cng,1,grey,hatchback,manual,2024,2,maruti suzuki_wagon r
faridabad,nissan,magnite,xv,8787,2024,720000,petrol,1,silver,suv,manual,2024,2,nissan_magnite
faridabad,hyundai,grand i10 nios,sportz 1.2 kappa cng,20831,2023,708000,cng,1,white,hatchback,manual,2023,3,hyundai_grand i10 nios
faridabad,hyundai,elite i20,sportz 1.2,49347,2017,468000,petrol,2,white,hatchback,manual,2017,9,hyundai_elite i20
faridabad,honda,amaze,1.2 vx i-vtec,115829,2013,260000,petrol,1,blue,sedan,manual,2013,13,honda_amaze
faridabad,honda,amaze,1.2 vx mt petrol,43482,2019,599000,petrol,1,white,sedan,manual,2020,7,honda_amaze
faridabad,hyundai,creta,1.6 sx plus auto petrol,75170,2016,601000,petrol,3,blue,suv,automatic,2016,10,hyundai_creta
faridabad,maruti suzuki,baleno,sigma mt,10462,2024,658000,petrol,1,silver,hatchback,manual,2024,2,maruti suzuki_baleno
faridabad,maruti suzuki,alto 800,vxi,16461,2022,377000,petrol,1,grey,hatchback,manual,2022,4,maruti suzuki_alto 800
faridabad,renault,kwid,rxl,22986,2019,312000,petrol,1,grey,hatchback,manual,2019,7,renault_kwid
faridabad,hyundai,creta,ex petrol,21972,2023,1054343,petrol,1,black,suv,manual,2023,3,hyundai_creta
faridabad,maruti suzuki,s-presso,vxi plus,34132,2022,412000,petrol,1,grey,hatchback,manual,2022,4,maruti suzuki_s-presso
faridabad,toyota,urban cruiser hyryder,v hybrid,34285,2022,1635093,hybrid,1,red,suv,automatic,2023,4,toyota_urban cruiser hyryder
faridabad,renault,duster,rxl petrol,61684,2017,481000,petrol,1,grey,suv,manual,2017,9,renault_duster
faridabad,maruti suzuki,vitara brezza,zxi plus,41286,2020,678000,petrol,2,white,suv,manual,2020,6,maruti suzuki_vitara brezza
faridabad,renault,kwid,1.0 rxt,76568,2016,227000,petrol,2,silver,hatchback,manual,2016,10,renault_kwid
faridabad,maruti suzuki,wagon r 1.0,lxi (o) cng,100050,2021,443000,petrol+cng,1,grey,hatchback,manual,2021,5,maruti suzuki_wagon r 1.0
faridabad,maruti suzuki,wagon r 1.2,vxi 1.2,63112,2019,384000,petrol,1,grey,hatchback,manual,2019,7,maruti suzuki_wagon r 1.2
ghaziabad,maruti suzuki,wagon r,lxi cng,102528,2016,312000,cng,1,white,hatchback,manual,2016,10,maruti suzuki_wagon r
ghaziabad,maruti suzuki,swift,vxi,17064,2023,639000,petrol,1,silver,hatchback,manual,2023,3,maruti suzuki_swift
ghaziabad,tata,tigor,revotron xz+,41659,2019,464000,petrol,1,blue,sedan,manual,2019,7,tata_tigor
ghaziabad,maruti suzuki,ignis,delta 1.2 amt,28147,2018,418000,petrol,2,grey,hatchback,automatic,2019,8,maruti suzuki_ignis
ghaziabad,mercedes-benz,gla,200,53446,2022,3484358,petrol,1,blue,suv,automatic,2022,4,mercedes-benz_gla
ghaziabad,tata,nexon,xma amt petrol,104710,2018,516000,petrol,1,white,suv,automatic,2018,8,tata_nexon
ghaziabad,maruti suzuki,wagon r,lxi cng (o),32261,2019,428000,cng,1,grey,hatchback,manual,2019,7,maruti suzuki_wagon r
ghaziabad,maruti suzuki,wagon r 1.0,lxi cng (outside fitted),93109,2014,215000,cng,2,white,hatchback,manual,2014,12,maruti suzuki_wagon r 1.0
ghaziabad,jeep,compass,limited 1.4 petrol at,47358,2018,950000,petrol,2,black,suv,automatic,2018,8,jeep_compass
ghaziabad,jeep,compass,model s (o) 2.0 diesel,56613,2021,1615858,diesel,1,white,suv,manual,2022,5,jeep_compass
ghaziabad,maruti suzuki,ciaz,delta 1.4 mt,41137,2018,599000,petrol,1,grey,sedan,manual,2018,8,maruti suzuki_ciaz
ghaziabad,tata,altroz,xz petrol,64430,2020,493000,petrol,2,grey,hatchback,manual,2020,6,tata_altroz
ghaziabad,audi,a3,40 tfsi premium,33576,2015,1211858,petrol,1,blue,sedan,automatic,2015,11,audi_a3
ghaziabad,toyota,innova crysta,zx 2.7 at 7 str,26219,2022,2052125,petrol,1,black,muv,automatic,2022,4,toyota_innova crysta
ghaziabad,maruti suzuki,swift,lxi,17909,2023,566000,petrol,1,white,hatchback,manual,2023,3,maruti suzuki_swift
ghaziabad,maruti suzuki,baleno,zeta ags,29956,2022,723000,petrol,1,silver,hatchback,automatic,2022,4,maruti suzuki_baleno
ghaziabad,nissan,magnite,xv premium turbo,39591,2022,744000,petrol,1,brown,suv,manual,2022,4,nissan_magnite
ghaziabad,hyundai,grand i10,sportz (o) 1.2 kappa vtvt,44911,2018,419000,petrol,2,red,hatchback,manual,2018,8,hyundai_grand i10
ghaziabad,audi,a6,45 tfsi premium plus,36555,2021,4029758,petrol,1,black,sedan,automatic,2021,5,audi_a6
ghaziabad,hyundai,grand i10,asta 1.2 kappa vtvt,20726,2017,462000,petrol,1,white,hatchback,manual,2017,9,hyundai_grand i10
ghaziabad,audi,q3,technology,21088,2023,4039858,petrol,1,white,suv,automatic,2023,3,audi_q3
ghaziabad,volkswagen,polo,comfortline 1.2l (p),78462,2015,378000,petrol,1,white,hatchback,manual,2015,11,volkswagen_polo
ghaziabad,jeep,compass,model s (o) diesel 4x4 at,52944,2021,1706758,diesel,1,grey,suv,automatic,2021,5,jeep_compass
ghaziabad,maruti suzuki,swift,zxi,94065,2014,342000,petrol,1,grey,hatchback,manual,2014,12,maruti suzuki_swift
ghaziabad,tata,tiago,revotron xza plus dual tone,93329,2019,465000,petrol,1,grey,hatchback,automatic,2020,7,tata_tiago
ghaziabad,mercedes-benz,c-class,c 200 avantgarde,41783,2016,1817858,petrol,2,white,sedan,automatic,2016,10,mercedes-benz_c-class
ghaziabad,jeep,compass,sport 1.4 petrol,25533,2021,1262358,petrol,1,white,suv,manual,2021,5,jeep_compass
ghaziabad,kia,seltos,htk plus at d,45374,2020,978000,diesel,2,white,suv,automatic,2020,6,kia_seltos
ghaziabad,tata,nexon,xm plus (s),49076,2022,736000,petrol,1,grey,suv,manual,2022,4,tata_nexon
ghaziabad,kia,seltos,gtx plus at d,100645,2021,1243213,diesel,1,grey,suv,automatic,2021,5,kia_seltos
ghaziabad,hyundai,creta,1.6 sx plus petrol,75160,2015,617000,petrol,2,grey,suv,manual,2015,11,hyundai_creta
ghaziabad,mahindra,xuv 300,w8 (o) petrol,20159,2022,979000,petrol,1,blue,suv,manual,2022,4,mahindra_xuv 300
ghaziabad,honda,city,v,76671,2015,441000,petrol,2,brown,sedan,manual,2015,11,honda_city
ghaziabad,honda,city,zx cvt petrol,53201,2017,786000,petrol,1,silver,sedan,automatic,2017,9,honda_city
ghaziabad,hyundai,creta,s 1.5 petrol imt,51411,2022,1047228,petrol,1,white,suv,manual,2022,4,hyundai_creta
ghaziabad,audi,a4,premium plus 40 tfsi,2472,2024,4039858,petrol,1,black,sedan,automatic,2024,2,audi_a4
ghaziabad,jeep,compass,model s (o) diesel 4x4 at,46666,2021,1681508,diesel,1,black,suv,automatic,2021,5,jeep_compass
ghaziabad,mercedes-benz,e-class,e200 cgi,62827,2015,1666358,petrol,2,black,sedan,automatic,2016,11,mercedes-benz_e-class
ghaziabad,bmw,3 series,gran limousine 330li luxury line,26502,2021,3736858,petrol,2,white,sedan,automatic,2022,5,bmw_3 series
ghaziabad,honda,city,zx cvt petrol,72312,2017,751000,petrol,1,silver,sedan,automatic,2017,9,honda_city
ghaziabad,hyundai,grand i10,asta 1.2 kappa vtvt,63968,2017,434000,petrol,1,white,hatchback,manual,2017,9,hyundai_grand i10
ghaziabad,hyundai,new santro 1.1,sportz mt,73230,2019,398000,petrol,1,grey,hatchback,manual,2019,7,hyundai_new santro 1.1
ghaziabad,maruti suzuki,xl6,zeta mt petrol,17067,2022,976000,petrol,1,blue,muv,manual,2022,4,maruti suzuki_xl6
ghaziabad,honda,amaze,1.2 v cvt petrol,52435,2019,619000,petrol,1,white,sedan,automatic,2019,7,honda_amaze
ghaziabad,maruti suzuki,ciaz,delta 1.4 mt,80190,2018,552000,petrol,1,silver,sedan,manual,2018,8,maruti suzuki_ciaz
ghaziabad,maruti suzuki,ciaz,zxi,55865,2015,445000,petrol,2,white,sedan,manual,2015,11,maruti suzuki_ciaz
ghaziabad,renault,kiger,rxz amt,28133,2022,624000,petrol,2,brown,suv,automatic,2022,4,renault_kiger
ghaziabad,tata,altroz,xe 1.5,46309,2021,595000,diesel,1,white,hatchback,manual,2021,5,tata_altroz
ghaziabad,maruti suzuki,s-cross,zeta,20096,2022,879000,petrol,1,silver,suv,manual,2022,4,maruti suzuki_s-cross
ghaziabad,honda,amaze,1.2 vx i-vtec,83765,2015,343000,petrol,2,silver,sedan,manual,2015,11,honda_amaze
ghaziabad,hyundai,xcent,s 1.2 (o),64493,2014,339000,petrol,1,white,sedan,manual,2014,12,hyundai_xcent
ghaziabad,volkswagen,polo,allstar 1.2 (p),90376,2016,353000,petrol,3,red,hatchback,manual,2016,10,volkswagen_polo
ghaziabad,toyota,fortuner,2.7 2wd at petrol,81108,2018,2211758,petrol,1,silver,suv,automatic,2018,8,toyota_fortuner
ghaziabad,toyota,fortuner,2.7 2wd mt petrol,41409,2016,1908758,petrol,2,white,suv,manual,2016,10,toyota_fortuner
ghaziabad,maruti suzuki,ciaz,vxi+,44222,2016,464000,petrol,1,brown,sedan,manual,2016,10,maruti suzuki_ciaz
ghaziabad,maruti suzuki,baleno,zeta 1.2 at,69858,2017,477000,petrol,2,silver,hatchback,automatic,2017,9,maruti suzuki_baleno
ghaziabad,hyundai,grand i10,sportz 1.2 kappa vtvt,50612,2017,426000,petrol,1,grey,hatchback,manual,2017,9,hyundai_grand i10
ghaziabad,ford,ecosport,s petrol,65176,2019,707000,petrol,1,white,suv,manual,2019,7,ford_ecosport
ghaziabad,maruti suzuki,s-cross,zeta,60557,2021,733000,petrol,1,blue,suv,manual,2021,5,maruti suzuki_s-cross
ghaziabad,renault,kwid,rxl,16724,2019,316000,petrol,1,bronze,hatchback,manual,2020,7,renault_kwid
ghaziabad,kia,seltos,gtx plus,69263,2019,1165398,petrol,1,white,suv,manual,2019,7,kia_seltos
ghaziabad,honda,city,vx cvt,87929,2015,583000,petrol,1,maroon,sedan,automatic,2015,11,honda_city
ghaziabad,maruti suzuki,ciaz,zxi+,89024,2015,458000,petrol,1,brown,sedan,manual,2015,11,maruti suzuki_ciaz
ghaziabad,kia,sonet,htx plus 1.0 imt,28654,2022,1051284,petrol,1,red,suv,manual,2022,4,kia_sonet
ghaziabad,hyundai,new santro 1.1,sportz executive cng,84628,2022,490000,petrol+cng,1,grey,hatchback,manual,2022,4,hyundai_new santro 1.1
ghaziabad,hyundai,venue,sx plus 1.0 turbo dct,38698,2020,879000,petrol,1,blue,suv,automatic,2020,6,hyundai_venue
ghaziabad,mahindra,xuv500,w9 at,86899,2020,1088585,diesel,1,black,suv,automatic,2020,6,mahindra_xuv500
ghaziabad,ford,ecosport,titanium 1.5l ti-vct,94601,2019,571000,petrol,2,grey,suv,manual,2019,7,ford_ecosport
ghaziabad,tata,punch,creative dual tone,30940,2022,714000,petrol,1,green,suv,manual,2022,4,tata_punch
ghaziabad,hyundai,grand i10,sportz 1.2 kappa vtvt,20378,2014,347000,petrol,1,silver,hatchback,manual,2014,12,hyundai_grand i10
ghaziabad,hyundai,creta,1.6 sx plus auto petrol,91869,2017,759000,petrol,1,silver,suv,automatic,2017,9,hyundai_creta
ghaziabad,honda,city,sv cvt,71629,2014,419000,petrol,2,grey,sedan,automatic,2014,12,honda_city
ghaziabad,honda,city,zx cvt petrol,51109,2017,794000,petrol,1,grey,sedan,automatic,2017,9,honda_city
ghaziabad,maruti suzuki,vitara brezza,zxi plus,45625,2022,878000,petrol,1,white,suv,manual,2022,4,maruti suzuki_vitara brezza
ghaziabad,renault,duster,rxs cvt,58769,2019,623000,petrol,1,bronze,suv,automatic,2019,7,renault_duster
ghaziabad,honda,amaze,1.2 vx i-vtec,89233,2015,326000,petrol,2,brown,sedan,manual,2015,11,honda_amaze
ghaziabad,maruti suzuki,grand vitara,alpha plus intelligent hybrid ecvt,32196,2023,1645148,hybrid,1,black,suv,automatic,2023,3,maruti suzuki_grand vitara
ghaziabad,hyundai,elite i20,sportz 1.2,47583,2015,412000,petrol,2,silver,hatchback,manual,2015,11,hyundai_elite i20
ghaziabad,renault,kiger,rxz 1.0 turbo mt dual tone,49451,2021,600000,petrol,2,blue,suv,manual,2021,5,renault_kiger
ghaziabad,hyundai,i20 active,1.2 sx,51352,2016,461000,petrol,2,brown,crossover,manual,2016,10,hyundai_i20 active
ghaziabad,honda,city,v,45642,2015,494000,petrol,1,brown,sedan,manual,2015,11,honda_city
ghaziabad,tata,tiago,xz plus cng,21344,2023,697000,cng,1,grey,hatchback,manual,2024,3,tata_tiago
ghaziabad,renault,kwid,rxt 1.0 (o),57828,2022,389000,petrol,1,red,hatchback,manual,2022,4,renault_kwid
ghaziabad,tata,safari,xz plus dark edition,99841,2022,1536015,diesel,1,black,suv,manual,2022,4,tata_safari
ghaziabad,renault,kwid,rxl,36394,2021,351000,petrol,1,red,hatchback,manual,2021,5,renault_kwid
ghaziabad,hyundai,creta,sx (o) at diesel,83347,2021,1273468,diesel,1,black,suv,automatic,2021,5,hyundai_creta
ghaziabad,maruti suzuki,ciaz,delta 1.4 mt,33258,2018,589000,petrol,1,silver,sedan,manual,2018,8,maruti suzuki_ciaz
ghaziabad,nissan,magnite,xl,23860,2022,573000,petrol,1,black,suv,manual,2022,4,nissan_magnite
ghaziabad,hyundai,creta n-line,n10 1.5 turbo mt,6368,2024,1839113,petrol,1,black,suv,manual,2024,2,hyundai_creta n-line
ghaziabad,renault,kwid,rxt 1.0 sce edition,45108,2016,270000,petrol,1,grey,hatchback,manual,2016,10,renault_kwid
ghaziabad,hyundai,xcent,s 1.2,75401,2014,319000,petrol,1,silver,sedan,manual,2014,12,hyundai_xcent
ghaziabad,maruti suzuki,swift,vxi amt,83504,2019,521000,petrol,1,grey,hatchback,automatic,2019,7,maruti suzuki_swift
ghaziabad,honda,amaze,1.2 sx i-vtec,23447,2015,356000,petrol,1,brown,sedan,manual,2015,11,honda_amaze
ghaziabad,nissan,magnite,xv premium turbo cvt,19218,2022,762000,petrol,2,silver,suv,automatic,2022,4,nissan_magnite
ghaziabad,renault,duster,rxz 1.5 petrol mt,61167,2021,713000,petrol,1,grey,suv,manual,2021,5,renault_duster
ghaziabad,honda,city,v,81835,2016,482000,petrol,2,brown,sedan,manual,2016,10,honda_city
ghaziabad,hyundai,grand i10,magna 1.2 kappa vtvt,60662,2014,317000,petrol,1,silver,hatchback,manual,2014,12,hyundai_grand i10
ghaziabad,hyundai,verna,sx 1.5 mpi,69872,2021,791000,petrol,2,white,sedan,manual,2021,5,hyundai_verna
ghaziabad,honda,jazz,zx,52014,2022,710000,petrol,1,brown,hatchback,manual,2022,4,honda_jazz
ghaziabad,nissan,micra,xv cvt,41970,2016,384000,petrol,1,silver,hatchback,automatic,2016,10,nissan_micra
ghaziabad,maruti suzuki,dzire,vxi,19396,2022,642000,petrol,1,grey,sedan,manual,2022,4,maruti suzuki_dzire
ghaziabad,hyundai,elite i20,sportz 1.2,63293,2016,428000,petrol,2,grey,hatchback,manual,2017,10,hyundai_elite i20
ghaziabad,kia,seltos,gtx dct,60978,2019,1150248,petrol,1,silver,suv,automatic,2019,7,kia_seltos
ghaziabad,hyundai,grand i10,sportz 1.2 kappa vtvt,22771,2014,349000,petrol,1,silver,hatchback,manual,2014,12,hyundai_grand i10
ghaziabad,maruti suzuki,wagon r 1.0,vxi amt,33547,2017,360000,petrol,2,grey,hatchback,automatic,2017,9,maruti suzuki_wagon r 1.0
ghaziabad,maruti suzuki,swift,vxi amt,34414,2020,573000,petrol,1,white,hatchback,automatic,2020,6,maruti suzuki_swift
ghaziabad,tata,altroz,xz 1.2,91680,2021,551000,petrol,1,white,hatchback,manual,2021,5,tata_altroz
ghaziabad,renault,kwid,climber,22012,2023,475000,petrol,1,silver,hatchback,manual,2023,3,renault_kwid
ghaziabad,honda,city,vx cvt,121994,2016,565000,petrol,1,grey,sedan,automatic,2016,10,honda_city
ghaziabad,hyundai,venue,sx 1.0 turbo imt,24123,2020,780000,petrol,1,white,suv,manual,2020,6,hyundai_venue
ghaziabad,hyundai,xcent,s 1.2,56217,2016,362000,petrol,1,blue,sedan,manual,2016,10,hyundai_xcent
ghaziabad,honda,amaze,1.2 vx i-vtec,41202,2016,427000,petrol,2,red,sedan,manual,2016,10,honda_amaze
ghaziabad,hyundai,grand i10,asta 1.2 kappa vtvt,40495,2017,464000,petrol,1,white,hatchback,manual,2017,9,hyundai_grand i10
ghaziabad,tata,altroz,xz plus petrol,19298,2022,719000,petrol,1,grey,hatchback,manual,2022,4,tata_altroz
ghaziabad,nissan,magnite,xl,36089,2021,522000,petrol,1,brown,suv,manual,2021,5,nissan_magnite
ghaziabad,honda,amaze,1.2 s i-vtec,42765,2013,274000,petrol,2,silver,sedan,manual,2013,13,honda_amaze
ghaziabad,maruti suzuki,baleno,delta,49137,2021,571000,petrol,1,white,hatchback,manual,2021,5,maruti suzuki_baleno
ghaziabad,maruti suzuki,s-cross,alpha at,96101,2021,819000,petrol,1,white,suv,automatic,2021,5,maruti suzuki_s-cross
ghaziabad,honda,city,zx cvt petrol,64636,2021,970000,petrol,2,silver,sedan,automatic,2021,5,honda_city
ghaziabad,hyundai,creta,sx+ se,47912,2017,771000,petrol,1,white,suv,manual,2017,9,hyundai_creta
ghaziabad,tata,tigor,revotron xz+ cng,52529,2022,636000,petrol+cng,1,grey,sedan,manual,2022,4,tata_tigor
ghaziabad,hyundai,verna,sx (o) 1.6 vtvt at,54548,2018,874000,petrol,1,grey,sedan,automatic,2018,8,hyundai_verna
ghaziabad,maruti suzuki,baleno,alpha 1.2,89955,2017,479000,petrol,1,grey,hatchback,manual,2017,9,maruti suzuki_baleno
ghaziabad,honda,city,zx cvt,121907,2017,709000,petrol,1,brown,sedan,automatic,2017,9,honda_city
ghaziabad,maruti suzuki,baleno,alpha 1.2,53728,2017,500000,petrol,1,red,hatchback,manual,2017,9,maruti suzuki_baleno
ghaziabad,hyundai,creta,sx (o) diesel,34985,2022,1460000,diesel,1,black,suv,manual,2022,4,hyundai_creta
ghaziabad,renault,kiger,rxz mt,58839,2021,576000,petrol,1,silver,suv,manual,2021,5,renault_kiger
ghaziabad,honda,city,1.5 v mt,74131,2012,322000,petrol,1,silver,sedan,manual,2012,14,honda_city
ghaziabad,hyundai,xcent,s 1.2,27807,2014,315000,petrol,2,silver,sedan,manual,2014,12,hyundai_xcent
ghaziabad,renault,kwid,rxl,10988,2020,347000,petrol,1,blue,hatchback,manual,2020,6,renault_kwid
ghaziabad,honda,brio,s mt,69764,2013,249000,petrol,1,brown,hatchback,manual,2013,13,honda_brio
ghaziabad,maruti suzuki,s-presso,vxi plus (o),7704,2024,488000,petrol,1,white,hatchback,manual,2025,2,maruti suzuki_s-presso
ghaziabad,hyundai,elite i20,sportz 1.2,41597,2014,405000,petrol,1,blue,hatchback,manual,2014,12,hyundai_elite i20
ghaziabad,honda,city,vx cvt,80090,2017,729000,petrol,1,grey,sedan,automatic,2017,9,honda_city
ghaziabad,hyundai,grand i10,sportz 1.2 kappa vtvt,33738,2019,490000,petrol,1,grey,hatchback,manual,2019,7,hyundai_grand i10
ghaziabad,kia,seltos,gtx plus,55826,2020,1234000,petrol,1,red,suv,manual,2020,6,kia_seltos
ghaziabad,honda,brio,s mt,58830,2013,250000,petrol,1,brown,hatchback,manual,2013,13,honda_brio
ghaziabad,maruti suzuki,ignis,zeta 1.2 mt,19637,2022,517000,petrol,2,white,hatchback,manual,2023,4,maruti suzuki_ignis
ghaziabad,maruti suzuki,baleno,zeta 1.2,66014,2015,416000,petrol,1,white,hatchback,manual,2015,11,maruti suzuki_baleno
ghaziabad,maruti suzuki,swift,zxi,48482,2014,376000,petrol,1,grey,hatchback,manual,2014,12,maruti suzuki_swift
ghaziabad,tata,tiago,xz plus dual tone roof,64829,2019,467000,petrol,1,orange,hatchback,manual,2019,7,tata_tiago
ghaziabad,tata,tiago,revotron xz,54377,2019,435000,petrol,1,white,hatchback,manual,2020,7,tata_tiago
ghaziabad,maruti suzuki,celerio,zxi amt,66241,2018,411000,petrol,1,grey,hatchback,automatic,2018,8,maruti suzuki_celerio
ghaziabad,hyundai,grand i10,asta 1.2 kappa vtvt,89715,2013,275000,petrol,1,red,hatchback,manual,2013,13,hyundai_grand i10
ghaziabad,volkswagen,polo,highline1.2l (p),61037,2015,379000,petrol,2,red,hatchback,manual,2015,11,volkswagen_polo
ghaziabad,honda,city,sv,62838,2014,429000,petrol,1,brown,sedan,manual,2014,12,honda_city
ghaziabad,maruti suzuki,swift,vxi amt,43021,2019,549000,petrol,1,white,hatchback,automatic,2019,7,maruti suzuki_swift
ghaziabad,hyundai,aura,sx 1.2 (o) crdi,121845,2020,578000,diesel,1,brown,sedan,manual,2020,6,hyundai_aura
ghaziabad,maruti suzuki,swift,zxi amt,122578,2018,494000,petrol,1,red,hatchback,automatic,2018,8,maruti suzuki_swift
ghaziabad,honda,wr-v,vx mt diesel,99838,2020,770000,diesel,1,white,suv,manual,2020,6,honda_wr-v
ghaziabad,volkswagen,polo,highline plus 1.0 (p) 16 alloy,41048,2018,577000,petrol,1,red,hatchback,manual,2018,8,volkswagen_polo
ghaziabad,maruti suzuki,dzire,zxi amt,28784,2017,561000,petrol,1,blue,sedan,automatic,2017,9,maruti suzuki_dzire
ghaziabad,ford,ecosport,trend 1.5l ti-vct,61383,2018,550000,petrol,1,grey,suv,manual,2018,8,ford_ecosport
ghaziabad,tata,tiago,revotron xe,124077,2017,289000,petrol,1,silver,hatchback,manual,2017,9,tata_tiago
ghaziabad,honda,amaze,1.2 vx i-vtec,73441,2013,295000,petrol,1,white,sedan,manual,2013,13,honda_amaze
ghaziabad,maruti suzuki,grand vitara,alpha plus intelligent hybrid ecvt,48993,2023,1622000,hybrid,1,blue,suv,automatic,2023,3,maruti suzuki_grand vitara
ghaziabad,maruti suzuki,wagon r,lxi 1.0 cng,79754,2021,452000,cng,1,white,hatchback,manual,2021,5,maruti suzuki_wagon r
ghaziabad,tata,tiago,revotron xza,50821,2018,447000,petrol,1,white,hatchback,automatic,2018,8,tata_tiago
ghaziabad,tata,tiago,xza plus dual tone,37324,2020,499000,petrol,2,blue,hatchback,automatic,2020,6,tata_tiago
ghaziabad,hyundai,eon,era +,47434,2016,231000,petrol,2,silver,hatchback,manual,2016,10,hyundai_eon
ghaziabad,maruti suzuki,baleno,sigma 1.2,40186,2017,401000,petrol,1,blue,hatchback,manual,2017,9,maruti suzuki_baleno
ghaziabad,toyota,corolla altis,vl cvt petrol,117684,2018,925000,petrol,1,brown,sedan,automatic,2019,8,toyota_corolla altis
ghaziabad,kia,sonet,htx 1.0 imt,41729,2021,864000,petrol,1,black,suv,manual,2021,5,kia_sonet
ghaziabad,honda,amaze,1.2 vx mt petrol,48600,2020,626000,petrol,1,white,sedan,manual,2020,6,honda_amaze
ghaziabad,hyundai,creta,sx opt turbo dct petrol,72130,2022,1468398,petrol,1,black,suv,automatic,2022,4,hyundai_creta
ghaziabad,hyundai,fluidic verna 4s,1.6 vtvt sx at,45056,2016,588000,petrol,2,black,sedan,automatic,2016,10,hyundai_fluidic verna 4s
ghaziabad,hyundai,verna,fluidic 1.6 vtvt sx,76633,2013,354000,petrol,2,white,sedan,manual,2013,13,hyundai_verna
ghaziabad,hyundai,grand i10,asta 1.2 kappa vtvt,53418,2015,376000,petrol,1,silver,hatchback,manual,2015,11,hyundai_grand i10
ghaziabad,honda,amaze,vx cvt 1.2 petrol,20402,2023,839000,petrol,1,white,sedan,automatic,2023,3,honda_amaze
ghaziabad,mg motors,hector,sharp 2.0 diesel turbo mt,46161,2021,1455215,diesel,1,black,suv,manual,2021,5,mg motors_hector
ghaziabad,ford,ecosport,titanium 1.5l ti-vct,63105,2019,662000,petrol,1,grey,suv,manual,2019,7,ford_ecosport
ghaziabad,maruti suzuki,ciaz,zxi+ at,87237,2016,545000,petrol,1,grey,sedan,automatic,2016,10,maruti suzuki_ciaz
ghaziabad,honda,city,v petrol,44701,2017,660000,petrol,1,white,sedan,manual,2017,9,honda_city
ghaziabad,maruti suzuki,new ertiga,vxi at,59824,2019,787000,petrol,1,red,muv,automatic,2019,7,maruti suzuki_new ertiga
ghaziabad,maruti suzuki,s-presso,vxi plus,55386,2020,364000,petrol,1,white,hatchback,manual,2020,6,maruti suzuki_s-presso
ghaziabad,maruti suzuki,baleno,zeta 1.2 at,48763,2017,475000,petrol,2,silver,hatchback,automatic,2017,9,maruti suzuki_baleno
ghaziabad,honda,city,v,58892,2014,422000,petrol,2,silver,sedan,manual,2014,12,honda_city
ghaziabad,renault,kwid,rxl,60718,2020,315000,petrol,1,red,hatchback,manual,2020,6,renault_kwid
ghaziabad,hyundai,aura,sx 1.2 cng,15197,2023,785000,cng,1,white,sedan,manual,2023,3,hyundai_aura
ghaziabad,renault,kwid,rxl (o) 0.8,22987,2022,394000,petrol,1,white,hatchback,manual,2022,4,renault_kwid
ghaziabad,hyundai,creta,1.6 sx plus petrol,113215,2016,595000,petrol,1,red,suv,manual,2016,10,hyundai_creta
ghaziabad,hyundai,creta,1.6 sx at vtvt,58017,2019,974000,petrol,1,black,suv,automatic,2019,7,hyundai_creta
ghaziabad,mahindra,thar,lx hard top petrol at 4wd,48885,2023,1362393,petrol,1,black,suv,automatic,2023,3,mahindra_thar
ghaziabad,maruti suzuki,vitara brezza,zxi plus at dual tone,38718,2020,819000,petrol,2,red,suv,automatic,2020,6,maruti suzuki_vitara brezza
ghaziabad,honda,city,vx petrol,66738,2022,975000,petrol,1,grey,sedan,manual,2022,4,honda_city
ghaziabad,hyundai,grand i10,magna 1.2 kappa vtvt,27991,2016,368000,petrol,1,grey,hatchback,manual,2016,10,hyundai_grand i10
ghaziabad,maruti suzuki,dzire,vxi amt,87094,2018,512000,petrol,1,red,sedan,automatic,2018,8,maruti suzuki_dzire
ghaziabad,honda,city,vx (o) mt,66443,2015,540000,petrol,1,grey,sedan,manual,2015,11,honda_city
ghaziabad,maruti suzuki,brezza,zxi dual tone,43527,2023,976000,petrol,1,red,suv,manual,2023,3,maruti suzuki_brezza
ghaziabad,hyundai,eon,d-lite +,31613,2015,225000,petrol,1,silver,hatchback,manual,2015,11,hyundai_eon
ghaziabad,tata,punch,accomplished mt,79603,2021,556000,petrol,1,white,suv,manual,2021,5,tata_punch
ghaziabad,hyundai,venue,sx plus 1.0 turbo dct,64553,2019,797000,petrol,1,red,suv,automatic,2019,7,hyundai_venue
ghaziabad,hyundai,verna,fluidic 1.6 vtvt ex,96979,2013,297000,petrol,1,beige,sedan,manual,2013,13,hyundai_verna
ghaziabad,maruti suzuki,swift,vxi amt,52223,2022,549000,petrol,2,grey,hatchback,automatic,2023,4,maruti suzuki_swift
ghaziabad,mahindra,thar,lx hard top petrol at 4wd,31269,2022,1366433,petrol,1,beige,suv,automatic,2022,4,mahindra_thar
ghaziabad,hyundai,elite i20,sportz 1.2,74094,2017,479000,petrol,1,red,hatchback,manual,2017,9,hyundai_elite i20
ghaziabad,honda,city,vx cvt petrol,55015,2022,1085608,petrol,1,grey,sedan,automatic,2022,4,honda_city
ghaziabad,maruti suzuki,fronx,alpha 1.0l turbo mt,14392,2023,1045224,petrol,1,white,suv,manual,2023,3,maruti suzuki_fronx
ghaziabad,maruti suzuki,dzire,vxi,13760,2022,642000,petrol,1,blue,sedan,manual,2022,4,maruti suzuki_dzire
ghaziabad,maruti suzuki,dzire,vxi,34586,2018,505000,petrol,1,silver,sedan,manual,2018,8,maruti suzuki_dzire
ghaziabad,tata,punch,adventure amt,45604,2022,595000,petrol,1,orange,suv,automatic,2022,4,tata_punch
ghaziabad,honda,city,vx petrol,20453,2022,1090703,petrol,1,white,sedan,manual,2022,4,honda_city
ghaziabad,maruti suzuki,wagon r 1.0,lxi cng,54464,2013,265000,petrol+cng,1,grey,hatchback,manual,2013,13,maruti suzuki_wagon r 1.0
ghaziabad,datsun,redi-go,t,43941,2016,182000,petrol,2,grey,hatchback,manual,2018,10,datsun_redi-go
ghaziabad,maruti suzuki,baleno,alpha mt,25963,2022,708000,petrol,2,blue,hatchback,manual,2022,4,maruti suzuki_baleno
ghaziabad,maruti suzuki,swift,vxi,28267,2014,298000,petrol,2,grey,hatchback,manual,2014,12,maruti suzuki_swift
ghaziabad,hyundai,aura,sx 1.2 petrol,22325,2022,670000,petrol,1,white,sedan,manual,2022,4,hyundai_aura
ghaziabad,tata,nexon,xz petrol,45086,2019,613000,petrol,1,silver,suv,manual,2019,7,tata_nexon
ghaziabad,honda,amaze,1.2 v mt petrol,58245,2020,588000,petrol,1,silver,sedan,manual,2020,6,honda_amaze
ghaziabad,hyundai,elite i20,asta 1.2,119647,2018,519000,petrol,1,silver,hatchback,manual,2018,8,hyundai_elite i20
ghaziabad,renault,kwid,rxl,73425,2020,306000,petrol,1,red,hatchback,manual,2020,6,renault_kwid
ghaziabad,honda,city,v,35716,2016,540000,petrol,1,bronze,sedan,manual,2016,10,honda_city
ghaziabad,volkswagen,ameo,comfortline 1.2l (p),38414,2016,370000,petrol,1,brown,sedan,manual,2016,10,volkswagen_ameo
ghaziabad,maruti suzuki,wagon r 1.0,lxi cng,77263,2013,240000,petrol+cng,1,silver,hatchback,manual,2013,13,maruti suzuki_wagon r 1.0
ghaziabad,maruti suzuki,celerio,zxi,26780,2024,566000,petrol,1,grey,hatchback,manual,2024,2,maruti suzuki_celerio
ghaziabad,datsun,redi-go,t (o),28225,2017,191000,petrol,3,red,hatchback,manual,2018,9,datsun_redi-go
ghaziabad,maruti suzuki,baleno,zeta ags,5802,2023,797000,petrol,1,white,hatchback,automatic,2023,3,maruti suzuki_baleno
ghaziabad,hyundai,i20 active,1.2 s,63004,2015,430000,petrol,1,brown,crossover,manual,2015,11,hyundai_i20 active
ghaziabad,maruti suzuki,baleno,alpha mt,45299,2022,729000,petrol,1,grey,hatchback,manual,2022,4,maruti suzuki_baleno
ghaziabad,toyota,glanza,g,31079,2022,689000,petrol,1,blue,hatchback,manual,2022,4,toyota_glanza
ghaziabad,hyundai,new santro 1.1,magna cng,61381,2019,428000,petrol+cng,1,beige,hatchback,manual,2019,7,hyundai_new santro 1.1
ghaziabad,maruti suzuki,s-cross,zeta at,83063,2020,730000,petrol,1,grey,suv,automatic,2020,6,maruti suzuki_s-cross
ghaziabad,maruti suzuki,wagon r 1.0,lxi cng,50658,2013,249000,petrol+cng,1,red,hatchback,manual,2013,13,maruti suzuki_wagon r 1.0
ghaziabad,tata,tigor,revotron xz+ cng,84773,2022,596000,petrol+cng,1,white,sedan,manual,2022,4,tata_tigor
ghaziabad,kia,seltos,htx ivt g,102562,2019,977000,petrol,1,grey,suv,automatic,2019,7,kia_seltos
ghaziabad,mahindra,thar,lx hard top petrol at 4wd,43325,2021,1252205,petrol,1,grey,suv,automatic,2021,5,mahindra_thar
ghaziabad,tata,punch,creative amt dual tone,26105,2023,814000,petrol,1,grey,suv,automatic,2023,3,tata_punch
ghaziabad,tata,nexon,xz plus (o),88659,2021,756000,petrol,1,grey,suv,manual,2021,5,tata_nexon
ghaziabad,kia,sonet,htx plus 1.0 imt,48799,2022,972000,petrol,1,black,suv,manual,2022,4,kia_sonet
ghaziabad,maruti suzuki,s-presso,vxi (o) amt,1175,2025,548000,petrol,1,silver,hatchback,automatic,2025,1,maruti suzuki_s-presso
ghaziabad,maruti suzuki,alto k10,vxi,65440,2016,256000,petrol,2,maroon,hatchback,manual,2016,10,maruti suzuki_alto k10
ghaziabad,volkswagen,polo,highline1.2l (p),96976,2013,289000,petrol,1,white,hatchback,manual,2013,13,volkswagen_polo
ghaziabad,mahindra,thar,lx hard top petrol at 4wd,45789,2022,1284525,petrol,1,black,suv,automatic,2022,4,mahindra_thar
ghaziabad,volkswagen,polo,comfortline 1.2l (p),90709,2016,393000,petrol,1,white,hatchback,manual,2016,10,volkswagen_polo
ghaziabad,maruti suzuki,new ertiga,zxi at,93757,2019,791000,petrol,1,red,muv,automatic,2019,7,maruti suzuki_new ertiga
ghaziabad,maruti suzuki,wagon r 1.0,lxi cng (outside fitted),72340,2016,289000,cng,1,grey,hatchback,manual,2016,10,maruti suzuki_wagon r 1.0
ghaziabad,tata,altroz,xza+,20224,2022,798000,petrol,1,white,hatchback,automatic,2022,4,tata_altroz
ghaziabad,hyundai,verna,1.6 vtvt sx opt cng (outside fitted),44604,2011,270000,cng,2,purple,sedan,manual,2011,15,hyundai_verna
ghaziabad,maruti suzuki,swift,vxi,31672,2014,320000,petrol,1,red,hatchback,manual,2014,12,maruti suzuki_swift
ghaziabad,hyundai,elite i20,sportz 1.2 (o),81926,2015,423000,petrol,1,silver,hatchback,manual,2015,11,hyundai_elite i20
ghaziabad,mahindra,thar,lx hard top petrol at 4wd,74639,2021,1168375,petrol,1,grey,suv,automatic,2021,5,mahindra_thar
ghaziabad,maruti suzuki,ertiga,vxi,79603,2016,561000,petrol,1,grey,muv,manual,2016,10,maruti suzuki_ertiga
ghaziabad,honda,jazz,s mt,79848,2017,382000,petrol,1,white,hatchback,manual,2017,9,honda_jazz
ghaziabad,maruti suzuki,baleno,zeta,31350,2019,570000,petrol,1,blue,hatchback,manual,2019,7,maruti suzuki_baleno
ghaziabad,maruti suzuki,dzire,vxi,39613,2018,499000,petrol,1,white,sedan,manual,2018,8,maruti suzuki_dzire
ghaziabad,ford,ecosport,titanium 1.5l ti-vct,54517,2017,553000,petrol,1,silver,suv,manual,2017,9,ford_ecosport
ghaziabad,honda,wr-v,vx mt petrol,32736,2018,646000,petrol,1,white,suv,manual,2018,8,honda_wr-v
ghaziabad,hyundai,grand i10 nios,sportz 1.2 kappa vtvt,119512,2022,506000,petrol,1,blue,hatchback,manual,2022,4,hyundai_grand i10 nios
ghaziabad,honda,wr-v,vx mt petrol,31297,2018,639000,petrol,1,orange,suv,manual,2018,8,honda_wr-v
ghaziabad,maruti suzuki,new ertiga,zxi plus,62081,2019,775000,petrol,1,red,muv,manual,2019,7,maruti suzuki_new ertiga
ghaziabad,hyundai,venue,sx 1.0  turbo,27035,2021,821000,petrol,1,white,suv,manual,2021,5,hyundai_venue
ghaziabad,tata,tigor,revotron xz cng,64155,2022,557000,petrol+cng,1,white,sedan,manual,2022,4,tata_tigor
ghaziabad,tata,tigor,revotron xz+ cng,52369,2022,649000,petrol+cng,1,red,sedan,manual,2022,4,tata_tigor
ghaziabad,maruti suzuki,eeco,5 str ac (o) cng,43090,2022,519000,petrol+cng,1,white,muv,manual,2022,4,maruti suzuki_eeco
ghaziabad,maruti suzuki,swift dzire,vxi,100767,2012,220000,petrol,1,silver,sedan,manual,2012,14,maruti suzuki_swift dzire
ghaziabad,maruti suzuki,baleno,sigma,18023,2021,527000,petrol,1,grey,hatchback,manual,2021,5,maruti suzuki_baleno
ghaziabad,maruti suzuki,dzire,vxi,90631,2018,465000,petrol,1,white,sedan,manual,2018,8,maruti suzuki_dzire
ghaziabad,ford,ecosport,titanium 1.5 ti-vct at,72184,2014,397000,petrol,2,silver,suv,automatic,2014,12,ford_ecosport
ghaziabad,hyundai,elite i20,magna executive 1.2,48116,2017,457000,petrol,1,white,hatchback,manual,2017,9,hyundai_elite i20
ghaziabad,hyundai,fluidic verna 4s,1.6 vtvt sx opt,57275,2015,515000,petrol,1,white,sedan,manual,2015,11,hyundai_fluidic verna 4s
ghaziabad,honda,city,vx,48355,2016,586000,petrol,1,white,sedan,manual,2016,10,honda_city
ghaziabad,renault,kiger,rxz turbo cvt,23471,2022,767000,petrol,2,maroon,suv,automatic,2022,4,renault_kiger
ghaziabad,hyundai,creta,sx opt turbo dct petrol,49767,2023,1579000,petrol,1,white,suv,automatic,2023,3,hyundai_creta
ghaziabad,maruti suzuki,alto k10,vxi,60253,2018,308000,petrol,1,silver,hatchback,manual,2018,8,maruti suzuki_alto k10
ghaziabad,maruti suzuki,swift dzire,vxi,48745,2015,397000,petrol,1,grey,sedan,manual,2015,11,maruti suzuki_swift dzire
ghaziabad,maruti suzuki,baleno,sigma mt,5397,2024,672000,petrol,1,blue,hatchback,manual,2024,2,maruti suzuki_baleno
ghaziabad,hyundai,grand i10,sportz 1.2 kappa vtvt,8596,2019,503000,petrol,1,silver,hatchback,manual,2019,7,hyundai_grand i10
ghaziabad,maruti suzuki,swift,zxi plus,49366,2022,656000,petrol,1,silver,hatchback,manual,2022,4,maruti suzuki_swift
ghaziabad,honda,jazz,v at petrol,33935,2016,475000,petrol,1,white,hatchback,automatic,2016,10,honda_jazz
ghaziabad,honda,city,zx petrol,31824,2022,1160348,petrol,1,white,sedan,manual,2022,4,honda_city
ghaziabad,hyundai,elite i20,sportz 1.2,44574,2016,441000,petrol,2,silver,hatchback,manual,2017,10,hyundai_elite i20
ghaziabad,maruti suzuki,baleno,alpha 1.2,77959,2018,503000,petrol,1,blue,hatchback,manual,2018,8,maruti suzuki_baleno
ghaziabad,hyundai,eon,magna +,44761,2016,250000,petrol,2,grey,hatchback,manual,2016,10,hyundai_eon
ghaziabad,renault,kwid,1.0 rxt amt,16495,2018,308000,petrol,2,bronze,hatchback,automatic,2018,8,renault_kwid
ghaziabad,honda,jazz,v at petrol,93087,2015,334000,petrol,3,maroon,hatchback,automatic,2015,11,honda_jazz
ghaziabad,tata,nexon,xza plus amt petrol,30298,2019,744000,petrol,1,red,suv,automatic,2019,7,tata_nexon
ghaziabad,honda,amaze,vx cvt 1.2 petrol,31381,2022,775000,petrol,1,brown,sedan,automatic,2022,4,honda_amaze
ghaziabad,maruti suzuki,baleno,alpha 1.2,21944,2018,587000,petrol,1,blue,hatchback,manual,2018,8,maruti suzuki_baleno
ghaziabad,hyundai,creta,1.6 sx plus auto petrol,57914,2016,737000,petrol,1,blue,suv,automatic,2016,10,hyundai_creta
ghaziabad,maruti suzuki,fronx,alpha 1.0l turbo mt,23669,2023,1049000,petrol,1,white,suv,manual,2023,3,maruti suzuki_fronx
ghaziabad,kia,sonet,htx plus 1.0 imt,50122,2021,903000,petrol,1,grey,suv,manual,2021,5,kia_sonet
ghaziabad,toyota,corolla altis,g petrol,67458,2016,610000,petrol,2,white,sedan,manual,2016,10,toyota_corolla altis
ghaziabad,renault,kwid,climber 1.0 amt,17146,2018,295000,petrol,3,grey,hatchback,automatic,2018,8,renault_kwid
ghaziabad,maruti suzuki,wagon r,lxi (o) 1.0 cng,78636,2021,441000,cng,1,grey,hatchback,manual,2021,5,maruti suzuki_wagon r
ghaziabad,honda,city,1.5 s mt,72670,2013,305000,petrol,2,white,sedan,manual,2013,13,honda_city
ghaziabad,maruti suzuki,ciaz,sigma 1.5,17563,2023,759000,petrol,1,blue,sedan,manual,2023,3,maruti suzuki_ciaz
ghaziabad,honda,city,zx cvt,97530,2017,740000,petrol,1,white,sedan,automatic,2017,9,honda_city
ghaziabad,hyundai,verna,sx 1.6 vtvt,41819,2019,716000,petrol,2,silver,sedan,manual,2019,7,hyundai_verna
ghaziabad,tata,nexon,xza plus amt petrol,71813,2019,659000,petrol,1,orange,suv,automatic,2020,7,tata_nexon
ghaziabad,maruti suzuki,wagon r 1.0,lxi (o) cng,44365,2021,502000,petrol+cng,1,grey,hatchback,manual,2021,5,maruti suzuki_wagon r 1.0
ghaziabad,hyundai,elite i20,asta 1.2,48560,2015,443000,petrol,1,red,hatchback,manual,2015,11,hyundai_elite i20
ghaziabad,tata,nexon,xza plus diesel,33494,2022,883000,diesel,1,white,suv,automatic,2022,4,tata_nexon
ghaziabad,hyundai,verna,sx opt ivt petrol,79240,2022,1142213,petrol,1,black,sedan,automatic,2022,4,hyundai_verna
ghaziabad,tata,tiago,revotron xz plus cng,40858,2022,624000,petrol+cng,1,white,hatchback,manual,2022,4,tata_tiago
ghaziabad,tata,tiago nrg,xz amt,31814,2021,580000,petrol,1,grey,hatchback,automatic,2022,5,tata_tiago nrg
ghaziabad,honda,city,1.5 s mt,35025,2012,297000,petrol,1,brown,sedan,manual,2012,14,honda_city
ghaziabad,maruti suzuki,wagon r 1.0,vxi,27758,2016,322000,petrol,1,white,hatchback,manual,2016,10,maruti suzuki_wagon r 1.0
ghaziabad,hyundai,grand i10,sportz (o) at 1.2 kappa vtvt,62751,2017,435000,petrol,2,red,hatchback,automatic,2018,9,hyundai_grand i10
ghaziabad,maruti suzuki,alto 800,lxi,63618,2017,256000,petrol,1,white,hatchback,manual,2017,9,maruti suzuki_alto 800
ghaziabad,maruti suzuki,swift dzire,vxi,77836,2016,354000,petrol,2,white,sedan,manual,2016,10,maruti suzuki_swift dzire
ghaziabad,hyundai,venue,sx 1.0  turbo imt,84672,2022,773000,petrol,1,blue,suv,manual,2022,4,hyundai_venue
ghaziabad,tata,tiago,revotron xz plus,44307,2019,488000,petrol,1,grey,hatchback,manual,2019,7,tata_tiago
ghaziabad,honda,city,sv petrol,44003,2019,721000,petrol,1,silver,sedan,manual,2019,7,honda_city
ghaziabad,honda,amaze,1.2 e mt petrol,26744,2019,461000,petrol,1,white,sedan,manual,2019,7,honda_amaze
ghaziabad,hyundai,grand i10,sportz 1.2 kappa vtvt,18737,2019,508000,petrol,1,grey,hatchback,manual,2019,7,hyundai_grand i10
ghaziabad,tata,altroz,xz plus 1.5,24060,2023,838000,diesel,1,grey,hatchback,manual,2023,3,tata_altroz
ghaziabad,maruti suzuki,ciaz,zeta 1.4 at,67620,2017,607000,petrol,1,grey,sedan,automatic,2017,9,maruti suzuki_ciaz
ghaziabad,hyundai,new santro 1.1,asta mt,38664,2018,422000,petrol,1,golden,hatchback,manual,2018,8,hyundai_new santro 1.1
ghaziabad,hyundai,verna,sx 1.6 vtvt,63102,2019,783000,petrol,1,silver,sedan,manual,2019,7,hyundai_verna
ghaziabad,maruti suzuki,ciaz,zxi+,63014,2016,513000,petrol,1,silver,sedan,manual,2016,10,maruti suzuki_ciaz
ghaziabad,honda,city,vx,45056,2019,825000,petrol,1,silver,sedan,manual,2019,7,honda_city
ghaziabad,hyundai,new i20,asta 1.0 turbo imt,39129,2021,751000,petrol,1,white,hatchback,manual,2021,5,hyundai_new i20
ghaziabad,mahindra,scorpio,s5 2wd 7 str,50376,2020,1049195,diesel,1,white,suv,manual,2020,6,mahindra_scorpio
ghaziabad,mahindra,scorpio,s5,67097,2021,1070405,diesel,1,white,suv,manual,2021,5,mahindra_scorpio
ghaziabad,hyundai,elite i20,asta 1.2,41624,2018,552000,petrol,1,white,hatchback,manual,2018,8,hyundai_elite i20
ghaziabad,mahindra,scorpio n,z8 l 4wd diesel 7 str,32303,2023,2081513,diesel,1,green,suv,manual,2023,3,mahindra_scorpio n
ghaziabad,skoda,slavia,ambition 1.0l tsi mt,26125,2022,1043000,petrol,1,white,sedan,manual,2022,4,skoda_slavia
ghaziabad,tata,tiago,revotron xz,55282,2016,349000,petrol,1,white,hatchback,manual,2016,10,tata_tiago
ghaziabad,kia,seltos,gtx plus,28072,2019,1232103,petrol,1,grey,suv,manual,2019,7,kia_seltos
ghaziabad,mg motors,hector plus,sharp 1.5 petrol turbo cvt 6-str,25945,2022,1352293,petrol,2,black,suv,automatic,2023,4,mg motors_hector plus
ghaziabad,renault,triber,rxz,4623,2024,742000,petrol,1,black,muv,manual,2024,2,renault_triber
ghaziabad,maruti suzuki,celerio,zxi,20639,2017,346000,petrol,2,silver,hatchback,manual,2017,9,maruti suzuki_celerio
ghaziabad,skoda,rapid new,style petrol,22833,2017,579000,petrol,1,white,sedan,manual,2017,9,skoda_rapid new
ghaziabad,toyota,corolla altis,vl at petrol,12615,2016,795000,petrol,1,white,sedan,automatic,2016,10,toyota_corolla altis
ghaziabad,maruti suzuki,swift,vxi,42446,2018,474000,petrol,1,blue,hatchback,manual,2018,8,maruti suzuki_swift
ghaziabad,maruti suzuki,alto k10,vxi cng (outside fitted),57211,2015,268000,cng,1,silver,hatchback,manual,2015,11,maruti suzuki_alto k10
ghaziabad,skoda,rapid,ambition at,19246,2021,862000,petrol,1,white,sedan,automatic,2021,5,skoda_rapid
ghaziabad,honda,amaze,s mt 1.2 petrol,11201,2023,675000,petrol,1,brown,sedan,manual,2023,3,honda_amaze
ghaziabad,honda,jazz,v at petrol,77420,2015,420000,petrol,1,orange,hatchback,automatic,2015,11,honda_jazz
ghaziabad,hyundai,alcazar,platinum 7 str 2.0 petrol,11832,2022,1494605,petrol,1,white,suv,manual,2022,4,hyundai_alcazar
ghaziabad,maruti suzuki,wagon r 1.2,vxi (o) 1.2,16517,2019,448000,petrol,1,silver,hatchback,manual,2019,7,maruti suzuki_wagon r 1.2
ghaziabad,maruti suzuki,xl6,zeta at petrol,35552,2020,905000,petrol,1,grey,muv,automatic,2020,6,maruti suzuki_xl6
ghaziabad,hyundai,elite i20,asta 1.2,83220,2015,436000,petrol,1,blue,hatchback,manual,2015,11,hyundai_elite i20
ghaziabad,maruti suzuki,baleno,alpha ags,12680,2023,839000,petrol,1,grey,hatchback,automatic,2023,3,maruti suzuki_baleno
ghaziabad,hyundai,alcazar,signature (o) 6 str 1.5 diesel at,46698,2022,1589643,diesel,1,brown,suv,automatic,2022,4,hyundai_alcazar
ghaziabad,tata,altroz,xe petrol,12000,2022,527000,petrol,1,red,hatchback,manual,2022,4,tata_altroz
ghaziabad,maruti suzuki,wagon r 1.0,lxi 1.0,17284,2019,410000,petrol,1,silver,hatchback,manual,2019,7,maruti suzuki_wagon r 1.0
ghaziabad,maruti suzuki,baleno,sigma mt,15839,2024,651000,petrol,1,white,hatchback,manual,2024,2,maruti suzuki_baleno
ghaziabad,renault,kiger,rxz turbo cvt dual tone,21466,2022,835000,petrol,1,silver,suv,automatic,2024,4,renault_kiger
ghaziabad,maruti suzuki,alto 800,lxi,55873,2019,295000,petrol,1,white,hatchback,manual,2019,7,maruti suzuki_alto 800
ghaziabad,renault,kwid,climber 1.0,46689,2017,282000,petrol,1,blue,hatchback,manual,2017,9,renault_kwid
ghaziabad,hyundai,creta,ex petrol,44005,2022,953000,petrol,1,white,suv,manual,2022,4,hyundai_creta
ghaziabad,maruti suzuki,celerio,zxi (o) amt,9768,2020,498000,petrol,1,white,hatchback,automatic,2020,6,maruti suzuki_celerio
ghaziabad,mahindra,xuv 3xo,ax5l 1.2 petrol at,10868,2024,1292658,petrol,1,red,suv,automatic,2024,2,mahindra_xuv 3xo
ghaziabad,maruti suzuki,fronx,zeta 1.0l turbo mt,30285,2023,875000,petrol,1,blue,suv,manual,2023,3,maruti suzuki_fronx
ghaziabad,maruti suzuki,alto k10,lxi,28527,2017,285000,petrol,1,white,hatchback,manual,2017,9,maruti suzuki_alto k10
ghaziabad,maruti suzuki,alto k10,vxi plus,26354,2023,439000,petrol,1,silver,hatchback,manual,2023,3,maruti suzuki_alto k10
ghaziabad,maruti suzuki,dzire,zxi,87101,2018,502000,petrol,1,blue,sedan,manual,2018,8,maruti suzuki_dzire
ghaziabad,maruti suzuki,wagon r 1.2,zxi 1.2,74076,2021,459000,petrol,1,silver,hatchback,manual,2022,5,maruti suzuki_wagon r 1.2
ghaziabad,hyundai,venue,sx plus 1.0 turbo dct,33106,2019,836000,petrol,1,white,suv,automatic,2019,7,hyundai_venue
ghaziabad,hyundai,creta,s diesel,104834,2020,909000,diesel,1,white,suv,manual,2021,6,hyundai_creta
ghaziabad,volkswagen,ameo,1.0 highline plus petrol,15524,2019,526000,petrol,1,grey,sedan,manual,2019,7,volkswagen_ameo
ghaziabad,tata,punch,adventure rhythm pack amt,60865,2021,577000,petrol,1,grey,suv,automatic,2022,5,tata_punch
ghaziabad,maruti suzuki,dzire,vxi ags,24203,2022,659000,petrol,1,white,sedan,automatic,2022,4,maruti suzuki_dzire
ghaziabad,renault,kiger,rxz mt,20060,2024,739000,petrol,1,black,suv,manual,2024,2,renault_kiger
ghaziabad,tata,harrier,xza plus dark edition at,86820,2021,1306000,diesel,1,black,suv,automatic,2021,5,tata_harrier
ghaziabad,maruti suzuki,grand vitara,alpha plus intelligent hybrid ecvt,8455,2024,1776493,hybrid,1,grey,suv,automatic,2024,2,maruti suzuki_grand vitara
ghaziabad,maruti suzuki,swift,vxi amt,53426,2018,505000,petrol,1,white,hatchback,automatic,2018,8,maruti suzuki_swift
ghaziabad,hyundai,grand i10 nios,magna 1.2 kappa vtvt,37786,2021,485000,petrol,1,blue,hatchback,manual,2021,5,hyundai_grand i10 nios
ghaziabad,maruti suzuki,wagon r 1.2,vxi (o) 1.2,29197,2022,533000,petrol,1,silver,hatchback,manual,2022,4,maruti suzuki_wagon r 1.2
ghaziabad,hyundai,elite i20,sportz 1.2,55028,2016,451000,petrol,1,red,hatchback,manual,2016,10,hyundai_elite i20
ghaziabad,hyundai,creta,ex diesel,41780,2021,1044243,diesel,1,white,suv,manual,2021,5,hyundai_creta
